# Blender 4.3.2
# www.blender.org
o Cube.003
v 1.000000 -1.000000 -1.000000
v 1.000000 1.000000 -1.000000
v -1.000000 -1.000000 -1.000000
v -1.000000 1.000000 -1.000000
v 1.000000 0.000000 -1.000000
v -1.000000 0.000000 -1.000000
v -0.000000 1.000000 -1.000000
v -0.000000 -1.000000 -1.000000
v -0.000000 0.000000 -1.000000
v -0.500000 1.000000 -1.000000
v -0.500000 -1.000000 -1.000000
v -0.500000 0.000000 -1.000000
v 0.500000 -1.000000 -1.000000
v 0.500000 0.000000 -1.000000
v 0.500000 1.000000 -1.000000
v 1.000000 0.500000 -1.000000
v -1.000000 0.500000 -1.000000
v -0.000000 0.500000 -1.000000
v -0.500000 0.500000 -1.000000
v 0.500000 0.500000 -1.000000
v -1.000000 -0.500000 -1.000000
v 1.000000 -0.500000 -1.000000
v -0.000000 -0.500000 -1.000000
v -0.500000 -0.500000 -1.000000
v 0.500000 -0.500000 -1.000000
v 1.000000 -0.250000 -1.000000
v -0.000000 -0.250000 -1.000000
v -0.500000 -0.250000 -1.000000
v 0.500000 -0.250000 -1.000000
v -1.000000 -0.250000 -1.000000
v -1.000000 -0.750000 -1.000000
v 1.000000 -0.750000 -1.000000
v -0.000000 -0.750000 -1.000000
v -0.500000 -0.750000 -1.000000
v 0.500000 -0.750000 -1.000000
v -1.000000 0.250000 -1.000000
v 1.000000 0.250000 -1.000000
v -0.000000 0.250000 -1.000000
v -0.500000 0.250000 -1.000000
v 0.500000 0.250000 -1.000000
v 1.000000 0.750000 -1.000000
v -0.000000 0.750000 -1.000000
v -0.500000 0.750000 -1.000000
v 0.500000 0.750000 -1.000000
v -1.000000 0.750000 -1.000000
v -0.750000 1.000000 -1.000000
v -0.750000 -1.000000 -1.000000
v -0.750000 0.000000 -1.000000
v -0.750000 0.500000 -1.000000
v -0.750000 -0.500000 -1.000000
v -0.750000 -0.250000 -1.000000
v -0.750000 -0.750000 -1.000000
v -0.750000 0.250000 -1.000000
v -0.750000 0.750000 -1.000000
v -0.250000 -1.000000 -1.000000
v -0.250000 0.000000 -1.000000
v -0.250000 1.000000 -1.000000
v -0.250000 0.500000 -1.000000
v -0.250000 -0.500000 -1.000000
v -0.250000 -0.250000 -1.000000
v -0.250000 -0.750000 -1.000000
v -0.250000 0.250000 -1.000000
v -0.250000 0.750000 -1.000000
v 0.250000 1.000000 -1.000000
v 0.250000 -1.000000 -1.000000
v 0.250000 0.000000 -1.000000
v 0.250000 0.500000 -1.000000
v 0.250000 -0.500000 -1.000000
v 0.250000 -0.250000 -1.000000
v 0.250000 -0.750000 -1.000000
v 0.250000 0.250000 -1.000000
v 0.250000 0.750000 -1.000000
v 0.747847 -1.000000 -1.000000
v 0.747847 0.000000 -1.000000
v 0.747847 1.000000 -1.000000
v 0.747847 0.500000 -1.000000
v 0.747847 -0.500000 -1.000000
v 0.747847 -0.250000 -1.000000
v 0.747847 -0.750000 -1.000000
v 0.747847 0.250000 -1.000000
v 0.747847 0.750000 -1.000000
v 1.000000 0.871951 -1.000000
v -0.000000 0.871951 -1.000000
v -0.500000 0.871951 -1.000000
v 0.500000 0.871951 -1.000000
v -1.000000 0.871951 -1.000000
v -0.750000 0.871951 -1.000000
v -0.250000 0.871951 -1.000000
v 0.250000 0.871951 -1.000000
v 0.747847 0.871951 -1.000000
v -1.000000 0.625000 -1.000000
v 1.000000 0.625000 -1.000000
v -0.000000 0.625000 -1.000000
v -0.500000 0.625000 -1.000000
v 0.500000 0.625000 -1.000000
v -0.750000 0.625000 -1.000000
v -0.250000 0.625000 -1.000000
v 0.250000 0.625000 -1.000000
v 0.747847 0.625000 -1.000000
v 1.000000 0.375000 -1.000000
v -0.000000 0.375000 -1.000000
v -0.500000 0.375000 -1.000000
v 0.500000 0.375000 -1.000000
v -1.000000 0.375000 -1.000000
v -0.750000 0.375000 -1.000000
v -0.250000 0.375000 -1.000000
v 0.250000 0.375000 -1.000000
v 0.747847 0.375000 -1.000000
v -1.000000 0.125000 -1.000000
v 1.000000 0.125000 -1.000000
v -0.000000 0.125000 -1.000000
v -0.500000 0.125000 -1.000000
v 0.500000 0.125000 -1.000000
v -0.750000 0.125000 -1.000000
v -0.250000 0.125000 -1.000000
v 0.250000 0.125000 -1.000000
v 0.747847 0.125000 -1.000000
v 1.000000 -0.125000 -1.000000
v -0.000000 -0.125000 -1.000000
v -0.500000 -0.125000 -1.000000
v 0.500000 -0.125000 -1.000000
v -1.000000 -0.125000 -1.000000
v -0.750000 -0.125000 -1.000000
v -0.250000 -0.125000 -1.000000
v 0.250000 -0.125000 -1.000000
v 0.747847 -0.125000 -1.000000
v -1.000000 -0.375000 -1.000000
v 1.000000 -0.375000 -1.000000
v -0.000000 -0.375000 -1.000000
v -0.500000 -0.375000 -1.000000
v 0.500000 -0.375000 -1.000000
v -0.750000 -0.375000 -1.000000
v -0.250000 -0.375000 -1.000000
v 0.250000 -0.375000 -1.000000
v 0.747847 -0.375000 -1.000000
v 1.000000 -0.625000 -1.000000
v -0.000000 -0.625000 -1.000000
v -0.500000 -0.625000 -1.000000
v 0.500000 -0.625000 -1.000000
v -1.000000 -0.625000 -1.000000
v -0.750000 -0.625000 -1.000000
v -0.250000 -0.625000 -1.000000
v 0.250000 -0.625000 -1.000000
v 0.747847 -0.625000 -1.000000
v -1.000000 -0.875000 -1.000000
v 1.000000 -0.875000 -1.000000
v -0.000000 -0.875000 -1.000000
v -0.500000 -0.875000 -1.000000
v 0.500000 -0.875000 -1.000000
v -0.750000 -0.875000 -1.000000
v -0.250000 -0.875000 -1.000000
v 0.250000 -0.875000 -1.000000
v 0.747847 -0.875000 -1.000000
v 0.873923 -1.000000 -1.000000
v 0.873923 0.000000 -1.000000
v 0.873923 0.500000 -1.000000
v 0.873923 -0.500000 -1.000000
v 0.873923 -0.250000 -1.000000
v 0.873923 -0.750000 -1.000000
v 0.873923 0.250000 -1.000000
v 0.873923 0.750000 -1.000000
v 0.873923 1.000000 -1.000000
v 0.873923 0.871951 -1.000000
v 0.873923 0.625000 -1.000000
v 0.873923 0.375000 -1.000000
v 0.873923 0.125000 -1.000000
v 0.873923 -0.125000 -1.000000
v 0.873923 -0.375000 -1.000000
v 0.873923 -0.625000 -1.000000
v 0.873923 -0.875000 -1.000000
v 0.623923 1.000000 -1.000000
v 0.623923 -1.000000 -1.000000
v 0.623923 0.000000 -1.000000
v 0.623923 0.500000 -1.000000
v 0.623923 -0.500000 -1.000000
v 0.623923 -0.250000 -1.000000
v 0.623923 -0.750000 -1.000000
v 0.623923 0.250000 -1.000000
v 0.623923 0.750000 -1.000000
v 0.623923 0.871951 -1.000000
v 0.623923 0.625000 -1.000000
v 0.623923 0.375000 -1.000000
v 0.623923 0.125000 -1.000000
v 0.623923 -0.125000 -1.000000
v 0.623923 -0.375000 -1.000000
v 0.623923 -0.625000 -1.000000
v 0.623923 -0.875000 -1.000000
v 0.375000 -1.000000 -1.000000
v 0.375000 0.000000 -1.000000
v 0.375000 -0.500000 -1.000000
v 0.375000 -0.250000 -1.000000
v 0.375000 -0.750000 -1.000000
v 0.375000 0.250000 -1.000000
v 0.375000 0.750000 -1.000000
v 0.375000 1.000000 -1.000000
v 0.375000 0.871951 -1.000000
v 0.375000 0.625000 -1.000000
v 0.375000 0.375000 -1.000000
v 0.375000 0.125000 -1.000000
v 0.375000 -0.125000 -1.000000
v 0.375000 -0.375000 -1.000000
v 0.375000 -0.625000 -1.000000
v 0.375000 -0.875000 -1.000000
v 0.125000 1.000000 -1.000000
v 0.125000 -1.000000 -1.000000
v 0.125000 0.000000 -1.000000
v 0.125000 0.500000 -1.000000
v 0.125000 -0.500000 -1.000000
v 0.125000 -0.250000 -1.000000
v 0.125000 -0.750000 -1.000000
v 0.125000 0.250000 -1.000000
v 0.125000 0.750000 -1.000000
v 0.125000 0.871951 -1.000000
v 0.125000 0.625000 -1.000000
v 0.125000 0.375000 -1.000000
v 0.125000 0.125000 -1.000000
v 0.125000 -0.125000 -1.000000
v 0.125000 -0.375000 -1.000000
v 0.125000 -0.625000 -1.000000
v 0.125000 -0.875000 -1.000000
v -0.125000 -1.000000 -1.000000
v -0.125000 0.000000 -1.000000
v -0.125000 0.500000 -1.000000
v -0.125000 -0.500000 -1.000000
v -0.125000 -0.250000 -1.000000
v -0.125000 -0.750000 -1.000000
v -0.125000 0.250000 -1.000000
v -0.125000 0.750000 -1.000000
v -0.125000 1.000000 -1.000000
v -0.125000 0.871951 -1.000000
v -0.125000 0.625000 -1.000000
v -0.125000 0.375000 -1.000000
v -0.125000 0.125000 -1.000000
v -0.125000 -0.125000 -1.000000
v -0.125000 -0.375000 -1.000000
v -0.125000 -0.625000 -1.000000
v -0.125000 -0.875000 -1.000000
v -0.375000 1.000000 -1.000000
v -0.375000 -1.000000 -1.000000
v -0.375000 0.000000 -1.000000
v -0.375000 0.500000 -1.000000
v -0.375000 -0.500000 -1.000000
v -0.375000 -0.250000 -1.000000
v -0.375000 -0.750000 -1.000000
v -0.375000 0.250000 -1.000000
v -0.375000 0.750000 -1.000000
v -0.375000 0.871951 -1.000000
v -0.375000 0.625000 -1.000000
v -0.375000 0.375000 -1.000000
v -0.375000 0.125000 -1.000000
v -0.375000 -0.125000 -1.000000
v -0.375000 -0.375000 -1.000000
v -0.375000 -0.625000 -1.000000
v -0.375000 -0.875000 -1.000000
v -0.625000 -1.000000 -1.000000
v -0.625000 0.000000 -1.000000
v -0.625000 0.500000 -1.000000
v -0.625000 -0.500000 -1.000000
v -0.625000 -0.250000 -1.000000
v -0.625000 -0.750000 -1.000000
v -0.625000 0.250000 -1.000000
v -0.625000 0.750000 -1.000000
v -0.625000 1.000000 -1.000000
v -0.625000 0.871951 -1.000000
v -0.625000 0.625000 -1.000000
v -0.625000 0.375000 -1.000000
v -0.625000 0.125000 -1.000000
v -0.625000 -0.125000 -1.000000
v -0.625000 -0.375000 -1.000000
v -0.625000 -0.625000 -1.000000
v -0.625000 -0.875000 -1.000000
v -0.875000 1.000000 -1.000000
v -0.875000 -1.000000 -1.000000
v -0.875000 0.000000 -1.000000
v -0.875000 0.500000 -1.000000
v -0.875000 -0.500000 -1.000000
v -0.875000 -0.250000 -1.000000
v -0.875000 -0.750000 -1.000000
v -0.875000 0.250000 -1.000000
v -0.875000 0.750000 -1.000000
v -0.875000 0.871951 -1.000000
v -0.875000 0.625000 -1.000000
v -0.875000 0.375000 -1.000000
v -0.875000 0.125000 -1.000000
v -0.875000 -0.125000 -1.000000
v -0.875000 -0.375000 -1.000000
v -0.875000 -0.625000 -1.000000
v -0.875000 -0.875000 -1.000000
v 0.873923 0.000000 -1.015825
v 1.000000 0.000000 -1.015825
v -0.000000 -0.125000 -1.015825
v -0.000000 0.000000 -1.015825
v 0.623923 1.000000 -1.015825
v 0.500000 1.000000 -1.015825
v 0.500000 0.871951 -1.015825
v 0.873923 -0.500000 -1.015825
v 1.000000 -0.500000 -1.015825
v 1.000000 -0.375000 -1.015825
v 1.000000 -0.250000 -1.015825
v -0.500000 -0.375000 -1.015825
v -0.500000 -0.250000 -1.015825
v 0.873923 -0.250000 -1.015825
v 0.375000 -0.250000 -1.015825
v 0.500000 -0.250000 -1.015825
v -0.500000 -0.875000 -1.015825
v -0.500000 -0.750000 -1.015825
v -0.000000 0.125000 -1.015825
v -0.000000 0.250000 -1.015825
v -0.500000 0.125000 -1.015825
v -0.500000 0.250000 -1.015825
v 0.500000 0.125000 -1.015825
v 0.500000 0.250000 -1.015825
v -0.625000 0.250000 -1.015825
v -0.125000 0.250000 -1.015825
v 0.873923 0.250000 -1.015825
v 1.000000 0.250000 -1.015825
v -0.000000 0.625000 -1.015825
v -0.000000 0.750000 -1.015825
v 0.500000 0.625000 -1.015825
v 0.500000 0.750000 -1.015825
v -0.125000 0.750000 -1.015825
v 0.375000 0.750000 -1.015825
v -0.875000 0.000000 -1.015825
v -0.750000 0.000000 -1.015825
v -0.875000 0.750000 -1.015825
v -0.750000 0.750000 -1.015825
v -0.750000 -0.125000 -1.015825
v -0.750000 0.871951 -1.015825
v -0.750000 1.000000 -1.015825
v -0.375000 -1.000000 -1.015825
v -0.250000 -1.000000 -1.015825
v -0.375000 -0.500000 -1.015825
v -0.250000 -0.500000 -1.015825
v -0.375000 0.250000 -1.015825
v -0.250000 0.250000 -1.015825
v -0.250000 -0.625000 -1.015825
v -0.250000 -0.125000 -1.015825
v -0.250000 0.000000 -1.015825
v 0.125000 -0.500000 -1.015825
v 0.250000 -0.500000 -1.015825
v 0.125000 -0.250000 -1.015825
v 0.250000 -0.250000 -1.015825
v 0.125000 -0.750000 -1.015825
v 0.250000 -0.750000 -1.015825
v 0.250000 0.625000 -1.015825
v 0.250000 0.750000 -1.015825
v 0.250000 -0.875000 -1.015825
v 0.250000 -0.375000 -1.015825
v 0.250000 -0.625000 -1.015825
v 0.623923 -0.750000 -1.015825
v 0.747847 -0.750000 -1.015825
v 0.623923 0.250000 -1.015825
v 0.747847 0.250000 -1.015825
v 0.747847 0.125000 -1.015825
v 0.747847 -0.875000 -1.015825
v 0.747847 0.375000 -1.015825
v 0.747847 0.500000 -1.015825
v -0.250000 0.750000 -1.015825
v -0.250000 0.871951 -1.015825
v 0.747847 0.750000 -1.015825
v 0.747847 0.871951 -1.015825
v 0.375000 0.871951 -1.015825
v -0.875000 0.871951 -1.015825
v 0.500000 0.500000 -1.015825
v 0.375000 0.625000 -1.015825
v -0.125000 0.625000 -1.015825
v 1.000000 0.375000 -1.015825
v -0.000000 0.375000 -1.015825
v -0.500000 0.375000 -1.015825
v -0.250000 0.375000 -1.015825
v 0.873923 0.375000 -1.015825
v -0.375000 0.375000 -1.015825
v 0.623923 0.375000 -1.015825
v -1.000000 0.250000 -1.015825
v -1.000000 0.125000 -1.015825
v 1.000000 0.125000 -1.015825
v 0.500000 0.000000 -1.015825
v 0.873923 0.125000 -1.015825
v -0.125000 0.125000 -1.015825
v -0.625000 0.125000 -1.015825
v 0.623923 0.125000 -1.015825
v 0.500000 -0.125000 -1.015825
v -0.750000 -0.250000 -1.015825
v 0.250000 -0.125000 -1.015825
v 0.747847 -0.250000 -1.015825
v 0.747847 -0.125000 -1.015825
v 0.375000 -0.125000 -1.015825
v -0.875000 -0.125000 -1.015825
v 0.500000 -0.500000 -1.015825
v 0.500000 -0.375000 -1.015825
v 0.873923 -0.375000 -1.015825
v 0.125000 -0.375000 -1.015825
v 0.747847 -0.625000 -1.015825
v 0.125000 -0.625000 -1.015825
v -0.375000 -0.625000 -1.015825
v -0.750000 -1.000000 -1.015825
v -0.750000 -0.875000 -1.015825
v -0.250000 -0.875000 -1.015825
v 0.623923 -0.875000 -1.015825
v -0.375000 -0.875000 -1.015825
v 0.125000 -0.875000 -1.015825
v 0.873923 0.500000 -1.015825
v 0.873923 -0.750000 -1.015825
v 0.873923 0.750000 -1.015825
v 0.873923 0.871951 -1.015825
v 0.873923 -0.125000 -1.015825
v 0.873923 -0.625000 -1.015825
v 0.623923 0.000000 -1.015825
v 0.623923 0.500000 -1.015825
v 0.623923 -0.500000 -1.015825
v 0.623923 0.750000 -1.015825
v 0.623923 0.871951 -1.015825
v 0.623923 0.625000 -1.015825
v 0.623923 -0.375000 -1.015825
v 0.375000 1.000000 -1.015825
v 0.125000 0.000000 -1.015825
v 0.125000 0.250000 -1.015825
v 0.125000 0.375000 -1.015825
v 0.125000 -0.125000 -1.015825
v -0.125000 0.000000 -1.015825
v -0.125000 0.871951 -1.015825
v -0.125000 -0.125000 -1.015825
v -0.375000 -0.250000 -1.015825
v -0.375000 -0.750000 -1.015825
v -0.375000 -0.375000 -1.015825
v -0.625000 -1.000000 -1.015825
v -0.625000 -0.250000 -1.015825
v -0.625000 -0.125000 -1.015825
v -0.625000 -0.875000 -1.015825
v -0.875000 1.000000 -1.015825
v -0.875000 0.250000 -1.015825
v -0.875000 0.125000 -1.015825
v 0.500000 -0.875000 -1.034288
v 0.500000 -0.750000 -1.034288
v 0.375000 -0.750000 -1.034288
v 0.375000 1.000000 -1.034288
v 0.250000 1.000000 -1.034288
v 0.125000 0.000000 -1.034288
v 0.250000 0.000000 -1.034288
v 0.250000 0.871951 -1.034288
v 0.250000 -0.125000 -1.034288
v 0.623923 -0.500000 -1.034288
v 0.747847 -0.500000 -1.034288
v 0.747847 -0.625000 -1.034288
v -0.750000 0.250000 -1.034288
v -0.750000 0.375000 -1.034288
v 0.125000 -0.125000 -1.034288
v 0.623923 -0.625000 -1.034288
v 0.375000 -0.875000 -1.034288
v 0.375000 0.871951 -1.034288
v -0.625000 0.250000 -1.034288
v -0.625000 0.375000 -1.034288
v -1.000000 -0.875000 -1.053172
v -1.000000 -1.000000 -1.053172
v 0.873923 -1.000000 -1.053172
v 1.000000 -1.000000 -1.053172
v -1.000000 0.125000 -1.053172
v -1.000000 0.000000 -1.053172
v -0.125000 -1.000000 -1.053172
v -0.000000 -1.000000 -1.053172
v -0.625000 -1.000000 -1.053172
v -0.500000 -1.000000 -1.053172
v 0.500000 -0.125000 -1.053172
v 0.500000 0.000000 -1.053172
v -1.000000 0.625000 -1.053172
v -1.000000 0.500000 -1.053172
v -0.000000 0.375000 -1.053172
v -0.000000 0.500000 -1.053172
v -0.500000 0.375000 -1.053172
v -0.500000 0.500000 -1.053172
v 0.500000 0.375000 -1.053172
v 0.500000 0.500000 -1.053172
v 0.873923 0.500000 -1.053172
v 1.000000 0.500000 -1.053172
v -0.125000 0.500000 -1.053172
v 0.375000 0.500000 -1.053172
v -0.625000 0.500000 -1.053172
v -1.000000 -0.375000 -1.053172
v -1.000000 -0.500000 -1.053172
v 0.500000 -0.625000 -1.053172
v 0.500000 -0.500000 -1.053172
v 0.375000 -0.500000 -1.053172
v -0.000000 -0.375000 -1.053172
v -0.000000 -0.250000 -1.053172
v -0.500000 -0.375000 -1.053172
v -0.500000 -0.250000 -1.053172
v 0.500000 -0.375000 -1.053172
v 0.500000 -0.250000 -1.053172
v 0.873923 -0.250000 -1.053172
v 1.000000 -0.250000 -1.053172
v 0.375000 -0.250000 -1.053172
v -0.625000 -0.250000 -1.053172
v -1.000000 -0.625000 -1.053172
v -1.000000 -0.750000 -1.053172
v -0.000000 -0.875000 -1.053172
v -0.000000 -0.750000 -1.053172
v -0.625000 -0.750000 -1.053172
v -0.500000 -0.750000 -1.053172
v 0.375000 -0.750000 -1.053172
v 0.500000 -0.750000 -1.053172
v -0.125000 -0.750000 -1.053172
v 1.000000 0.125000 -1.053172
v 1.000000 0.250000 -1.053172
v -0.625000 0.250000 -1.053172
v -0.500000 0.250000 -1.053172
v -0.125000 0.250000 -1.053172
v -0.000000 0.250000 -1.053172
v 0.873923 0.250000 -1.053172
v -0.000000 0.625000 -1.053172
v -0.000000 0.750000 -1.053172
v -0.500000 0.625000 -1.053172
v -0.500000 0.750000 -1.053172
v -1.000000 0.871951 -1.053172
v -1.000000 0.750000 -1.053172
v -0.625000 0.750000 -1.053172
v -0.875000 -1.000000 -1.053172
v -0.750000 -1.000000 -1.053172
v -0.875000 -0.750000 -1.053172
v -0.750000 -0.750000 -1.053172
v -0.750000 -0.875000 -1.053172
v -0.375000 0.000000 -1.053172
v -0.250000 0.000000 -1.053172
v -0.375000 0.500000 -1.053172
v -0.250000 0.500000 -1.053172
v -0.375000 -0.250000 -1.053172
v -0.250000 -0.250000 -1.053172
v -0.375000 0.750000 -1.053172
v -0.250000 0.750000 -1.053172
v -0.250000 -0.375000 -1.053172
v -0.250000 -0.125000 -1.053172
v 0.125000 -1.000000 -1.053172
v 0.250000 -1.000000 -1.053172
v 0.125000 0.000000 -1.053172
v 0.250000 0.000000 -1.053172
v 0.125000 0.500000 -1.053172
v 0.250000 0.500000 -1.053172
v 0.250000 -0.375000 -1.053172
v 0.250000 -0.250000 -1.053172
v 0.250000 0.375000 -1.053172
v 0.623923 -1.000000 -1.053172
v 0.747847 -1.000000 -1.053172
v 0.623923 0.000000 -1.053172
v 0.747847 0.000000 -1.053172
v 0.623923 0.500000 -1.053172
v 0.747847 0.500000 -1.053172
v 0.623923 -0.250000 -1.053172
v 0.747847 -0.250000 -1.053172
v 0.747847 0.125000 -1.053172
v 0.747847 0.250000 -1.053172
v 0.747847 -0.375000 -1.053172
v 0.747847 -0.625000 -1.053172
v 0.747847 -0.500000 -1.053172
v 0.747847 0.375000 -1.053172
v 0.747847 0.871951 -1.053172
v 0.747847 1.000000 -1.053172
v -0.000000 0.871951 -1.053172
v -0.250000 0.871951 -1.053172
v 0.250000 0.750000 -1.053172
v 0.250000 0.871951 -1.053172
v 0.623923 0.871951 -1.053172
v -0.375000 0.871951 -1.053172
v 1.000000 0.625000 -1.053172
v 0.500000 0.625000 -1.053172
v -0.250000 0.625000 -1.053172
v 0.250000 0.625000 -1.053172
v 0.747847 0.625000 -1.053172
v 0.873923 0.625000 -1.053172
v 0.375000 0.625000 -1.053172
v -0.125000 0.625000 -1.053172
v -0.625000 0.625000 -1.053172
v -0.375000 0.625000 -1.053172
v 0.623923 0.625000 -1.053172
v -1.000000 0.375000 -1.053172
v 0.375000 0.375000 -1.053172
v -0.125000 0.375000 -1.053172
v -0.625000 0.375000 -1.053172
v 0.125000 0.375000 -1.053172
v 0.623923 0.375000 -1.053172
v -0.000000 0.000000 -1.053172
v -0.000000 0.125000 -1.053172
v -0.750000 0.000000 -1.053172
v -0.750000 0.125000 -1.053172
v -0.250000 0.125000 -1.053172
v 0.250000 0.125000 -1.053172
v 0.873923 0.125000 -1.053172
v 0.623923 0.125000 -1.053172
v 0.125000 0.125000 -1.053172
v 1.000000 -0.125000 -1.053172
v -0.500000 -0.125000 -1.053172
v -1.000000 -0.125000 -1.053172
v 0.747847 -0.125000 -1.053172
v 0.873923 -0.125000 -1.053172
v 0.623923 -0.125000 -1.053172
v -0.375000 -0.125000 -1.053172
v -0.750000 -0.500000 -1.053172
v -0.750000 -0.375000 -1.053172
v 0.375000 -0.375000 -1.053172
v -0.625000 -0.375000 -1.053172
v -0.375000 -0.375000 -1.053172
v 0.623923 -0.375000 -1.053172
v -0.000000 -0.625000 -1.053172
v -0.500000 -0.625000 -1.053172
v 0.375000 -0.625000 -1.053172
v -0.625000 -0.625000 -1.053172
v 1.000000 -0.875000 -1.053172
v -0.500000 -0.875000 -1.053172
v 0.500000 -1.000000 -1.053172
v 0.500000 -0.875000 -1.053172
v 0.250000 -0.875000 -1.053172
v 0.747847 -0.875000 -1.053172
v 0.873923 -0.875000 -1.053172
v -0.125000 -0.875000 -1.053172
v -0.625000 -0.875000 -1.053172
v 0.623923 -0.875000 -1.053172
v 0.125000 -0.875000 -1.053172
v -0.875000 -0.875000 -1.053172
v 0.873923 -0.500000 -1.053172
v 0.873923 -0.375000 -1.053172
v 0.873923 -0.625000 -1.053172
v 0.623923 1.000000 -1.053172
v 0.623923 -0.750000 -1.053172
v 0.623923 -0.625000 -1.053172
v 0.375000 0.000000 -1.053172
v 0.375000 0.750000 -1.053172
v 0.375000 0.871951 -1.053172
v 0.375000 0.125000 -1.053172
v 0.125000 -0.250000 -1.053172
v 0.125000 -0.750000 -1.053172
v 0.125000 0.750000 -1.053172
v 0.125000 0.871951 -1.053172
v 0.125000 0.625000 -1.053172
v 0.125000 -0.375000 -1.053172
v 0.125000 -0.625000 -1.053172
v -0.125000 0.000000 -1.053172
v -0.125000 0.125000 -1.053172
v -0.375000 -0.750000 -1.053172
v -0.375000 -0.625000 -1.053172
v -0.625000 0.000000 -1.053172
v -0.625000 -0.500000 -1.053172
v -0.625000 0.125000 -1.053172
v -0.875000 0.000000 -1.053172
v -0.875000 0.500000 -1.053172
v -0.875000 -0.500000 -1.053172
v -0.875000 0.750000 -1.053172
v -0.875000 0.871951 -1.053172
v -0.875000 0.625000 -1.053172
v -0.875000 0.375000 -1.053172
v -0.875000 0.125000 -1.053172
v -0.875000 -0.125000 -1.053172
v -0.875000 -0.375000 -1.053172
v -0.875000 -0.625000 -1.053172
v 1.000000 -1.000000 1.000000
v 1.000000 1.000000 1.000000
v -1.000000 -1.000000 1.000000
v -1.000000 1.000000 1.000000
v 1.000000 -0.000000 1.000000
v -1.000000 -0.000000 1.000000
v 0.000000 1.000000 1.000000
v 0.000000 -1.000000 1.000000
v 0.000000 -0.000000 1.000000
v -0.500000 1.000000 1.000000
v -0.500000 -1.000000 1.000000
v -0.500000 -0.000000 1.000000
v 0.500000 -1.000000 1.000000
v 0.500000 -0.000000 1.000000
v 0.500000 1.000000 1.000000
v 1.000000 0.500000 1.000000
v -1.000000 0.500000 1.000000
v 0.000000 0.500000 1.000000
v -0.500000 0.500000 1.000000
v 0.500000 0.500000 1.000000
v -1.000000 -0.500000 1.000000
v 1.000000 -0.500000 1.000000
v 0.000000 -0.500000 1.000000
v -0.500000 -0.500000 1.000000
v 0.500000 -0.500000 1.000000
v 1.000000 -0.250000 1.000000
v 0.000000 -0.250000 1.000000
v -0.500000 -0.250000 1.000000
v 0.500000 -0.250000 1.000000
v -1.000000 -0.250000 1.000000
v -1.000000 -0.750000 1.000000
v 1.000000 -0.750000 1.000000
v 0.000000 -0.750000 1.000000
v -0.500000 -0.750000 1.000000
v 0.500000 -0.750000 1.000000
v -1.000000 0.250000 1.000000
v 1.000000 0.250000 1.000000
v 0.000000 0.250000 1.000000
v -0.500000 0.250000 1.000000
v 0.500000 0.250000 1.000000
v 1.000000 0.750000 1.000000
v 0.000000 0.750000 1.000000
v -0.500000 0.750000 1.000000
v 0.500000 0.750000 1.000000
v -1.000000 0.750000 1.000000
v -0.750000 1.000000 1.000000
v -0.750000 -1.000000 1.000000
v -0.750000 -0.000000 1.000000
v -0.750000 0.500000 1.000000
v -0.750000 -0.500000 1.000000
v -0.750000 -0.250000 1.000000
v -0.750000 -0.750000 1.000000
v -0.750000 0.250000 1.000000
v -0.750000 0.750000 1.000000
v -0.250000 -1.000000 1.000000
v -0.250000 -0.000000 1.000000
v -0.250000 1.000000 1.000000
v -0.250000 0.500000 1.000000
v -0.250000 -0.500000 1.000000
v -0.250000 -0.250000 1.000000
v -0.250000 -0.750000 1.000000
v -0.250000 0.250000 1.000000
v -0.250000 0.750000 1.000000
v 0.250000 1.000000 1.000000
v 0.250000 -1.000000 1.000000
v 0.250000 -0.000000 1.000000
v 0.250000 0.500000 1.000000
v 0.250000 -0.500000 1.000000
v 0.250000 -0.250000 1.000000
v 0.250000 -0.750000 1.000000
v 0.250000 0.250000 1.000000
v 0.250000 0.750000 1.000000
v 0.747847 -1.000000 1.000000
v 0.747847 -0.000000 1.000000
v 0.747847 1.000000 1.000000
v 0.747847 0.500000 1.000000
v 0.747847 -0.500000 1.000000
v 0.747847 -0.250000 1.000000
v 0.747847 -0.750000 1.000000
v 0.747847 0.250000 1.000000
v 0.747847 0.750000 1.000000
v 1.000000 0.871951 1.000000
v 0.000000 0.871951 1.000000
v -0.500000 0.871951 1.000000
v 0.500000 0.871951 1.000000
v -1.000000 0.871951 1.000000
v -0.750000 0.871951 1.000000
v -0.250000 0.871951 1.000000
v 0.250000 0.871951 1.000000
v 0.747847 0.871951 1.000000
v -1.000000 0.625000 1.000000
v 1.000000 0.625000 1.000000
v 0.000000 0.625000 1.000000
v -0.500000 0.625000 1.000000
v 0.500000 0.625000 1.000000
v -0.750000 0.625000 1.000000
v -0.250000 0.625000 1.000000
v 0.250000 0.625000 1.000000
v 0.747847 0.625000 1.000000
v 1.000000 0.375000 1.000000
v 0.000000 0.375000 1.000000
v -0.500000 0.375000 1.000000
v 0.500000 0.375000 1.000000
v -1.000000 0.375000 1.000000
v -0.750000 0.375000 1.000000
v -0.250000 0.375000 1.000000
v 0.250000 0.375000 1.000000
v 0.747847 0.375000 1.000000
v -1.000000 0.125000 1.000000
v 1.000000 0.125000 1.000000
v 0.000000 0.125000 1.000000
v -0.500000 0.125000 1.000000
v 0.500000 0.125000 1.000000
v -0.750000 0.125000 1.000000
v -0.250000 0.125000 1.000000
v 0.250000 0.125000 1.000000
v 0.747847 0.125000 1.000000
v 1.000000 -0.125000 1.000000
v 0.000000 -0.125000 1.000000
v -0.500000 -0.125000 1.000000
v 0.500000 -0.125000 1.000000
v -1.000000 -0.125000 1.000000
v -0.750000 -0.125000 1.000000
v -0.250000 -0.125000 1.000000
v 0.250000 -0.125000 1.000000
v 0.747847 -0.125000 1.000000
v -1.000000 -0.375000 1.000000
v 1.000000 -0.375000 1.000000
v 0.000000 -0.375000 1.000000
v -0.500000 -0.375000 1.000000
v 0.500000 -0.375000 1.000000
v -0.750000 -0.375000 1.000000
v -0.250000 -0.375000 1.000000
v 0.250000 -0.375000 1.000000
v 0.747847 -0.375000 1.000000
v 1.000000 -0.625000 1.000000
v 0.000000 -0.625000 1.000000
v -0.500000 -0.625000 1.000000
v 0.500000 -0.625000 1.000000
v -1.000000 -0.625000 1.000000
v -0.750000 -0.625000 1.000000
v -0.250000 -0.625000 1.000000
v 0.250000 -0.625000 1.000000
v 0.747847 -0.625000 1.000000
v -1.000000 -0.875000 1.000000
v 1.000000 -0.875000 1.000000
v 0.000000 -0.875000 1.000000
v -0.500000 -0.875000 1.000000
v 0.500000 -0.875000 1.000000
v -0.750000 -0.875000 1.000000
v -0.250000 -0.875000 1.000000
v 0.250000 -0.875000 1.000000
v 0.747847 -0.875000 1.000000
v 0.873923 -1.000000 1.000000
v 0.873923 -0.000000 1.000000
v 0.873923 0.500000 1.000000
v 0.873923 -0.500000 1.000000
v 0.873923 -0.250000 1.000000
v 0.873923 -0.750000 1.000000
v 0.873923 0.250000 1.000000
v 0.873923 0.750000 1.000000
v 0.873923 1.000000 1.000000
v 0.873923 0.871951 1.000000
v 0.873923 0.625000 1.000000
v 0.873923 0.375000 1.000000
v 0.873923 0.125000 1.000000
v 0.873923 -0.125000 1.000000
v 0.873923 -0.375000 1.000000
v 0.873923 -0.625000 1.000000
v 0.873923 -0.875000 1.000000
v 0.623923 1.000000 1.000000
v 0.623923 -1.000000 1.000000
v 0.623923 -0.000000 1.000000
v 0.623923 0.500000 1.000000
v 0.623923 -0.500000 1.000000
v 0.623923 -0.250000 1.000000
v 0.623923 -0.750000 1.000000
v 0.623923 0.250000 1.000000
v 0.623923 0.750000 1.000000
v 0.623923 0.871951 1.000000
v 0.623923 0.625000 1.000000
v 0.623923 0.375000 1.000000
v 0.623923 0.125000 1.000000
v 0.623923 -0.125000 1.000000
v 0.623923 -0.375000 1.000000
v 0.623923 -0.625000 1.000000
v 0.623923 -0.875000 1.000000
v 0.375000 -1.000000 1.000000
v 0.375000 -0.000000 1.000000
v 0.375000 -0.500000 1.000000
v 0.375000 -0.250000 1.000000
v 0.375000 -0.750000 1.000000
v 0.375000 0.250000 1.000000
v 0.375000 0.750000 1.000000
v 0.375000 1.000000 1.000000
v 0.375000 0.871951 1.000000
v 0.375000 0.625000 1.000000
v 0.375000 0.375000 1.000000
v 0.375000 0.125000 1.000000
v 0.375000 -0.125000 1.000000
v 0.375000 -0.375000 1.000000
v 0.375000 -0.625000 1.000000
v 0.375000 -0.875000 1.000000
v 0.125000 1.000000 1.000000
v 0.125000 -1.000000 1.000000
v 0.125000 -0.000000 1.000000
v 0.125000 0.500000 1.000000
v 0.125000 -0.500000 1.000000
v 0.125000 -0.250000 1.000000
v 0.125000 -0.750000 1.000000
v 0.125000 0.250000 1.000000
v 0.125000 0.750000 1.000000
v 0.125000 0.871951 1.000000
v 0.125000 0.625000 1.000000
v 0.125000 0.375000 1.000000
v 0.125000 0.125000 1.000000
v 0.125000 -0.125000 1.000000
v 0.125000 -0.375000 1.000000
v 0.125000 -0.625000 1.000000
v 0.125000 -0.875000 1.000000
v -0.125000 -1.000000 1.000000
v -0.125000 -0.000000 1.000000
v -0.125000 0.500000 1.000000
v -0.125000 -0.500000 1.000000
v -0.125000 -0.250000 1.000000
v -0.125000 -0.750000 1.000000
v -0.125000 0.250000 1.000000
v -0.125000 0.750000 1.000000
v -0.125000 1.000000 1.000000
v -0.125000 0.871951 1.000000
v -0.125000 0.625000 1.000000
v -0.125000 0.375000 1.000000
v -0.125000 0.125000 1.000000
v -0.125000 -0.125000 1.000000
v -0.125000 -0.375000 1.000000
v -0.125000 -0.625000 1.000000
v -0.125000 -0.875000 1.000000
v -0.375000 1.000000 1.000000
v -0.375000 -1.000000 1.000000
v -0.375000 -0.000000 1.000000
v -0.375000 0.500000 1.000000
v -0.375000 -0.500000 1.000000
v -0.375000 -0.250000 1.000000
v -0.375000 -0.750000 1.000000
v -0.375000 0.250000 1.000000
v -0.375000 0.750000 1.000000
v -0.375000 0.871951 1.000000
v -0.375000 0.625000 1.000000
v -0.375000 0.375000 1.000000
v -0.375000 0.125000 1.000000
v -0.375000 -0.125000 1.000000
v -0.375000 -0.375000 1.000000
v -0.375000 -0.625000 1.000000
v -0.375000 -0.875000 1.000000
v -0.625000 -1.000000 1.000000
v -0.625000 -0.000000 1.000000
v -0.625000 0.500000 1.000000
v -0.625000 -0.500000 1.000000
v -0.625000 -0.250000 1.000000
v -0.625000 -0.750000 1.000000
v -0.625000 0.250000 1.000000
v -0.625000 0.750000 1.000000
v -0.625000 1.000000 1.000000
v -0.625000 0.871951 1.000000
v -0.625000 0.625000 1.000000
v -0.625000 0.375000 1.000000
v -0.625000 0.125000 1.000000
v -0.625000 -0.125000 1.000000
v -0.625000 -0.375000 1.000000
v -0.625000 -0.625000 1.000000
v -0.625000 -0.875000 1.000000
v -0.875000 1.000000 1.000000
v -0.875000 -1.000000 1.000000
v -0.875000 -0.000000 1.000000
v -0.875000 0.500000 1.000000
v -0.875000 -0.500000 1.000000
v -0.875000 -0.250000 1.000000
v -0.875000 -0.750000 1.000000
v -0.875000 0.250000 1.000000
v -0.875000 0.750000 1.000000
v -0.875000 0.871951 1.000000
v -0.875000 0.625000 1.000000
v -0.875000 0.375000 1.000000
v -0.875000 0.125000 1.000000
v -0.875000 -0.125000 1.000000
v -0.875000 -0.375000 1.000000
v -0.875000 -0.625000 1.000000
v -0.875000 -0.875000 1.000000
v 0.873923 -0.000000 1.015825
v 1.000000 -0.000000 1.015825
v 0.000000 -0.125000 1.015825
v 0.000000 -0.000000 1.015825
v 0.623923 1.000000 1.015825
v 0.500000 1.000000 1.015825
v 0.500000 0.871951 1.015825
v 0.873923 -0.500000 1.015825
v 1.000000 -0.500000 1.015825
v 1.000000 -0.375000 1.015825
v 1.000000 -0.250000 1.015825
v -0.500000 -0.375000 1.015825
v -0.500000 -0.250000 1.015825
v 0.873923 -0.250000 1.015825
v 0.375000 -0.250000 1.015825
v 0.500000 -0.250000 1.015825
v -0.500000 -0.875000 1.015825
v -0.500000 -0.750000 1.015825
v 0.000000 0.125000 1.015825
v 0.000000 0.250000 1.015825
v -0.500000 0.125000 1.015825
v -0.500000 0.250000 1.015825
v 0.500000 0.125000 1.015825
v 0.500000 0.250000 1.015825
v -0.625000 0.250000 1.015825
v -0.125000 0.250000 1.015825
v 0.873923 0.250000 1.015825
v 1.000000 0.250000 1.015825
v 0.000000 0.625000 1.015825
v 0.000000 0.750000 1.015825
v 0.500000 0.625000 1.015825
v 0.500000 0.750000 1.015825
v -0.125000 0.750000 1.015825
v 0.375000 0.750000 1.015825
v -0.875000 -0.000000 1.015825
v -0.750000 -0.000000 1.015825
v -0.875000 0.750000 1.015825
v -0.750000 0.750000 1.015825
v -0.750000 -0.125000 1.015825
v -0.750000 0.871951 1.015825
v -0.750000 1.000000 1.015825
v -0.375000 -1.000000 1.015825
v -0.250000 -1.000000 1.015825
v -0.375000 -0.500000 1.015825
v -0.250000 -0.500000 1.015825
v -0.375000 0.250000 1.015825
v -0.250000 0.250000 1.015825
v -0.250000 -0.625000 1.015825
v -0.250000 -0.125000 1.015825
v -0.250000 -0.000000 1.015825
v 0.125000 -0.500000 1.015825
v 0.250000 -0.500000 1.015825
v 0.125000 -0.250000 1.015825
v 0.250000 -0.250000 1.015825
v 0.125000 -0.750000 1.015825
v 0.250000 -0.750000 1.015825
v 0.250000 0.625000 1.015825
v 0.250000 0.750000 1.015825
v 0.250000 -0.875000 1.015825
v 0.250000 -0.375000 1.015825
v 0.250000 -0.625000 1.015825
v 0.623923 -0.750000 1.015825
v 0.747847 -0.750000 1.015825
v 0.623923 0.250000 1.015825
v 0.747847 0.250000 1.015825
v 0.747847 0.125000 1.015825
v 0.747847 -0.875000 1.015825
v 0.747847 0.375000 1.015825
v 0.747847 0.500000 1.015825
v -0.250000 0.750000 1.015825
v -0.250000 0.871951 1.015825
v 0.747847 0.750000 1.015825
v 0.747847 0.871951 1.015825
v 0.375000 0.871951 1.015825
v -0.875000 0.871951 1.015825
v 0.500000 0.500000 1.015825
v 0.375000 0.625000 1.015825
v -0.125000 0.625000 1.015825
v 1.000000 0.375000 1.015825
v 0.000000 0.375000 1.015825
v -0.500000 0.375000 1.015825
v -0.250000 0.375000 1.015825
v 0.873923 0.375000 1.015825
v -0.375000 0.375000 1.015825
v 0.623923 0.375000 1.015825
v -1.000000 0.250000 1.015825
v -1.000000 0.125000 1.015825
v 1.000000 0.125000 1.015825
v 0.500000 -0.000000 1.015825
v 0.873923 0.125000 1.015825
v -0.125000 0.125000 1.015825
v -0.625000 0.125000 1.015825
v 0.623923 0.125000 1.015825
v 0.500000 -0.125000 1.015825
v -0.750000 -0.250000 1.015825
v 0.250000 -0.125000 1.015825
v 0.747847 -0.250000 1.015825
v 0.747847 -0.125000 1.015825
v 0.375000 -0.125000 1.015825
v -0.875000 -0.125000 1.015825
v 0.500000 -0.500000 1.015825
v 0.500000 -0.375000 1.015825
v 0.873923 -0.375000 1.015825
v 0.125000 -0.375000 1.015825
v 0.747847 -0.625000 1.015825
v 0.125000 -0.625000 1.015825
v -0.375000 -0.625000 1.015825
v -0.750000 -1.000000 1.015825
v -0.750000 -0.875000 1.015825
v -0.250000 -0.875000 1.015825
v 0.623923 -0.875000 1.015825
v -0.375000 -0.875000 1.015825
v 0.125000 -0.875000 1.015825
v 0.873923 0.500000 1.015825
v 0.873923 -0.750000 1.015825
v 0.873923 0.750000 1.015825
v 0.873923 0.871951 1.015825
v 0.873923 -0.125000 1.015825
v 0.873923 -0.625000 1.015825
v 0.623923 -0.000000 1.015825
v 0.623923 0.500000 1.015825
v 0.623923 -0.500000 1.015825
v 0.623923 0.750000 1.015825
v 0.623923 0.871951 1.015825
v 0.623923 0.625000 1.015825
v 0.623923 -0.375000 1.015825
v 0.375000 1.000000 1.015825
v 0.125000 -0.000000 1.015825
v 0.125000 0.250000 1.015825
v 0.125000 0.375000 1.015825
v 0.125000 -0.125000 1.015825
v -0.125000 -0.000000 1.015825
v -0.125000 0.871951 1.015825
v -0.125000 -0.125000 1.015825
v -0.375000 -0.250000 1.015825
v -0.375000 -0.750000 1.015825
v -0.375000 -0.375000 1.015825
v -0.625000 -1.000000 1.015825
v -0.625000 -0.250000 1.015825
v -0.625000 -0.125000 1.015825
v -0.625000 -0.875000 1.015825
v -0.875000 1.000000 1.015825
v -0.875000 0.250000 1.015825
v -0.875000 0.125000 1.015825
v 0.500000 -0.875000 1.034288
v 0.500000 -0.750000 1.034288
v 0.375000 -0.750000 1.034288
v 0.375000 1.000000 1.034288
v 0.250000 1.000000 1.034288
v 0.125000 -0.000000 1.034288
v 0.250000 -0.000000 1.034288
v 0.250000 0.871951 1.034288
v 0.250000 -0.125000 1.034288
v 0.623923 -0.500000 1.034288
v 0.747847 -0.500000 1.034288
v 0.747847 -0.625000 1.034288
v -0.750000 0.250000 1.034288
v -0.750000 0.375000 1.034288
v 0.125000 -0.125000 1.034288
v 0.623923 -0.625000 1.034288
v 0.375000 -0.875000 1.034288
v 0.375000 0.871951 1.034288
v -0.625000 0.250000 1.034288
v -0.625000 0.375000 1.034288
v -1.000000 -0.875000 1.053172
v -1.000000 -1.000000 1.053172
v 0.873923 -1.000000 1.053172
v 1.000000 -1.000000 1.053172
v -1.000000 0.125000 1.053172
v -1.000000 -0.000000 1.053172
v -0.125000 -1.000000 1.053172
v 0.000000 -1.000000 1.053172
v -0.625000 -1.000000 1.053172
v -0.500000 -1.000000 1.053172
v 0.500000 -0.125000 1.053172
v 0.500000 -0.000000 1.053172
v -1.000000 0.625000 1.053172
v -1.000000 0.500000 1.053172
v 0.000000 0.375000 1.053172
v 0.000000 0.500000 1.053172
v -0.500000 0.375000 1.053172
v -0.500000 0.500000 1.053172
v 0.500000 0.375000 1.053172
v 0.500000 0.500000 1.053172
v 0.873923 0.500000 1.053172
v 1.000000 0.500000 1.053172
v -0.125000 0.500000 1.053172
v 0.375000 0.500000 1.053172
v -0.625000 0.500000 1.053172
v -1.000000 -0.375000 1.053172
v -1.000000 -0.500000 1.053172
v 0.500000 -0.625000 1.053172
v 0.500000 -0.500000 1.053172
v 0.375000 -0.500000 1.053172
v 0.000000 -0.375000 1.053172
v 0.000000 -0.250000 1.053172
v -0.500000 -0.375000 1.053172
v -0.500000 -0.250000 1.053172
v 0.500000 -0.375000 1.053172
v 0.500000 -0.250000 1.053172
v 0.873923 -0.250000 1.053172
v 1.000000 -0.250000 1.053172
v 0.375000 -0.250000 1.053172
v -0.625000 -0.250000 1.053172
v -1.000000 -0.625000 1.053172
v -1.000000 -0.750000 1.053172
v 0.000000 -0.875000 1.053172
v 0.000000 -0.750000 1.053172
v -0.625000 -0.750000 1.053172
v -0.500000 -0.750000 1.053172
v 0.375000 -0.750000 1.053172
v 0.500000 -0.750000 1.053172
v -0.125000 -0.750000 1.053172
v 1.000000 0.125000 1.053172
v 1.000000 0.250000 1.053172
v -0.625000 0.250000 1.053172
v -0.500000 0.250000 1.053172
v -0.125000 0.250000 1.053172
v 0.000000 0.250000 1.053172
v 0.873923 0.250000 1.053172
v 0.000000 0.625000 1.053172
v 0.000000 0.750000 1.053172
v -0.500000 0.625000 1.053172
v -0.500000 0.750000 1.053172
v -1.000000 0.871951 1.053172
v -1.000000 0.750000 1.053172
v -0.625000 0.750000 1.053172
v -0.875000 -1.000000 1.053172
v -0.750000 -1.000000 1.053172
v -0.875000 -0.750000 1.053172
v -0.750000 -0.750000 1.053172
v -0.750000 -0.875000 1.053172
v -0.375000 -0.000000 1.053172
v -0.250000 -0.000000 1.053172
v -0.375000 0.500000 1.053172
v -0.250000 0.500000 1.053172
v -0.375000 -0.250000 1.053172
v -0.250000 -0.250000 1.053172
v -0.375000 0.750000 1.053172
v -0.250000 0.750000 1.053172
v -0.250000 -0.375000 1.053172
v -0.250000 -0.125000 1.053172
v 0.125000 -1.000000 1.053172
v 0.250000 -1.000000 1.053172
v 0.125000 -0.000000 1.053172
v 0.250000 -0.000000 1.053172
v 0.125000 0.500000 1.053172
v 0.250000 0.500000 1.053172
v 0.250000 -0.375000 1.053172
v 0.250000 -0.250000 1.053172
v 0.250000 0.375000 1.053172
v 0.623923 -1.000000 1.053172
v 0.747847 -1.000000 1.053172
v 0.623923 -0.000000 1.053172
v 0.747847 -0.000000 1.053172
v 0.623923 0.500000 1.053172
v 0.747847 0.500000 1.053172
v 0.623923 -0.250000 1.053172
v 0.747847 -0.250000 1.053172
v 0.747847 0.125000 1.053172
v 0.747847 0.250000 1.053172
v 0.747847 -0.375000 1.053172
v 0.747847 -0.625000 1.053172
v 0.747847 -0.500000 1.053172
v 0.747847 0.375000 1.053172
v 0.747847 0.871951 1.053172
v 0.747847 1.000000 1.053172
v 0.000000 0.871951 1.053172
v -0.250000 0.871951 1.053172
v 0.250000 0.750000 1.053172
v 0.250000 0.871951 1.053172
v 0.623923 0.871951 1.053172
v -0.375000 0.871951 1.053172
v 1.000000 0.625000 1.053172
v 0.500000 0.625000 1.053172
v -0.250000 0.625000 1.053172
v 0.250000 0.625000 1.053172
v 0.747847 0.625000 1.053172
v 0.873923 0.625000 1.053172
v 0.375000 0.625000 1.053172
v -0.125000 0.625000 1.053172
v -0.625000 0.625000 1.053172
v -0.375000 0.625000 1.053172
v 0.623923 0.625000 1.053172
v -1.000000 0.375000 1.053172
v 0.375000 0.375000 1.053172
v -0.125000 0.375000 1.053172
v -0.625000 0.375000 1.053172
v 0.125000 0.375000 1.053172
v 0.623923 0.375000 1.053172
v 0.000000 -0.000000 1.053172
v 0.000000 0.125000 1.053172
v -0.750000 -0.000000 1.053172
v -0.750000 0.125000 1.053172
v -0.250000 0.125000 1.053172
v 0.250000 0.125000 1.053172
v 0.873923 0.125000 1.053172
v 0.623923 0.125000 1.053172
v 0.125000 0.125000 1.053172
v 1.000000 -0.125000 1.053172
v -0.500000 -0.125000 1.053172
v -1.000000 -0.125000 1.053172
v 0.747847 -0.125000 1.053172
v 0.873923 -0.125000 1.053172
v 0.623923 -0.125000 1.053172
v -0.375000 -0.125000 1.053172
v -0.750000 -0.500000 1.053172
v -0.750000 -0.375000 1.053172
v 0.375000 -0.375000 1.053172
v -0.625000 -0.375000 1.053172
v -0.375000 -0.375000 1.053172
v 0.623923 -0.375000 1.053172
v 0.000000 -0.625000 1.053172
v -0.500000 -0.625000 1.053172
v 0.375000 -0.625000 1.053172
v -0.625000 -0.625000 1.053172
v 1.000000 -0.875000 1.053172
v -0.500000 -0.875000 1.053172
v 0.500000 -1.000000 1.053172
v 0.500000 -0.875000 1.053172
v 0.250000 -0.875000 1.053172
v 0.747847 -0.875000 1.053172
v 0.873923 -0.875000 1.053172
v -0.125000 -0.875000 1.053172
v -0.625000 -0.875000 1.053172
v 0.623923 -0.875000 1.053172
v 0.125000 -0.875000 1.053172
v -0.875000 -0.875000 1.053172
v 0.873923 -0.500000 1.053172
v 0.873923 -0.375000 1.053172
v 0.873923 -0.625000 1.053172
v 0.623923 1.000000 1.053172
v 0.623923 -0.750000 1.053172
v 0.623923 -0.625000 1.053172
v 0.375000 -0.000000 1.053172
v 0.375000 0.750000 1.053172
v 0.375000 0.871951 1.053172
v 0.375000 0.125000 1.053172
v 0.125000 -0.250000 1.053172
v 0.125000 -0.750000 1.053172
v 0.125000 0.750000 1.053172
v 0.125000 0.871951 1.053172
v 0.125000 0.625000 1.053172
v 0.125000 -0.375000 1.053172
v 0.125000 -0.625000 1.053172
v -0.125000 -0.000000 1.053172
v -0.125000 0.125000 1.053172
v -0.375000 -0.750000 1.053172
v -0.375000 -0.625000 1.053172
v -0.625000 -0.000000 1.053172
v -0.625000 -0.500000 1.053172
v -0.625000 0.125000 1.053172
v -0.875000 -0.000000 1.053172
v -0.875000 0.500000 1.053172
v -0.875000 -0.500000 1.053172
v -0.875000 0.750000 1.053172
v -0.875000 0.871951 1.053172
v -0.875000 0.625000 1.053172
v -0.875000 0.375000 1.053172
v -0.875000 0.125000 1.053172
v -0.875000 -0.125000 1.053172
v -0.875000 -0.375000 1.053172
v -0.875000 -0.625000 1.053172
v 1.000000 1.000000 -1.000000
v 1.000000 1.000000 1.000000
v -1.000000 1.000000 -1.000000
v -1.000000 1.000000 1.000000
v 1.000000 1.000000 0.000000
v -1.000000 1.000000 0.000000
v 0.000000 1.000000 1.000000
v 0.000000 1.000000 -1.000000
v -0.000000 1.000000 0.000000
v -0.500000 1.000000 1.000000
v -0.500000 1.000000 -1.000000
v -0.500000 1.000000 0.000000
v 0.500000 1.000000 -1.000000
v 0.500000 1.000000 0.000000
v 0.500000 1.000000 1.000000
v 1.000000 1.000000 0.500000
v -1.000000 1.000000 0.500000
v -0.000000 1.000000 0.500000
v -0.500000 1.000000 0.500000
v 0.500000 1.000000 0.500000
v -1.000000 1.000000 -0.500000
v 1.000000 1.000000 -0.500000
v 0.000000 1.000000 -0.500000
v -0.500000 1.000000 -0.500000
v 0.500000 1.000000 -0.500000
v 1.000000 1.000000 -0.250000
v -0.000000 1.000000 -0.250000
v -0.500000 1.000000 -0.250000
v 0.500000 1.000000 -0.250000
v -1.000000 1.000000 -0.250000
v -1.000000 1.000000 -0.750000
v 1.000000 1.000000 -0.750000
v 0.000000 1.000000 -0.750000
v -0.500000 1.000000 -0.750000
v 0.500000 1.000000 -0.750000
v -1.000000 1.000000 0.250000
v 1.000000 1.000000 0.250000
v -0.000000 1.000000 0.250000
v -0.500000 1.000000 0.250000
v 0.500000 1.000000 0.250000
v 1.000000 1.000000 0.750000
v 0.000000 1.000000 0.750000
v -0.500000 1.000000 0.750000
v 0.500000 1.000000 0.750000
v -1.000000 1.000000 0.750000
v -0.750000 1.000000 1.000000
v -0.750000 1.000000 -1.000000
v -0.750000 1.000000 0.000000
v -0.750000 1.000000 0.500000
v -0.750000 1.000000 -0.500000
v -0.750000 1.000000 -0.250000
v -0.750000 1.000000 -0.750000
v -0.750000 1.000000 0.250000
v -0.750000 1.000000 0.750000
v -0.250000 1.000000 -1.000000
v -0.250000 1.000000 0.000000
v -0.250000 1.000000 1.000000
v -0.250000 1.000000 0.500000
v -0.250000 1.000000 -0.500000
v -0.250000 1.000000 -0.250000
v -0.250000 1.000000 -0.750000
v -0.250000 1.000000 0.250000
v -0.250000 1.000000 0.750000
v 0.250000 1.000000 1.000000
v 0.250000 1.000000 -1.000000
v 0.250000 1.000000 0.000000
v 0.250000 1.000000 0.500000
v 0.250000 1.000000 -0.500000
v 0.250000 1.000000 -0.250000
v 0.250000 1.000000 -0.750000
v 0.250000 1.000000 0.250000
v 0.250000 1.000000 0.750000
v 0.747847 1.000000 -1.000000
v 0.747847 1.000000 0.000000
v 0.747847 1.000000 1.000000
v 0.747847 1.000000 0.500000
v 0.747847 1.000000 -0.500000
v 0.747847 1.000000 -0.250000
v 0.747847 1.000000 -0.750000
v 0.747847 1.000000 0.250000
v 0.747847 1.000000 0.750000
v 1.000000 1.000000 0.871951
v 0.000000 1.000000 0.871951
v -0.500000 1.000000 0.871951
v 0.500000 1.000000 0.871951
v -1.000000 1.000000 0.871951
v -0.750000 1.000000 0.871951
v -0.250000 1.000000 0.871951
v 0.250000 1.000000 0.871951
v 0.747847 1.000000 0.871951
v -1.000000 1.000000 0.625000
v 1.000000 1.000000 0.625000
v 0.000000 1.000000 0.625000
v -0.500000 1.000000 0.625000
v 0.500000 1.000000 0.625000
v -0.750000 1.000000 0.625000
v -0.250000 1.000000 0.625000
v 0.250000 1.000000 0.625000
v 0.747847 1.000000 0.625000
v 1.000000 1.000000 0.375000
v -0.000000 1.000000 0.375000
v -0.500000 1.000000 0.375000
v 0.500000 1.000000 0.375000
v -1.000000 1.000000 0.375000
v -0.750000 1.000000 0.375000
v -0.250000 1.000000 0.375000
v 0.250000 1.000000 0.375000
v 0.747847 1.000000 0.375000
v -1.000000 1.000000 0.125000
v 1.000000 1.000000 0.125000
v -0.000000 1.000000 0.125000
v -0.500000 1.000000 0.125000
v 0.500000 1.000000 0.125000
v -0.750000 1.000000 0.125000
v -0.250000 1.000000 0.125000
v 0.250000 1.000000 0.125000
v 0.747847 1.000000 0.125000
v 1.000000 1.000000 -0.125000
v -0.000000 1.000000 -0.125000
v -0.500000 1.000000 -0.125000
v 0.500000 1.000000 -0.125000
v -1.000000 1.000000 -0.125000
v -0.750000 1.000000 -0.125000
v -0.250000 1.000000 -0.125000
v 0.250000 1.000000 -0.125000
v 0.747847 1.000000 -0.125000
v -1.000000 1.000000 -0.375000
v 1.000000 1.000000 -0.375000
v -0.000000 1.000000 -0.375000
v -0.500000 1.000000 -0.375000
v 0.500000 1.000000 -0.375000
v -0.750000 1.000000 -0.375000
v -0.250000 1.000000 -0.375000
v 0.250000 1.000000 -0.375000
v 0.747847 1.000000 -0.375000
v 1.000000 1.000000 -0.625000
v 0.000000 1.000000 -0.625000
v -0.500000 1.000000 -0.625000
v 0.500000 1.000000 -0.625000
v -1.000000 1.000000 -0.625000
v -0.750000 1.000000 -0.625000
v -0.250000 1.000000 -0.625000
v 0.250000 1.000000 -0.625000
v 0.747847 1.000000 -0.625000
v -1.000000 1.000000 -0.875000
v 1.000000 1.000000 -0.875000
v 0.000000 1.000000 -0.875000
v -0.500000 1.000000 -0.875000
v 0.500000 1.000000 -0.875000
v -0.750000 1.000000 -0.875000
v -0.250000 1.000000 -0.875000
v 0.250000 1.000000 -0.875000
v 0.747847 1.000000 -0.875000
v 0.873923 1.000000 -1.000000
v 0.873923 1.000000 0.000000
v 0.873923 1.000000 0.500000
v 0.873923 1.000000 -0.500000
v 0.873923 1.000000 -0.250000
v 0.873923 1.000000 -0.750000
v 0.873923 1.000000 0.250000
v 0.873923 1.000000 0.750000
v 0.873923 1.000000 1.000000
v 0.873923 1.000000 0.871951
v 0.873923 1.000000 0.625000
v 0.873923 1.000000 0.375000
v 0.873923 1.000000 0.125000
v 0.873923 1.000000 -0.125000
v 0.873923 1.000000 -0.375000
v 0.873923 1.000000 -0.625000
v 0.873923 1.000000 -0.875000
v 0.623923 1.000000 1.000000
v 0.623923 1.000000 -1.000000
v 0.623923 1.000000 0.000000
v 0.623923 1.000000 0.500000
v 0.623923 1.000000 -0.500000
v 0.623923 1.000000 -0.250000
v 0.623923 1.000000 -0.750000
v 0.623923 1.000000 0.250000
v 0.623923 1.000000 0.750000
v 0.623923 1.000000 0.871951
v 0.623923 1.000000 0.625000
v 0.623923 1.000000 0.375000
v 0.623923 1.000000 0.125000
v 0.623923 1.000000 -0.125000
v 0.623923 1.000000 -0.375000
v 0.623923 1.000000 -0.625000
v 0.623923 1.000000 -0.875000
v 0.375000 1.000000 -1.000000
v 0.375000 1.000000 0.000000
v 0.375000 1.000000 -0.500000
v 0.375000 1.000000 -0.250000
v 0.375000 1.000000 -0.750000
v 0.375000 1.000000 0.250000
v 0.375000 1.000000 0.750000
v 0.375000 1.000000 1.000000
v 0.375000 1.000000 0.871951
v 0.375000 1.000000 0.625000
v 0.375000 1.000000 0.375000
v 0.375000 1.000000 0.125000
v 0.375000 1.000000 -0.125000
v 0.375000 1.000000 -0.375000
v 0.375000 1.000000 -0.625000
v 0.375000 1.000000 -0.875000
v 0.125000 1.000000 1.000000
v 0.125000 1.000000 -1.000000
v 0.125000 1.000000 0.000000
v 0.125000 1.000000 0.500000
v 0.125000 1.000000 -0.500000
v 0.125000 1.000000 -0.250000
v 0.125000 1.000000 -0.750000
v 0.125000 1.000000 0.250000
v 0.125000 1.000000 0.750000
v 0.125000 1.000000 0.871951
v 0.125000 1.000000 0.625000
v 0.125000 1.000000 0.375000
v 0.125000 1.000000 0.125000
v 0.125000 1.000000 -0.125000
v 0.125000 1.000000 -0.375000
v 0.125000 1.000000 -0.625000
v 0.125000 1.000000 -0.875000
v -0.125000 1.000000 -1.000000
v -0.125000 1.000000 0.000000
v -0.125000 1.000000 0.500000
v -0.125000 1.000000 -0.500000
v -0.125000 1.000000 -0.250000
v -0.125000 1.000000 -0.750000
v -0.125000 1.000000 0.250000
v -0.125000 1.000000 0.750000
v -0.125000 1.000000 1.000000
v -0.125000 1.000000 0.871951
v -0.125000 1.000000 0.625000
v -0.125000 1.000000 0.375000
v -0.125000 1.000000 0.125000
v -0.125000 1.000000 -0.125000
v -0.125000 1.000000 -0.375000
v -0.125000 1.000000 -0.625000
v -0.125000 1.000000 -0.875000
v -0.375000 1.000000 1.000000
v -0.375000 1.000000 -1.000000
v -0.375000 1.000000 0.000000
v -0.375000 1.000000 0.500000
v -0.375000 1.000000 -0.500000
v -0.375000 1.000000 -0.250000
v -0.375000 1.000000 -0.750000
v -0.375000 1.000000 0.250000
v -0.375000 1.000000 0.750000
v -0.375000 1.000000 0.871951
v -0.375000 1.000000 0.625000
v -0.375000 1.000000 0.375000
v -0.375000 1.000000 0.125000
v -0.375000 1.000000 -0.125000
v -0.375000 1.000000 -0.375000
v -0.375000 1.000000 -0.625000
v -0.375000 1.000000 -0.875000
v -0.625000 1.000000 -1.000000
v -0.625000 1.000000 0.000000
v -0.625000 1.000000 0.500000
v -0.625000 1.000000 -0.500000
v -0.625000 1.000000 -0.250000
v -0.625000 1.000000 -0.750000
v -0.625000 1.000000 0.250000
v -0.625000 1.000000 0.750000
v -0.625000 1.000000 1.000000
v -0.625000 1.000000 0.871951
v -0.625000 1.000000 0.625000
v -0.625000 1.000000 0.375000
v -0.625000 1.000000 0.125000
v -0.625000 1.000000 -0.125000
v -0.625000 1.000000 -0.375000
v -0.625000 1.000000 -0.625000
v -0.625000 1.000000 -0.875000
v -0.875000 1.000000 1.000000
v -0.875000 1.000000 -1.000000
v -0.875000 1.000000 0.000000
v -0.875000 1.000000 0.500000
v -0.875000 1.000000 -0.500000
v -0.875000 1.000000 -0.250000
v -0.875000 1.000000 -0.750000
v -0.875000 1.000000 0.250000
v -0.875000 1.000000 0.750000
v -0.875000 1.000000 0.871951
v -0.875000 1.000000 0.625000
v -0.875000 1.000000 0.375000
v -0.875000 1.000000 0.125000
v -0.875000 1.000000 -0.125000
v -0.875000 1.000000 -0.375000
v -0.875000 1.000000 -0.625000
v -0.875000 1.000000 -0.875000
v 0.873923 1.015825 0.000000
v 1.000000 1.015825 0.000000
v 0.000000 1.015825 -0.125000
v 0.000000 1.015825 0.000000
v 0.623923 1.015825 1.000000
v 0.500000 1.015825 1.000000
v 0.500000 1.015825 0.871951
v 0.873923 1.015825 -0.500000
v 1.000000 1.015825 -0.500000
v 1.000000 1.015825 -0.375000
v 1.000000 1.015825 -0.250000
v -0.500000 1.015825 -0.375000
v -0.500000 1.015825 -0.250000
v 0.873923 1.015825 -0.250000
v 0.375000 1.015825 -0.250000
v 0.500000 1.015825 -0.250000
v -0.500000 1.015825 -0.875000
v -0.500000 1.015825 -0.750000
v 0.000000 1.015825 0.125000
v 0.000000 1.015825 0.250000
v -0.500000 1.015825 0.125000
v -0.500000 1.015825 0.250000
v 0.500000 1.015825 0.125000
v 0.500000 1.015825 0.250000
v -0.625000 1.015825 0.250000
v -0.125000 1.015825 0.250000
v 0.873923 1.015825 0.250000
v 1.000000 1.015825 0.250000
v 0.000000 1.015825 0.625000
v 0.000000 1.015825 0.750000
v 0.500000 1.015825 0.625000
v 0.500000 1.015825 0.750000
v -0.125000 1.015825 0.750000
v 0.375000 1.015825 0.750000
v -0.875000 1.015825 0.000000
v -0.750000 1.015825 0.000000
v -0.875000 1.015825 0.750000
v -0.750000 1.015825 0.750000
v -0.750000 1.015825 -0.125000
v -0.750000 1.015825 0.871951
v -0.750000 1.015825 1.000000
v -0.375000 1.015825 -1.000000
v -0.250000 1.015825 -1.000000
v -0.375000 1.015825 -0.500000
v -0.250000 1.015825 -0.500000
v -0.375000 1.015825 0.250000
v -0.250000 1.015825 0.250000
v -0.250000 1.015825 -0.625000
v -0.250000 1.015825 -0.125000
v -0.250000 1.015825 0.000000
v 0.125000 1.015825 -0.500000
v 0.250000 1.015825 -0.500000
v 0.125000 1.015825 -0.250000
v 0.250000 1.015825 -0.250000
v 0.125000 1.015825 -0.750000
v 0.250000 1.015825 -0.750000
v 0.250000 1.015825 0.625000
v 0.250000 1.015825 0.750000
v 0.250000 1.015825 -0.875000
v 0.250000 1.015825 -0.375000
v 0.250000 1.015825 -0.625000
v 0.623923 1.015825 -0.750000
v 0.747847 1.015825 -0.750000
v 0.623923 1.015825 0.250000
v 0.747847 1.015825 0.250000
v 0.747847 1.015825 0.125000
v 0.747847 1.015825 -0.875000
v 0.747847 1.015825 0.375000
v 0.747847 1.015825 0.500000
v -0.250000 1.015825 0.750000
v -0.250000 1.015825 0.871951
v 0.747847 1.015825 0.750000
v 0.747847 1.015825 0.871951
v 0.375000 1.015825 0.871951
v -0.875000 1.015825 0.871951
v 0.500000 1.015825 0.500000
v 0.375000 1.015825 0.625000
v -0.125000 1.015825 0.625000
v 1.000000 1.015825 0.375000
v 0.000000 1.015825 0.375000
v -0.500000 1.015825 0.375000
v -0.250000 1.015825 0.375000
v 0.873923 1.015825 0.375000
v -0.375000 1.015825 0.375000
v 0.623923 1.015825 0.375000
v -1.000000 1.015825 0.250000
v -1.000000 1.015825 0.125000
v 1.000000 1.015825 0.125000
v 0.500000 1.015825 0.000000
v 0.873923 1.015825 0.125000
v -0.125000 1.015825 0.125000
v -0.625000 1.015825 0.125000
v 0.623923 1.015825 0.125000
v 0.500000 1.015825 -0.125000
v -0.750000 1.015825 -0.250000
v 0.250000 1.015825 -0.125000
v 0.747847 1.015825 -0.250000
v 0.747847 1.015825 -0.125000
v 0.375000 1.015825 -0.125000
v -0.875000 1.015825 -0.125000
v 0.500000 1.015825 -0.500000
v 0.500000 1.015825 -0.375000
v 0.873923 1.015825 -0.375000
v 0.125000 1.015825 -0.375000
v 0.747847 1.015825 -0.625000
v 0.125000 1.015825 -0.625000
v -0.375000 1.015825 -0.625000
v -0.750000 1.015825 -1.000000
v -0.750000 1.015825 -0.875000
v -0.250000 1.015825 -0.875000
v 0.623923 1.015825 -0.875000
v -0.375000 1.015825 -0.875000
v 0.125000 1.015825 -0.875000
v 0.873923 1.015825 0.500000
v 0.873923 1.015825 -0.750000
v 0.873923 1.015825 0.750000
v 0.873923 1.015825 0.871951
v 0.873923 1.015825 -0.125000
v 0.873923 1.015825 -0.625000
v 0.623923 1.015825 0.000000
v 0.623923 1.015825 0.500000
v 0.623923 1.015825 -0.500000
v 0.623923 1.015825 0.750000
v 0.623923 1.015825 0.871951
v 0.623923 1.015825 0.625000
v 0.623923 1.015825 -0.375000
v 0.375000 1.015825 1.000000
v 0.125000 1.015825 0.000000
v 0.125000 1.015825 0.250000
v 0.125000 1.015825 0.375000
v 0.125000 1.015825 -0.125000
v -0.125000 1.015825 0.000000
v -0.125000 1.015825 0.871951
v -0.125000 1.015825 -0.125000
v -0.375000 1.015825 -0.250000
v -0.375000 1.015825 -0.750000
v -0.375000 1.015825 -0.375000
v -0.625000 1.015825 -1.000000
v -0.625000 1.015825 -0.250000
v -0.625000 1.015825 -0.125000
v -0.625000 1.015825 -0.875000
v -0.875000 1.015825 1.000000
v -0.875000 1.015825 0.250000
v -0.875000 1.015825 0.125000
v 0.500000 1.034288 -0.875000
v 0.500000 1.034288 -0.750000
v 0.375000 1.034288 -0.750000
v 0.375000 1.034288 1.000000
v 0.250000 1.034288 1.000000
v 0.125000 1.034288 0.000000
v 0.250000 1.034288 0.000000
v 0.250000 1.034288 0.871951
v 0.250000 1.034288 -0.125000
v 0.623923 1.034288 -0.500000
v 0.747847 1.034288 -0.500000
v 0.747847 1.034288 -0.625000
v -0.750000 1.034288 0.250000
v -0.750000 1.034288 0.375000
v 0.125000 1.034288 -0.125000
v 0.623923 1.034288 -0.625000
v 0.375000 1.034288 -0.875000
v 0.375000 1.034288 0.871951
v -0.625000 1.034288 0.250000
v -0.625000 1.034288 0.375000
v -1.000000 1.053172 -0.875000
v -1.000000 1.053172 -1.000000
v 0.873923 1.053172 -1.000000
v 1.000000 1.053172 -1.000000
v -1.000000 1.053172 0.125000
v -1.000000 1.053172 0.000000
v -0.125000 1.053172 -1.000000
v 0.000000 1.053172 -1.000000
v -0.625000 1.053172 -1.000000
v -0.500000 1.053172 -1.000000
v 0.500000 1.053172 -0.125000
v 0.500000 1.053172 0.000000
v -1.000000 1.053172 0.625000
v -1.000000 1.053172 0.500000
v 0.000000 1.053172 0.375000
v 0.000000 1.053172 0.500000
v -0.500000 1.053172 0.375000
v -0.500000 1.053172 0.500000
v 0.500000 1.053172 0.375000
v 0.500000 1.053172 0.500000
v 0.873923 1.053172 0.500000
v 1.000000 1.053172 0.500000
v -0.125000 1.053172 0.500000
v 0.375000 1.053172 0.500000
v -0.625000 1.053172 0.500000
v -1.000000 1.053172 -0.375000
v -1.000000 1.053172 -0.500000
v 0.500000 1.053172 -0.625000
v 0.500000 1.053172 -0.500000
v 0.375000 1.053172 -0.500000
v 0.000000 1.053172 -0.375000
v 0.000000 1.053172 -0.250000
v -0.500000 1.053172 -0.375000
v -0.500000 1.053172 -0.250000
v 0.500000 1.053172 -0.375000
v 0.500000 1.053172 -0.250000
v 0.873923 1.053172 -0.250000
v 1.000000 1.053172 -0.250000
v 0.375000 1.053172 -0.250000
v -0.625000 1.053172 -0.250000
v -1.000000 1.053172 -0.625000
v -1.000000 1.053172 -0.750000
v 0.000000 1.053172 -0.875000
v 0.000000 1.053172 -0.750000
v -0.625000 1.053172 -0.750000
v -0.500000 1.053172 -0.750000
v 0.375000 1.053172 -0.750000
v 0.500000 1.053172 -0.750000
v -0.125000 1.053172 -0.750000
v 1.000000 1.053172 0.125000
v 1.000000 1.053172 0.250000
v -0.625000 1.053172 0.250000
v -0.500000 1.053172 0.250000
v -0.125000 1.053172 0.250000
v 0.000000 1.053172 0.250000
v 0.873923 1.053172 0.250000
v 0.000000 1.053172 0.625000
v 0.000000 1.053172 0.750000
v -0.500000 1.053172 0.625000
v -0.500000 1.053172 0.750000
v -1.000000 1.053172 0.871951
v -1.000000 1.053172 0.750000
v -0.625000 1.053172 0.750000
v -0.875000 1.053172 -1.000000
v -0.750000 1.053172 -1.000000
v -0.875000 1.053172 -0.750000
v -0.750000 1.053172 -0.750000
v -0.750000 1.053172 -0.875000
v -0.375000 1.053172 0.000000
v -0.250000 1.053172 0.000000
v -0.375000 1.053172 0.500000
v -0.250000 1.053172 0.500000
v -0.375000 1.053172 -0.250000
v -0.250000 1.053172 -0.250000
v -0.375000 1.053172 0.750000
v -0.250000 1.053172 0.750000
v -0.250000 1.053172 -0.375000
v -0.250000 1.053172 -0.125000
v 0.125000 1.053172 -1.000000
v 0.250000 1.053172 -1.000000
v 0.125000 1.053172 0.000000
v 0.250000 1.053172 0.000000
v 0.125000 1.053172 0.500000
v 0.250000 1.053172 0.500000
v 0.250000 1.053172 -0.375000
v 0.250000 1.053172 -0.250000
v 0.250000 1.053172 0.375000
v 0.623923 1.053172 -1.000000
v 0.747847 1.053172 -1.000000
v 0.623923 1.053172 0.000000
v 0.747847 1.053172 0.000000
v 0.623923 1.053172 0.500000
v 0.747847 1.053172 0.500000
v 0.623923 1.053172 -0.250000
v 0.747847 1.053172 -0.250000
v 0.747847 1.053172 0.125000
v 0.747847 1.053172 0.250000
v 0.747847 1.053172 -0.375000
v 0.747847 1.053172 -0.625000
v 0.747847 1.053172 -0.500000
v 0.747847 1.053172 0.375000
v 0.747847 1.053172 0.871951
v 0.747847 1.053172 1.000000
v 0.000000 1.053172 0.871951
v -0.250000 1.053172 0.871951
v 0.250000 1.053172 0.750000
v 0.250000 1.053172 0.871951
v 0.623923 1.053172 0.871951
v -0.375000 1.053172 0.871951
v 1.000000 1.053172 0.625000
v 0.500000 1.053172 0.625000
v -0.250000 1.053172 0.625000
v 0.250000 1.053172 0.625000
v 0.747847 1.053172 0.625000
v 0.873923 1.053172 0.625000
v 0.375000 1.053172 0.625000
v -0.125000 1.053172 0.625000
v -0.625000 1.053172 0.625000
v -0.375000 1.053172 0.625000
v 0.623923 1.053172 0.625000
v -1.000000 1.053172 0.375000
v 0.375000 1.053172 0.375000
v -0.125000 1.053172 0.375000
v -0.625000 1.053172 0.375000
v 0.125000 1.053172 0.375000
v 0.623923 1.053172 0.375000
v 0.000000 1.053172 0.000000
v 0.000000 1.053172 0.125000
v -0.750000 1.053172 0.000000
v -0.750000 1.053172 0.125000
v -0.250000 1.053172 0.125000
v 0.250000 1.053172 0.125000
v 0.873923 1.053172 0.125000
v 0.623923 1.053172 0.125000
v 0.125000 1.053172 0.125000
v 1.000000 1.053172 -0.125000
v -0.500000 1.053172 -0.125000
v -1.000000 1.053172 -0.125000
v 0.747847 1.053172 -0.125000
v 0.873923 1.053172 -0.125000
v 0.623923 1.053172 -0.125000
v -0.375000 1.053172 -0.125000
v -0.750000 1.053172 -0.500000
v -0.750000 1.053172 -0.375000
v 0.375000 1.053172 -0.375000
v -0.625000 1.053172 -0.375000
v -0.375000 1.053172 -0.375000
v 0.623923 1.053172 -0.375000
v 0.000000 1.053172 -0.625000
v -0.500000 1.053172 -0.625000
v 0.375000 1.053172 -0.625000
v -0.625000 1.053172 -0.625000
v 1.000000 1.053172 -0.875000
v -0.500000 1.053172 -0.875000
v 0.500000 1.053172 -1.000000
v 0.500000 1.053172 -0.875000
v 0.250000 1.053172 -0.875000
v 0.747847 1.053172 -0.875000
v 0.873923 1.053172 -0.875000
v -0.125000 1.053172 -0.875000
v -0.625000 1.053172 -0.875000
v 0.623923 1.053172 -0.875000
v 0.125000 1.053172 -0.875000
v -0.875000 1.053172 -0.875000
v 0.873923 1.053172 -0.500000
v 0.873923 1.053172 -0.375000
v 0.873923 1.053172 -0.625000
v 0.623923 1.053172 1.000000
v 0.623923 1.053172 -0.750000
v 0.623923 1.053172 -0.625000
v 0.375000 1.053172 0.000000
v 0.375000 1.053172 0.750000
v 0.375000 1.053172 0.871951
v 0.375000 1.053172 0.125000
v 0.125000 1.053172 -0.250000
v 0.125000 1.053172 -0.750000
v 0.125000 1.053172 0.750000
v 0.125000 1.053172 0.871951
v 0.125000 1.053172 0.625000
v 0.125000 1.053172 -0.375000
v 0.125000 1.053172 -0.625000
v -0.125000 1.053172 0.000000
v -0.125000 1.053172 0.125000
v -0.375000 1.053172 -0.750000
v -0.375000 1.053172 -0.625000
v -0.625000 1.053172 0.000000
v -0.625000 1.053172 -0.500000
v -0.625000 1.053172 0.125000
v -0.875000 1.053172 0.000000
v -0.875000 1.053172 0.500000
v -0.875000 1.053172 -0.500000
v -0.875000 1.053172 0.750000
v -0.875000 1.053172 0.871951
v -0.875000 1.053172 0.625000
v -0.875000 1.053172 0.375000
v -0.875000 1.053172 0.125000
v -0.875000 1.053172 -0.125000
v -0.875000 1.053172 -0.375000
v -0.875000 1.053172 -0.625000
v 1.000000 -1.000000 -1.000000
v 1.000000 -1.000000 1.000000
v -1.000000 -1.000000 -1.000000
v -1.000000 -1.000000 1.000000
v 1.000000 -1.000000 0.000000
v -1.000000 -1.000000 0.000000
v 0.000000 -1.000000 1.000000
v 0.000000 -1.000000 -1.000000
v 0.000000 -1.000000 0.000000
v -0.500000 -1.000000 1.000000
v -0.500000 -1.000000 -1.000000
v -0.500000 -1.000000 0.000000
v 0.500000 -1.000000 -1.000000
v 0.500000 -1.000000 0.000000
v 0.500000 -1.000000 1.000000
v 1.000000 -1.000000 0.500000
v -1.000000 -1.000000 0.500000
v -0.000000 -1.000000 0.500000
v -0.500000 -1.000000 0.500000
v 0.500000 -1.000000 0.500000
v -1.000000 -1.000000 -0.500000
v 1.000000 -1.000000 -0.500000
v 0.000000 -1.000000 -0.500000
v -0.500000 -1.000000 -0.500000
v 0.500000 -1.000000 -0.500000
v 1.000000 -1.000000 -0.250000
v 0.000000 -1.000000 -0.250000
v -0.500000 -1.000000 -0.250000
v 0.500000 -1.000000 -0.250000
v -1.000000 -1.000000 -0.250000
v -1.000000 -1.000000 -0.750000
v 1.000000 -1.000000 -0.750000
v -0.000000 -1.000000 -0.750000
v -0.500000 -1.000000 -0.750000
v 0.500000 -1.000000 -0.750000
v -1.000000 -1.000000 0.250000
v 1.000000 -1.000000 0.250000
v 0.000000 -1.000000 0.250000
v -0.500000 -1.000000 0.250000
v 0.500000 -1.000000 0.250000
v 1.000000 -1.000000 0.750000
v -0.000000 -1.000000 0.750000
v -0.500000 -1.000000 0.750000
v 0.500000 -1.000000 0.750000
v -1.000000 -1.000000 0.750000
v -0.750000 -1.000000 1.000000
v -0.750000 -1.000000 -1.000000
v -0.750000 -1.000000 0.000000
v -0.750000 -1.000000 0.500000
v -0.750000 -1.000000 -0.500000
v -0.750000 -1.000000 -0.250000
v -0.750000 -1.000000 -0.750000
v -0.750000 -1.000000 0.250000
v -0.750000 -1.000000 0.750000
v -0.250000 -1.000000 -1.000000
v -0.250000 -1.000000 0.000000
v -0.250000 -1.000000 1.000000
v -0.250000 -1.000000 0.500000
v -0.250000 -1.000000 -0.500000
v -0.250000 -1.000000 -0.250000
v -0.250000 -1.000000 -0.750000
v -0.250000 -1.000000 0.250000
v -0.250000 -1.000000 0.750000
v 0.250000 -1.000000 1.000000
v 0.250000 -1.000000 -1.000000
v 0.250000 -1.000000 0.000000
v 0.250000 -1.000000 0.500000
v 0.250000 -1.000000 -0.500000
v 0.250000 -1.000000 -0.250000
v 0.250000 -1.000000 -0.750000
v 0.250000 -1.000000 0.250000
v 0.250000 -1.000000 0.750000
v 0.747847 -1.000000 -1.000000
v 0.747847 -1.000000 0.000000
v 0.747847 -1.000000 1.000000
v 0.747847 -1.000000 0.500000
v 0.747847 -1.000000 -0.500000
v 0.747847 -1.000000 -0.250000
v 0.747847 -1.000000 -0.750000
v 0.747847 -1.000000 0.250000
v 0.747847 -1.000000 0.750000
v 1.000000 -1.000000 0.871951
v 0.000000 -1.000000 0.871951
v -0.500000 -1.000000 0.871951
v 0.500000 -1.000000 0.871951
v -1.000000 -1.000000 0.871951
v -0.750000 -1.000000 0.871951
v -0.250000 -1.000000 0.871951
v 0.250000 -1.000000 0.871951
v 0.747847 -1.000000 0.871951
v -1.000000 -1.000000 0.625000
v 1.000000 -1.000000 0.625000
v -0.000000 -1.000000 0.625000
v -0.500000 -1.000000 0.625000
v 0.500000 -1.000000 0.625000
v -0.750000 -1.000000 0.625000
v -0.250000 -1.000000 0.625000
v 0.250000 -1.000000 0.625000
v 0.747847 -1.000000 0.625000
v 1.000000 -1.000000 0.375000
v 0.000000 -1.000000 0.375000
v -0.500000 -1.000000 0.375000
v 0.500000 -1.000000 0.375000
v -1.000000 -1.000000 0.375000
v -0.750000 -1.000000 0.375000
v -0.250000 -1.000000 0.375000
v 0.250000 -1.000000 0.375000
v 0.747847 -1.000000 0.375000
v -1.000000 -1.000000 0.125000
v 1.000000 -1.000000 0.125000
v 0.000000 -1.000000 0.125000
v -0.500000 -1.000000 0.125000
v 0.500000 -1.000000 0.125000
v -0.750000 -1.000000 0.125000
v -0.250000 -1.000000 0.125000
v 0.250000 -1.000000 0.125000
v 0.747847 -1.000000 0.125000
v 1.000000 -1.000000 -0.125000
v 0.000000 -1.000000 -0.125000
v -0.500000 -1.000000 -0.125000
v 0.500000 -1.000000 -0.125000
v -1.000000 -1.000000 -0.125000
v -0.750000 -1.000000 -0.125000
v -0.250000 -1.000000 -0.125000
v 0.250000 -1.000000 -0.125000
v 0.747847 -1.000000 -0.125000
v -1.000000 -1.000000 -0.375000
v 1.000000 -1.000000 -0.375000
v 0.000000 -1.000000 -0.375000
v -0.500000 -1.000000 -0.375000
v 0.500000 -1.000000 -0.375000
v -0.750000 -1.000000 -0.375000
v -0.250000 -1.000000 -0.375000
v 0.250000 -1.000000 -0.375000
v 0.747847 -1.000000 -0.375000
v 1.000000 -1.000000 -0.625000
v -0.000000 -1.000000 -0.625000
v -0.500000 -1.000000 -0.625000
v 0.500000 -1.000000 -0.625000
v -1.000000 -1.000000 -0.625000
v -0.750000 -1.000000 -0.625000
v -0.250000 -1.000000 -0.625000
v 0.250000 -1.000000 -0.625000
v 0.747847 -1.000000 -0.625000
v -1.000000 -1.000000 -0.875000
v 1.000000 -1.000000 -0.875000
v 0.000000 -1.000000 -0.875000
v -0.500000 -1.000000 -0.875000
v 0.500000 -1.000000 -0.875000
v -0.750000 -1.000000 -0.875000
v -0.250000 -1.000000 -0.875000
v 0.250000 -1.000000 -0.875000
v 0.747847 -1.000000 -0.875000
v 0.873923 -1.000000 -1.000000
v 0.873923 -1.000000 0.000000
v 0.873923 -1.000000 0.500000
v 0.873923 -1.000000 -0.500000
v 0.873923 -1.000000 -0.250000
v 0.873923 -1.000000 -0.750000
v 0.873923 -1.000000 0.250000
v 0.873923 -1.000000 0.750000
v 0.873923 -1.000000 1.000000
v 0.873923 -1.000000 0.871951
v 0.873923 -1.000000 0.625000
v 0.873923 -1.000000 0.375000
v 0.873923 -1.000000 0.125000
v 0.873923 -1.000000 -0.125000
v 0.873923 -1.000000 -0.375000
v 0.873923 -1.000000 -0.625000
v 0.873923 -1.000000 -0.875000
v 0.623923 -1.000000 1.000000
v 0.623923 -1.000000 -1.000000
v 0.623923 -1.000000 0.000000
v 0.623923 -1.000000 0.500000
v 0.623923 -1.000000 -0.500000
v 0.623923 -1.000000 -0.250000
v 0.623923 -1.000000 -0.750000
v 0.623923 -1.000000 0.250000
v 0.623923 -1.000000 0.750000
v 0.623923 -1.000000 0.871951
v 0.623923 -1.000000 0.625000
v 0.623923 -1.000000 0.375000
v 0.623923 -1.000000 0.125000
v 0.623923 -1.000000 -0.125000
v 0.623923 -1.000000 -0.375000
v 0.623923 -1.000000 -0.625000
v 0.623923 -1.000000 -0.875000
v 0.375000 -1.000000 -1.000000
v 0.375000 -1.000000 0.000000
v 0.375000 -1.000000 -0.500000
v 0.375000 -1.000000 -0.250000
v 0.375000 -1.000000 -0.750000
v 0.375000 -1.000000 0.250000
v 0.375000 -1.000000 0.750000
v 0.375000 -1.000000 1.000000
v 0.375000 -1.000000 0.871951
v 0.375000 -1.000000 0.625000
v 0.375000 -1.000000 0.375000
v 0.375000 -1.000000 0.125000
v 0.375000 -1.000000 -0.125000
v 0.375000 -1.000000 -0.375000
v 0.375000 -1.000000 -0.625000
v 0.375000 -1.000000 -0.875000
v 0.125000 -1.000000 1.000000
v 0.125000 -1.000000 -1.000000
v 0.125000 -1.000000 0.000000
v 0.125000 -1.000000 0.500000
v 0.125000 -1.000000 -0.500000
v 0.125000 -1.000000 -0.250000
v 0.125000 -1.000000 -0.750000
v 0.125000 -1.000000 0.250000
v 0.125000 -1.000000 0.750000
v 0.125000 -1.000000 0.871951
v 0.125000 -1.000000 0.625000
v 0.125000 -1.000000 0.375000
v 0.125000 -1.000000 0.125000
v 0.125000 -1.000000 -0.125000
v 0.125000 -1.000000 -0.375000
v 0.125000 -1.000000 -0.625000
v 0.125000 -1.000000 -0.875000
v -0.125000 -1.000000 -1.000000
v -0.125000 -1.000000 0.000000
v -0.125000 -1.000000 0.500000
v -0.125000 -1.000000 -0.500000
v -0.125000 -1.000000 -0.250000
v -0.125000 -1.000000 -0.750000
v -0.125000 -1.000000 0.250000
v -0.125000 -1.000000 0.750000
v -0.125000 -1.000000 1.000000
v -0.125000 -1.000000 0.871951
v -0.125000 -1.000000 0.625000
v -0.125000 -1.000000 0.375000
v -0.125000 -1.000000 0.125000
v -0.125000 -1.000000 -0.125000
v -0.125000 -1.000000 -0.375000
v -0.125000 -1.000000 -0.625000
v -0.125000 -1.000000 -0.875000
v -0.375000 -1.000000 1.000000
v -0.375000 -1.000000 -1.000000
v -0.375000 -1.000000 0.000000
v -0.375000 -1.000000 0.500000
v -0.375000 -1.000000 -0.500000
v -0.375000 -1.000000 -0.250000
v -0.375000 -1.000000 -0.750000
v -0.375000 -1.000000 0.250000
v -0.375000 -1.000000 0.750000
v -0.375000 -1.000000 0.871951
v -0.375000 -1.000000 0.625000
v -0.375000 -1.000000 0.375000
v -0.375000 -1.000000 0.125000
v -0.375000 -1.000000 -0.125000
v -0.375000 -1.000000 -0.375000
v -0.375000 -1.000000 -0.625000
v -0.375000 -1.000000 -0.875000
v -0.625000 -1.000000 -1.000000
v -0.625000 -1.000000 0.000000
v -0.625000 -1.000000 0.500000
v -0.625000 -1.000000 -0.500000
v -0.625000 -1.000000 -0.250000
v -0.625000 -1.000000 -0.750000
v -0.625000 -1.000000 0.250000
v -0.625000 -1.000000 0.750000
v -0.625000 -1.000000 1.000000
v -0.625000 -1.000000 0.871951
v -0.625000 -1.000000 0.625000
v -0.625000 -1.000000 0.375000
v -0.625000 -1.000000 0.125000
v -0.625000 -1.000000 -0.125000
v -0.625000 -1.000000 -0.375000
v -0.625000 -1.000000 -0.625000
v -0.625000 -1.000000 -0.875000
v -0.875000 -1.000000 1.000000
v -0.875000 -1.000000 -1.000000
v -0.875000 -1.000000 0.000000
v -0.875000 -1.000000 0.500000
v -0.875000 -1.000000 -0.500000
v -0.875000 -1.000000 -0.250000
v -0.875000 -1.000000 -0.750000
v -0.875000 -1.000000 0.250000
v -0.875000 -1.000000 0.750000
v -0.875000 -1.000000 0.871951
v -0.875000 -1.000000 0.625000
v -0.875000 -1.000000 0.375000
v -0.875000 -1.000000 0.125000
v -0.875000 -1.000000 -0.125000
v -0.875000 -1.000000 -0.375000
v -0.875000 -1.000000 -0.625000
v -0.875000 -1.000000 -0.875000
v 0.873923 -1.015825 0.000000
v 1.000000 -1.015825 0.000000
v -0.000000 -1.015825 -0.125000
v -0.000000 -1.015825 0.000000
v 0.623923 -1.015825 1.000000
v 0.500000 -1.015825 1.000000
v 0.500000 -1.015825 0.871951
v 0.873923 -1.015825 -0.500000
v 1.000000 -1.015825 -0.500000
v 1.000000 -1.015825 -0.375000
v 1.000000 -1.015825 -0.250000
v -0.500000 -1.015825 -0.375000
v -0.500000 -1.015825 -0.250000
v 0.873923 -1.015825 -0.250000
v 0.375000 -1.015825 -0.250000
v 0.500000 -1.015825 -0.250000
v -0.500000 -1.015825 -0.875000
v -0.500000 -1.015825 -0.750000
v -0.000000 -1.015825 0.125000
v -0.000000 -1.015825 0.250000
v -0.500000 -1.015825 0.125000
v -0.500000 -1.015825 0.250000
v 0.500000 -1.015825 0.125000
v 0.500000 -1.015825 0.250000
v -0.625000 -1.015825 0.250000
v -0.125000 -1.015825 0.250000
v 0.873923 -1.015825 0.250000
v 1.000000 -1.015825 0.250000
v -0.000000 -1.015825 0.625000
v -0.000000 -1.015825 0.750000
v 0.500000 -1.015825 0.625000
v 0.500000 -1.015825 0.750000
v -0.125000 -1.015825 0.750000
v 0.375000 -1.015825 0.750000
v -0.875000 -1.015825 0.000000
v -0.750000 -1.015825 0.000000
v -0.875000 -1.015825 0.750000
v -0.750000 -1.015825 0.750000
v -0.750000 -1.015825 -0.125000
v -0.750000 -1.015825 0.871951
v -0.750000 -1.015825 1.000000
v -0.375000 -1.015825 -1.000000
v -0.250000 -1.015825 -1.000000
v -0.375000 -1.015825 -0.500000
v -0.250000 -1.015825 -0.500000
v -0.375000 -1.015825 0.250000
v -0.250000 -1.015825 0.250000
v -0.250000 -1.015825 -0.625000
v -0.250000 -1.015825 -0.125000
v -0.250000 -1.015825 0.000000
v 0.125000 -1.015825 -0.500000
v 0.250000 -1.015825 -0.500000
v 0.125000 -1.015825 -0.250000
v 0.250000 -1.015825 -0.250000
v 0.125000 -1.015825 -0.750000
v 0.250000 -1.015825 -0.750000
v 0.250000 -1.015825 0.625000
v 0.250000 -1.015825 0.750000
v 0.250000 -1.015825 -0.875000
v 0.250000 -1.015825 -0.375000
v 0.250000 -1.015825 -0.625000
v 0.623923 -1.015825 -0.750000
v 0.747847 -1.015825 -0.750000
v 0.623923 -1.015825 0.250000
v 0.747847 -1.015825 0.250000
v 0.747847 -1.015825 0.125000
v 0.747847 -1.015825 -0.875000
v 0.747847 -1.015825 0.375000
v 0.747847 -1.015825 0.500000
v -0.250000 -1.015825 0.750000
v -0.250000 -1.015825 0.871951
v 0.747847 -1.015825 0.750000
v 0.747847 -1.015825 0.871951
v 0.375000 -1.015825 0.871951
v -0.875000 -1.015825 0.871951
v 0.500000 -1.015825 0.500000
v 0.375000 -1.015825 0.625000
v -0.125000 -1.015825 0.625000
v 1.000000 -1.015825 0.375000
v -0.000000 -1.015825 0.375000
v -0.500000 -1.015825 0.375000
v -0.250000 -1.015825 0.375000
v 0.873923 -1.015825 0.375000
v -0.375000 -1.015825 0.375000
v 0.623923 -1.015825 0.375000
v -1.000000 -1.015825 0.250000
v -1.000000 -1.015825 0.125000
v 1.000000 -1.015825 0.125000
v 0.500000 -1.015825 0.000000
v 0.873923 -1.015825 0.125000
v -0.125000 -1.015825 0.125000
v -0.625000 -1.015825 0.125000
v 0.623923 -1.015825 0.125000
v 0.500000 -1.015825 -0.125000
v -0.750000 -1.015825 -0.250000
v 0.250000 -1.015825 -0.125000
v 0.747847 -1.015825 -0.250000
v 0.747847 -1.015825 -0.125000
v 0.375000 -1.015825 -0.125000
v -0.875000 -1.015825 -0.125000
v 0.500000 -1.015825 -0.500000
v 0.500000 -1.015825 -0.375000
v 0.873923 -1.015825 -0.375000
v 0.125000 -1.015825 -0.375000
v 0.747847 -1.015825 -0.625000
v 0.125000 -1.015825 -0.625000
v -0.375000 -1.015825 -0.625000
v -0.750000 -1.015825 -1.000000
v -0.750000 -1.015825 -0.875000
v -0.250000 -1.015825 -0.875000
v 0.623923 -1.015825 -0.875000
v -0.375000 -1.015825 -0.875000
v 0.125000 -1.015825 -0.875000
v 0.873923 -1.015825 0.500000
v 0.873923 -1.015825 -0.750000
v 0.873923 -1.015825 0.750000
v 0.873923 -1.015825 0.871951
v 0.873923 -1.015825 -0.125000
v 0.873923 -1.015825 -0.625000
v 0.623923 -1.015825 0.000000
v 0.623923 -1.015825 0.500000
v 0.623923 -1.015825 -0.500000
v 0.623923 -1.015825 0.750000
v 0.623923 -1.015825 0.871951
v 0.623923 -1.015825 0.625000
v 0.623923 -1.015825 -0.375000
v 0.375000 -1.015825 1.000000
v 0.125000 -1.015825 0.000000
v 0.125000 -1.015825 0.250000
v 0.125000 -1.015825 0.375000
v 0.125000 -1.015825 -0.125000
v -0.125000 -1.015825 0.000000
v -0.125000 -1.015825 0.871951
v -0.125000 -1.015825 -0.125000
v -0.375000 -1.015825 -0.250000
v -0.375000 -1.015825 -0.750000
v -0.375000 -1.015825 -0.375000
v -0.625000 -1.015825 -1.000000
v -0.625000 -1.015825 -0.250000
v -0.625000 -1.015825 -0.125000
v -0.625000 -1.015825 -0.875000
v -0.875000 -1.015825 1.000000
v -0.875000 -1.015825 0.250000
v -0.875000 -1.015825 0.125000
v 0.500000 -1.034288 -0.875000
v 0.500000 -1.034288 -0.750000
v 0.375000 -1.034288 -0.750000
v 0.375000 -1.034288 1.000000
v 0.250000 -1.034288 1.000000
v 0.125000 -1.034288 0.000000
v 0.250000 -1.034288 0.000000
v 0.250000 -1.034288 0.871951
v 0.250000 -1.034288 -0.125000
v 0.623923 -1.034288 -0.500000
v 0.747847 -1.034288 -0.500000
v 0.747847 -1.034288 -0.625000
v -0.750000 -1.034288 0.250000
v -0.750000 -1.034288 0.375000
v 0.125000 -1.034288 -0.125000
v 0.623923 -1.034288 -0.625000
v 0.375000 -1.034288 -0.875000
v 0.375000 -1.034288 0.871951
v -0.625000 -1.034288 0.250000
v -0.625000 -1.034288 0.375000
v -1.000000 -1.053172 -0.875000
v -1.000000 -1.053172 -1.000000
v 0.873923 -1.053172 -1.000000
v 1.000000 -1.053172 -1.000000
v -1.000000 -1.053172 0.125000
v -1.000000 -1.053172 0.000000
v -0.125000 -1.053172 -1.000000
v 0.000000 -1.053172 -1.000000
v -0.625000 -1.053172 -1.000000
v -0.500000 -1.053172 -1.000000
v 0.500000 -1.053172 -0.125000
v 0.500000 -1.053172 0.000000
v -1.000000 -1.053172 0.625000
v -1.000000 -1.053172 0.500000
v -0.000000 -1.053172 0.375000
v -0.000000 -1.053172 0.500000
v -0.500000 -1.053172 0.375000
v -0.500000 -1.053172 0.500000
v 0.500000 -1.053172 0.375000
v 0.500000 -1.053172 0.500000
v 0.873923 -1.053172 0.500000
v 1.000000 -1.053172 0.500000
v -0.125000 -1.053172 0.500000
v 0.375000 -1.053172 0.500000
v -0.625000 -1.053172 0.500000
v -1.000000 -1.053172 -0.375000
v -1.000000 -1.053172 -0.500000
v 0.500000 -1.053172 -0.625000
v 0.500000 -1.053172 -0.500000
v 0.375000 -1.053172 -0.500000
v -0.000000 -1.053172 -0.375000
v -0.000000 -1.053172 -0.250000
v -0.500000 -1.053172 -0.375000
v -0.500000 -1.053172 -0.250000
v 0.500000 -1.053172 -0.375000
v 0.500000 -1.053172 -0.250000
v 0.873923 -1.053172 -0.250000
v 1.000000 -1.053172 -0.250000
v 0.375000 -1.053172 -0.250000
v -0.625000 -1.053172 -0.250000
v -1.000000 -1.053172 -0.625000
v -1.000000 -1.053172 -0.750000
v 0.000000 -1.053172 -0.875000
v -0.000000 -1.053172 -0.750000
v -0.625000 -1.053172 -0.750000
v -0.500000 -1.053172 -0.750000
v 0.375000 -1.053172 -0.750000
v 0.500000 -1.053172 -0.750000
v -0.125000 -1.053172 -0.750000
v 1.000000 -1.053172 0.125000
v 1.000000 -1.053172 0.250000
v -0.625000 -1.053172 0.250000
v -0.500000 -1.053172 0.250000
v -0.125000 -1.053172 0.250000
v -0.000000 -1.053172 0.250000
v 0.873923 -1.053172 0.250000
v -0.000000 -1.053172 0.625000
v -0.000000 -1.053172 0.750000
v -0.500000 -1.053172 0.625000
v -0.500000 -1.053172 0.750000
v -1.000000 -1.053172 0.871951
v -1.000000 -1.053172 0.750000
v -0.625000 -1.053172 0.750000
v -0.875000 -1.053172 -1.000000
v -0.750000 -1.053172 -1.000000
v -0.875000 -1.053172 -0.750000
v -0.750000 -1.053172 -0.750000
v -0.750000 -1.053172 -0.875000
v -0.375000 -1.053172 0.000000
v -0.250000 -1.053172 0.000000
v -0.375000 -1.053172 0.500000
v -0.250000 -1.053172 0.500000
v -0.375000 -1.053172 -0.250000
v -0.250000 -1.053172 -0.250000
v -0.375000 -1.053172 0.750000
v -0.250000 -1.053172 0.750000
v -0.250000 -1.053172 -0.375000
v -0.250000 -1.053172 -0.125000
v 0.125000 -1.053172 -1.000000
v 0.250000 -1.053172 -1.000000
v 0.125000 -1.053172 0.000000
v 0.250000 -1.053172 0.000000
v 0.125000 -1.053172 0.500000
v 0.250000 -1.053172 0.500000
v 0.250000 -1.053172 -0.375000
v 0.250000 -1.053172 -0.250000
v 0.250000 -1.053172 0.375000
v 0.623923 -1.053172 -1.000000
v 0.747847 -1.053172 -1.000000
v 0.623923 -1.053172 0.000000
v 0.747847 -1.053172 0.000000
v 0.623923 -1.053172 0.500000
v 0.747847 -1.053172 0.500000
v 0.623923 -1.053172 -0.250000
v 0.747847 -1.053172 -0.250000
v 0.747847 -1.053172 0.125000
v 0.747847 -1.053172 0.250000
v 0.747847 -1.053172 -0.375000
v 0.747847 -1.053172 -0.625000
v 0.747847 -1.053172 -0.500000
v 0.747847 -1.053172 0.375000
v 0.747847 -1.053172 0.871951
v 0.747847 -1.053172 1.000000
v -0.000000 -1.053172 0.871951
v -0.250000 -1.053172 0.871951
v 0.250000 -1.053172 0.750000
v 0.250000 -1.053172 0.871951
v 0.623923 -1.053172 0.871951
v -0.375000 -1.053172 0.871951
v 1.000000 -1.053172 0.625000
v 0.500000 -1.053172 0.625000
v -0.250000 -1.053172 0.625000
v 0.250000 -1.053172 0.625000
v 0.747847 -1.053172 0.625000
v 0.873923 -1.053172 0.625000
v 0.375000 -1.053172 0.625000
v -0.125000 -1.053172 0.625000
v -0.625000 -1.053172 0.625000
v -0.375000 -1.053172 0.625000
v 0.623923 -1.053172 0.625000
v -1.000000 -1.053172 0.375000
v 0.375000 -1.053172 0.375000
v -0.125000 -1.053172 0.375000
v -0.625000 -1.053172 0.375000
v 0.125000 -1.053172 0.375000
v 0.623923 -1.053172 0.375000
v -0.000000 -1.053172 0.000000
v -0.000000 -1.053172 0.125000
v -0.750000 -1.053172 0.000000
v -0.750000 -1.053172 0.125000
v -0.250000 -1.053172 0.125000
v 0.250000 -1.053172 0.125000
v 0.873923 -1.053172 0.125000
v 0.623923 -1.053172 0.125000
v 0.125000 -1.053172 0.125000
v 1.000000 -1.053172 -0.125000
v -0.500000 -1.053172 -0.125000
v -1.000000 -1.053172 -0.125000
v 0.747847 -1.053172 -0.125000
v 0.873923 -1.053172 -0.125000
v 0.623923 -1.053172 -0.125000
v -0.375000 -1.053172 -0.125000
v -0.750000 -1.053172 -0.500000
v -0.750000 -1.053172 -0.375000
v 0.375000 -1.053172 -0.375000
v -0.625000 -1.053172 -0.375000
v -0.375000 -1.053172 -0.375000
v 0.623923 -1.053172 -0.375000
v -0.000000 -1.053172 -0.625000
v -0.500000 -1.053172 -0.625000
v 0.375000 -1.053172 -0.625000
v -0.625000 -1.053172 -0.625000
v 1.000000 -1.053172 -0.875000
v -0.500000 -1.053172 -0.875000
v 0.500000 -1.053172 -1.000000
v 0.500000 -1.053172 -0.875000
v 0.250000 -1.053172 -0.875000
v 0.747847 -1.053172 -0.875000
v 0.873923 -1.053172 -0.875000
v -0.125000 -1.053172 -0.875000
v -0.625000 -1.053172 -0.875000
v 0.623923 -1.053172 -0.875000
v 0.125000 -1.053172 -0.875000
v -0.875000 -1.053172 -0.875000
v 0.873923 -1.053172 -0.500000
v 0.873923 -1.053172 -0.375000
v 0.873923 -1.053172 -0.625000
v 0.623923 -1.053172 1.000000
v 0.623923 -1.053172 -0.750000
v 0.623923 -1.053172 -0.625000
v 0.375000 -1.053172 0.000000
v 0.375000 -1.053172 0.750000
v 0.375000 -1.053172 0.871951
v 0.375000 -1.053172 0.125000
v 0.125000 -1.053172 -0.250000
v 0.125000 -1.053172 -0.750000
v 0.125000 -1.053172 0.750000
v 0.125000 -1.053172 0.871951
v 0.125000 -1.053172 0.625000
v 0.125000 -1.053172 -0.375000
v 0.125000 -1.053172 -0.625000
v -0.125000 -1.053172 0.000000
v -0.125000 -1.053172 0.125000
v -0.375000 -1.053172 -0.750000
v -0.375000 -1.053172 -0.625000
v -0.625000 -1.053172 0.000000
v -0.625000 -1.053172 -0.500000
v -0.625000 -1.053172 0.125000
v -0.875000 -1.053172 0.000000
v -0.875000 -1.053172 0.500000
v -0.875000 -1.053172 -0.500000
v -0.875000 -1.053172 0.750000
v -0.875000 -1.053172 0.871951
v -0.875000 -1.053172 0.625000
v -0.875000 -1.053172 0.375000
v -0.875000 -1.053172 0.125000
v -0.875000 -1.053172 -0.125000
v -0.875000 -1.053172 -0.375000
v -0.875000 -1.053172 -0.625000
v -1.000000 1.000000 -1.000000
v -1.000000 1.000000 1.000000
v -1.000000 -1.000000 -1.000000
v -1.000000 -1.000000 1.000000
v -1.000000 1.000000 -0.000000
v -1.000000 -1.000000 -0.000000
v -1.000000 0.000000 1.000000
v -1.000000 0.000000 -1.000000
v -1.000000 0.000000 -0.000000
v -1.000000 -0.500000 1.000000
v -1.000000 -0.500000 -1.000000
v -1.000000 -0.500000 -0.000000
v -1.000000 0.500000 -1.000000
v -1.000000 0.500000 -0.000000
v -1.000000 0.500000 1.000000
v -1.000000 1.000000 0.500000
v -1.000000 -1.000000 0.500000
v -1.000000 0.000000 0.500000
v -1.000000 -0.500000 0.500000
v -1.000000 0.500000 0.500000
v -1.000000 -1.000000 -0.500000
v -1.000000 1.000000 -0.500000
v -1.000000 0.000000 -0.500000
v -1.000000 -0.500000 -0.500000
v -1.000000 0.500000 -0.500000
v -1.000000 1.000000 -0.250000
v -1.000000 0.000000 -0.250000
v -1.000000 -0.500000 -0.250000
v -1.000000 0.500000 -0.250000
v -1.000000 -1.000000 -0.250000
v -1.000000 -1.000000 -0.750000
v -1.000000 1.000000 -0.750000
v -1.000000 0.000000 -0.750000
v -1.000000 -0.500000 -0.750000
v -1.000000 0.500000 -0.750000
v -1.000000 -1.000000 0.250000
v -1.000000 1.000000 0.250000
v -1.000000 0.000000 0.250000
v -1.000000 -0.500000 0.250000
v -1.000000 0.500000 0.250000
v -1.000000 1.000000 0.750000
v -1.000000 0.000000 0.750000
v -1.000000 -0.500000 0.750000
v -1.000000 0.500000 0.750000
v -1.000000 -1.000000 0.750000
v -1.000000 -0.750000 1.000000
v -1.000000 -0.750000 -1.000000
v -1.000000 -0.750000 -0.000000
v -1.000000 -0.750000 0.500000
v -1.000000 -0.750000 -0.500000
v -1.000000 -0.750000 -0.250000
v -1.000000 -0.750000 -0.750000
v -1.000000 -0.750000 0.250000
v -1.000000 -0.750000 0.750000
v -1.000000 -0.250000 -1.000000
v -1.000000 -0.250000 -0.000000
v -1.000000 -0.250000 1.000000
v -1.000000 -0.250000 0.500000
v -1.000000 -0.250000 -0.500000
v -1.000000 -0.250000 -0.250000
v -1.000000 -0.250000 -0.750000
v -1.000000 -0.250000 0.250000
v -1.000000 -0.250000 0.750000
v -1.000000 0.250000 1.000000
v -1.000000 0.250000 -1.000000
v -1.000000 0.250000 -0.000000
v -1.000000 0.250000 0.500000
v -1.000000 0.250000 -0.500000
v -1.000000 0.250000 -0.250000
v -1.000000 0.250000 -0.750000
v -1.000000 0.250000 0.250000
v -1.000000 0.250000 0.750000
v -1.000000 0.747847 -1.000000
v -1.000000 0.747847 -0.000000
v -1.000000 0.747847 1.000000
v -1.000000 0.747847 0.500000
v -1.000000 0.747847 -0.500000
v -1.000000 0.747847 -0.250000
v -1.000000 0.747847 -0.750000
v -1.000000 0.747847 0.250000
v -1.000000 0.747847 0.750000
v -1.000000 1.000000 0.871951
v -1.000000 0.000000 0.871951
v -1.000000 -0.500000 0.871951
v -1.000000 0.500000 0.871951
v -1.000000 -1.000000 0.871951
v -1.000000 -0.750000 0.871951
v -1.000000 -0.250000 0.871951
v -1.000000 0.250000 0.871951
v -1.000000 0.747847 0.871951
v -1.000000 -1.000000 0.625000
v -1.000000 1.000000 0.625000
v -1.000000 0.000000 0.625000
v -1.000000 -0.500000 0.625000
v -1.000000 0.500000 0.625000
v -1.000000 -0.750000 0.625000
v -1.000000 -0.250000 0.625000
v -1.000000 0.250000 0.625000
v -1.000000 0.747847 0.625000
v -1.000000 1.000000 0.375000
v -1.000000 0.000000 0.375000
v -1.000000 -0.500000 0.375000
v -1.000000 0.500000 0.375000
v -1.000000 -1.000000 0.375000
v -1.000000 -0.750000 0.375000
v -1.000000 -0.250000 0.375000
v -1.000000 0.250000 0.375000
v -1.000000 0.747847 0.375000
v -1.000000 -1.000000 0.125000
v -1.000000 1.000000 0.125000
v -1.000000 0.000000 0.125000
v -1.000000 -0.500000 0.125000
v -1.000000 0.500000 0.125000
v -1.000000 -0.750000 0.125000
v -1.000000 -0.250000 0.125000
v -1.000000 0.250000 0.125000
v -1.000000 0.747847 0.125000
v -1.000000 1.000000 -0.125000
v -1.000000 0.000000 -0.125000
v -1.000000 -0.500000 -0.125000
v -1.000000 0.500000 -0.125000
v -1.000000 -1.000000 -0.125000
v -1.000000 -0.750000 -0.125000
v -1.000000 -0.250000 -0.125000
v -1.000000 0.250000 -0.125000
v -1.000000 0.747847 -0.125000
v -1.000000 -1.000000 -0.375000
v -1.000000 1.000000 -0.375000
v -1.000000 0.000000 -0.375000
v -1.000000 -0.500000 -0.375000
v -1.000000 0.500000 -0.375000
v -1.000000 -0.750000 -0.375000
v -1.000000 -0.250000 -0.375000
v -1.000000 0.250000 -0.375000
v -1.000000 0.747847 -0.375000
v -1.000000 1.000000 -0.625000
v -1.000000 0.000000 -0.625000
v -1.000000 -0.500000 -0.625000
v -1.000000 0.500000 -0.625000
v -1.000000 -1.000000 -0.625000
v -1.000000 -0.750000 -0.625000
v -1.000000 -0.250000 -0.625000
v -1.000000 0.250000 -0.625000
v -1.000000 0.747847 -0.625000
v -1.000000 -1.000000 -0.875000
v -1.000000 1.000000 -0.875000
v -1.000000 0.000000 -0.875000
v -1.000000 -0.500000 -0.875000
v -1.000000 0.500000 -0.875000
v -1.000000 -0.750000 -0.875000
v -1.000000 -0.250000 -0.875000
v -1.000000 0.250000 -0.875000
v -1.000000 0.747847 -0.875000
v -1.000000 0.873923 -1.000000
v -1.000000 0.873923 -0.000000
v -1.000000 0.873923 0.500000
v -1.000000 0.873923 -0.500000
v -1.000000 0.873923 -0.250000
v -1.000000 0.873923 -0.750000
v -1.000000 0.873923 0.250000
v -1.000000 0.873923 0.750000
v -1.000000 0.873923 1.000000
v -1.000000 0.873923 0.871951
v -1.000000 0.873923 0.625000
v -1.000000 0.873923 0.375000
v -1.000000 0.873923 0.125000
v -1.000000 0.873923 -0.125000
v -1.000000 0.873923 -0.375000
v -1.000000 0.873923 -0.625000
v -1.000000 0.873923 -0.875000
v -1.000000 0.623923 1.000000
v -1.000000 0.623923 -1.000000
v -1.000000 0.623923 -0.000000
v -1.000000 0.623923 0.500000
v -1.000000 0.623923 -0.500000
v -1.000000 0.623923 -0.250000
v -1.000000 0.623923 -0.750000
v -1.000000 0.623923 0.250000
v -1.000000 0.623923 0.750000
v -1.000000 0.623923 0.871951
v -1.000000 0.623923 0.625000
v -1.000000 0.623923 0.375000
v -1.000000 0.623923 0.125000
v -1.000000 0.623923 -0.125000
v -1.000000 0.623923 -0.375000
v -1.000000 0.623923 -0.625000
v -1.000000 0.623923 -0.875000
v -1.000000 0.375000 -1.000000
v -1.000000 0.375000 -0.000000
v -1.000000 0.375000 -0.500000
v -1.000000 0.375000 -0.250000
v -1.000000 0.375000 -0.750000
v -1.000000 0.375000 0.250000
v -1.000000 0.375000 0.750000
v -1.000000 0.375000 1.000000
v -1.000000 0.375000 0.871951
v -1.000000 0.375000 0.625000
v -1.000000 0.375000 0.375000
v -1.000000 0.375000 0.125000
v -1.000000 0.375000 -0.125000
v -1.000000 0.375000 -0.375000
v -1.000000 0.375000 -0.625000
v -1.000000 0.375000 -0.875000
v -1.000000 0.125000 1.000000
v -1.000000 0.125000 -1.000000
v -1.000000 0.125000 -0.000000
v -1.000000 0.125000 0.500000
v -1.000000 0.125000 -0.500000
v -1.000000 0.125000 -0.250000
v -1.000000 0.125000 -0.750000
v -1.000000 0.125000 0.250000
v -1.000000 0.125000 0.750000
v -1.000000 0.125000 0.871951
v -1.000000 0.125000 0.625000
v -1.000000 0.125000 0.375000
v -1.000000 0.125000 0.125000
v -1.000000 0.125000 -0.125000
v -1.000000 0.125000 -0.375000
v -1.000000 0.125000 -0.625000
v -1.000000 0.125000 -0.875000
v -1.000000 -0.125000 -1.000000
v -1.000000 -0.125000 -0.000000
v -1.000000 -0.125000 0.500000
v -1.000000 -0.125000 -0.500000
v -1.000000 -0.125000 -0.250000
v -1.000000 -0.125000 -0.750000
v -1.000000 -0.125000 0.250000
v -1.000000 -0.125000 0.750000
v -1.000000 -0.125000 1.000000
v -1.000000 -0.125000 0.871951
v -1.000000 -0.125000 0.625000
v -1.000000 -0.125000 0.375000
v -1.000000 -0.125000 0.125000
v -1.000000 -0.125000 -0.125000
v -1.000000 -0.125000 -0.375000
v -1.000000 -0.125000 -0.625000
v -1.000000 -0.125000 -0.875000
v -1.000000 -0.375000 1.000000
v -1.000000 -0.375000 -1.000000
v -1.000000 -0.375000 -0.000000
v -1.000000 -0.375000 0.500000
v -1.000000 -0.375000 -0.500000
v -1.000000 -0.375000 -0.250000
v -1.000000 -0.375000 -0.750000
v -1.000000 -0.375000 0.250000
v -1.000000 -0.375000 0.750000
v -1.000000 -0.375000 0.871951
v -1.000000 -0.375000 0.625000
v -1.000000 -0.375000 0.375000
v -1.000000 -0.375000 0.125000
v -1.000000 -0.375000 -0.125000
v -1.000000 -0.375000 -0.375000
v -1.000000 -0.375000 -0.625000
v -1.000000 -0.375000 -0.875000
v -1.000000 -0.625000 -1.000000
v -1.000000 -0.625000 -0.000000
v -1.000000 -0.625000 0.500000
v -1.000000 -0.625000 -0.500000
v -1.000000 -0.625000 -0.250000
v -1.000000 -0.625000 -0.750000
v -1.000000 -0.625000 0.250000
v -1.000000 -0.625000 0.750000
v -1.000000 -0.625000 1.000000
v -1.000000 -0.625000 0.871951
v -1.000000 -0.625000 0.625000
v -1.000000 -0.625000 0.375000
v -1.000000 -0.625000 0.125000
v -1.000000 -0.625000 -0.125000
v -1.000000 -0.625000 -0.375000
v -1.000000 -0.625000 -0.625000
v -1.000000 -0.625000 -0.875000
v -1.000000 -0.875000 1.000000
v -1.000000 -0.875000 -1.000000
v -1.000000 -0.875000 -0.000000
v -1.000000 -0.875000 0.500000
v -1.000000 -0.875000 -0.500000
v -1.000000 -0.875000 -0.250000
v -1.000000 -0.875000 -0.750000
v -1.000000 -0.875000 0.250000
v -1.000000 -0.875000 0.750000
v -1.000000 -0.875000 0.871951
v -1.000000 -0.875000 0.625000
v -1.000000 -0.875000 0.375000
v -1.000000 -0.875000 0.125000
v -1.000000 -0.875000 -0.125000
v -1.000000 -0.875000 -0.375000
v -1.000000 -0.875000 -0.625000
v -1.000000 -0.875000 -0.875000
v -1.015825 0.873923 -0.000000
v -1.015825 1.000000 -0.000000
v -1.015825 0.000000 -0.125000
v -1.015825 0.000000 -0.000000
v -1.015825 0.623923 1.000000
v -1.015825 0.500000 1.000000
v -1.015825 0.500000 0.871951
v -1.015825 0.873923 -0.500000
v -1.015825 1.000000 -0.500000
v -1.015825 1.000000 -0.375000
v -1.015825 1.000000 -0.250000
v -1.015825 -0.500000 -0.375000
v -1.015825 -0.500000 -0.250000
v -1.015825 0.873923 -0.250000
v -1.015825 0.375000 -0.250000
v -1.015825 0.500000 -0.250000
v -1.015825 -0.500000 -0.875000
v -1.015825 -0.500000 -0.750000
v -1.015825 0.000000 0.125000
v -1.015825 0.000000 0.250000
v -1.015825 -0.500000 0.125000
v -1.015825 -0.500000 0.250000
v -1.015825 0.500000 0.125000
v -1.015825 0.500000 0.250000
v -1.015825 -0.625000 0.250000
v -1.015825 -0.125000 0.250000
v -1.015825 0.873923 0.250000
v -1.015825 1.000000 0.250000
v -1.015825 0.000000 0.625000
v -1.015825 0.000000 0.750000
v -1.015825 0.500000 0.625000
v -1.015825 0.500000 0.750000
v -1.015825 -0.125000 0.750000
v -1.015825 0.375000 0.750000
v -1.015825 -0.875000 -0.000000
v -1.015825 -0.750000 -0.000000
v -1.015825 -0.875000 0.750000
v -1.015825 -0.750000 0.750000
v -1.015825 -0.750000 -0.125000
v -1.015825 -0.750000 0.871951
v -1.015825 -0.750000 1.000000
v -1.015825 -0.375000 -1.000000
v -1.015825 -0.250000 -1.000000
v -1.015825 -0.375000 -0.500000
v -1.015825 -0.250000 -0.500000
v -1.015825 -0.375000 0.250000
v -1.015825 -0.250000 0.250000
v -1.015825 -0.250000 -0.625000
v -1.015825 -0.250000 -0.125000
v -1.015825 -0.250000 -0.000000
v -1.015825 0.125000 -0.500000
v -1.015825 0.250000 -0.500000
v -1.015825 0.125000 -0.250000
v -1.015825 0.250000 -0.250000
v -1.015825 0.125000 -0.750000
v -1.015825 0.250000 -0.750000
v -1.015825 0.250000 0.625000
v -1.015825 0.250000 0.750000
v -1.015825 0.250000 -0.875000
v -1.015825 0.250000 -0.375000
v -1.015825 0.250000 -0.625000
v -1.015825 0.623923 -0.750000
v -1.015825 0.747847 -0.750000
v -1.015825 0.623923 0.250000
v -1.015825 0.747847 0.250000
v -1.015825 0.747847 0.125000
v -1.015825 0.747847 -0.875000
v -1.015825 0.747847 0.375000
v -1.015825 0.747847 0.500000
v -1.015825 -0.250000 0.750000
v -1.015825 -0.250000 0.871951
v -1.015825 0.747847 0.750000
v -1.015825 0.747847 0.871951
v -1.015825 0.375000 0.871951
v -1.015825 -0.875000 0.871951
v -1.015825 0.500000 0.500000
v -1.015825 0.375000 0.625000
v -1.015825 -0.125000 0.625000
v -1.015825 1.000000 0.375000
v -1.015825 0.000000 0.375000
v -1.015825 -0.500000 0.375000
v -1.015825 -0.250000 0.375000
v -1.015825 0.873923 0.375000
v -1.015825 -0.375000 0.375000
v -1.015825 0.623923 0.375000
v -1.015825 -1.000000 0.250000
v -1.015825 -1.000000 0.125000
v -1.015825 1.000000 0.125000
v -1.015825 0.500000 -0.000000
v -1.015825 0.873923 0.125000
v -1.015825 -0.125000 0.125000
v -1.015825 -0.625000 0.125000
v -1.015825 0.623923 0.125000
v -1.015825 0.500000 -0.125000
v -1.015825 -0.750000 -0.250000
v -1.015825 0.250000 -0.125000
v -1.015825 0.747847 -0.250000
v -1.015825 0.747847 -0.125000
v -1.015825 0.375000 -0.125000
v -1.015825 -0.875000 -0.125000
v -1.015825 0.500000 -0.500000
v -1.015825 0.500000 -0.375000
v -1.015825 0.873923 -0.375000
v -1.015825 0.125000 -0.375000
v -1.015825 0.747847 -0.625000
v -1.015825 0.125000 -0.625000
v -1.015825 -0.375000 -0.625000
v -1.015825 -0.750000 -1.000000
v -1.015825 -0.750000 -0.875000
v -1.015825 -0.250000 -0.875000
v -1.015825 0.623923 -0.875000
v -1.015825 -0.375000 -0.875000
v -1.015825 0.125000 -0.875000
v -1.015825 0.873923 0.500000
v -1.015825 0.873923 -0.750000
v -1.015825 0.873923 0.750000
v -1.015825 0.873923 0.871951
v -1.015825 0.873923 -0.125000
v -1.015825 0.873923 -0.625000
v -1.015825 0.623923 -0.000000
v -1.015825 0.623923 0.500000
v -1.015825 0.623923 -0.500000
v -1.015825 0.623923 0.750000
v -1.015825 0.623923 0.871951
v -1.015825 0.623923 0.625000
v -1.015825 0.623923 -0.375000
v -1.015825 0.375000 1.000000
v -1.015825 0.125000 -0.000000
v -1.015825 0.125000 0.250000
v -1.015825 0.125000 0.375000
v -1.015825 0.125000 -0.125000
v -1.015825 -0.125000 -0.000000
v -1.015825 -0.125000 0.871951
v -1.015825 -0.125000 -0.125000
v -1.015825 -0.375000 -0.250000
v -1.015825 -0.375000 -0.750000
v -1.015825 -0.375000 -0.375000
v -1.015825 -0.625000 -1.000000
v -1.015825 -0.625000 -0.250000
v -1.015825 -0.625000 -0.125000
v -1.015825 -0.625000 -0.875000
v -1.015825 -0.875000 1.000000
v -1.015825 -0.875000 0.250000
v -1.015825 -0.875000 0.125000
v -1.034287 0.500000 -0.875000
v -1.034287 0.500000 -0.750000
v -1.034288 0.375000 -0.750000
v -1.034288 0.375000 1.000000
v -1.034288 0.250000 1.000000
v -1.034288 0.125000 -0.000000
v -1.034288 0.250000 -0.000000
v -1.034288 0.250000 0.871951
v -1.034288 0.250000 -0.125000
v -1.034287 0.623923 -0.500000
v -1.034287 0.747847 -0.500000
v -1.034287 0.747847 -0.625000
v -1.034288 -0.750000 0.250000
v -1.034288 -0.750000 0.375000
v -1.034288 0.125000 -0.125000
v -1.034287 0.623923 -0.625000
v -1.034287 0.375000 -0.875000
v -1.034288 0.375000 0.871951
v -1.034288 -0.625000 0.250000
v -1.034288 -0.625000 0.375000
v -1.053172 -1.000000 -0.875000
v -1.053172 -1.000000 -1.000000
v -1.053172 0.873923 -1.000000
v -1.053172 1.000000 -1.000000
v -1.053173 -1.000000 0.125000
v -1.053173 -1.000000 -0.000000
v -1.053172 -0.125000 -1.000000
v -1.053172 0.000000 -1.000000
v -1.053172 -0.625000 -1.000000
v -1.053172 -0.500000 -1.000000
v -1.053172 0.500000 -0.125000
v -1.053172 0.500000 -0.000000
v -1.053173 -1.000000 0.625000
v -1.053173 -1.000000 0.500000
v -1.053172 0.000000 0.375000
v -1.053172 0.000000 0.500000
v -1.053172 -0.500000 0.375000
v -1.053172 -0.500000 0.500000
v -1.053172 0.500000 0.375000
v -1.053172 0.500000 0.500000
v -1.053172 0.873923 0.500000
v -1.053172 1.000000 0.500000
v -1.053172 -0.125000 0.500000
v -1.053172 0.375000 0.500000
v -1.053173 -0.625000 0.500000
v -1.053172 -1.000000 -0.375000
v -1.053172 -1.000000 -0.500000
v -1.053172 0.500000 -0.625000
v -1.053172 0.500000 -0.500000
v -1.053172 0.375000 -0.500000
v -1.053172 0.000000 -0.375000
v -1.053172 0.000000 -0.250000
v -1.053172 -0.500000 -0.375000
v -1.053172 -0.500000 -0.250000
v -1.053172 0.500000 -0.375000
v -1.053172 0.500000 -0.250000
v -1.053172 0.873923 -0.250000
v -1.053172 1.000000 -0.250000
v -1.053172 0.375000 -0.250000
v -1.053172 -0.625000 -0.250000
v -1.053172 -1.000000 -0.625000
v -1.053172 -1.000000 -0.750000
v -1.053172 0.000000 -0.875000
v -1.053172 0.000000 -0.750000
v -1.053172 -0.625000 -0.750000
v -1.053172 -0.500000 -0.750000
v -1.053172 0.375000 -0.750000
v -1.053172 0.500000 -0.750000
v -1.053172 -0.125000 -0.750000
v -1.053172 1.000000 0.125000
v -1.053172 1.000000 0.250000
v -1.053172 -0.625000 0.250000
v -1.053172 -0.500000 0.250000
v -1.053172 -0.125000 0.250000
v -1.053172 0.000000 0.250000
v -1.053172 0.873923 0.250000
v -1.053172 0.000000 0.625000
v -1.053172 0.000000 0.750000
v -1.053173 -0.500000 0.625000
v -1.053173 -0.500000 0.750000
v -1.053173 -1.000000 0.871951
v -1.053173 -1.000000 0.750000
v -1.053173 -0.625000 0.750000
v -1.053172 -0.875000 -1.000000
v -1.053172 -0.750000 -1.000000
v -1.053172 -0.875000 -0.750000
v -1.053172 -0.750000 -0.750000
v -1.053172 -0.750000 -0.875000
v -1.053172 -0.375000 -0.000000
v -1.053172 -0.250000 -0.000000
v -1.053172 -0.375000 0.500000
v -1.053172 -0.250000 0.500000
v -1.053172 -0.375000 -0.250000
v -1.053172 -0.250000 -0.250000
v -1.053172 -0.375000 0.750000
v -1.053172 -0.250000 0.750000
v -1.053172 -0.250000 -0.375000
v -1.053172 -0.250000 -0.125000
v -1.053172 0.125000 -1.000000
v -1.053172 0.250000 -1.000000
v -1.053172 0.125000 -0.000000
v -1.053172 0.250000 -0.000000
v -1.053172 0.125000 0.500000
v -1.053172 0.250000 0.500000
v -1.053172 0.250000 -0.375000
v -1.053172 0.250000 -0.250000
v -1.053172 0.250000 0.375000
v -1.053172 0.623923 -1.000000
v -1.053172 0.747847 -1.000000
v -1.053172 0.623923 -0.000000
v -1.053172 0.747847 -0.000000
v -1.053172 0.623923 0.500000
v -1.053172 0.747847 0.500000
v -1.053172 0.623923 -0.250000
v -1.053172 0.747847 -0.250000
v -1.053172 0.747847 0.125000
v -1.053172 0.747847 0.250000
v -1.053172 0.747847 -0.375000
v -1.053172 0.747847 -0.625000
v -1.053172 0.747847 -0.500000
v -1.053172 0.747847 0.375000
v -1.053172 0.747847 0.871951
v -1.053172 0.747847 1.000000
v -1.053172 0.000000 0.871951
v -1.053172 -0.250000 0.871951
v -1.053172 0.250000 0.750000
v -1.053172 0.250000 0.871951
v -1.053172 0.623923 0.871951
v -1.053173 -0.375000 0.871951
v -1.053172 1.000000 0.625000
v -1.053172 0.500000 0.625000
v -1.053172 -0.250000 0.625000
v -1.053172 0.250000 0.625000
v -1.053172 0.747847 0.625000
v -1.053172 0.873923 0.625000
v -1.053172 0.375000 0.625000
v -1.053172 -0.125000 0.625000
v -1.053173 -0.625000 0.625000
v -1.053172 -0.375000 0.625000
v -1.053172 0.623923 0.625000
v -1.053173 -1.000000 0.375000
v -1.053172 0.375000 0.375000
v -1.053172 -0.125000 0.375000
v -1.053172 -0.625000 0.375000
v -1.053172 0.125000 0.375000
v -1.053172 0.623923 0.375000
v -1.053172 0.000000 -0.000000
v -1.053172 0.000000 0.125000
v -1.053172 -0.750000 -0.000000
v -1.053172 -0.750000 0.125000
v -1.053172 -0.250000 0.125000
v -1.053172 0.250000 0.125000
v -1.053172 0.873923 0.125000
v -1.053172 0.623923 0.125000
v -1.053172 0.125000 0.125000
v -1.053172 1.000000 -0.125000
v -1.053172 -0.500000 -0.125000
v -1.053172 -1.000000 -0.125000
v -1.053172 0.747847 -0.125000
v -1.053172 0.873923 -0.125000
v -1.053172 0.623923 -0.125000
v -1.053172 -0.375000 -0.125000
v -1.053172 -0.750000 -0.500000
v -1.053172 -0.750000 -0.375000
v -1.053172 0.375000 -0.375000
v -1.053172 -0.625000 -0.375000
v -1.053172 -0.375000 -0.375000
v -1.053172 0.623923 -0.375000
v -1.053172 0.000000 -0.625000
v -1.053172 -0.500000 -0.625000
v -1.053172 0.375000 -0.625000
v -1.053172 -0.625000 -0.625000
v -1.053172 1.000000 -0.875000
v -1.053172 -0.500000 -0.875000
v -1.053172 0.500000 -1.000000
v -1.053172 0.500000 -0.875000
v -1.053172 0.250000 -0.875000
v -1.053172 0.747847 -0.875000
v -1.053172 0.873923 -0.875000
v -1.053172 -0.125000 -0.875000
v -1.053172 -0.625000 -0.875000
v -1.053172 0.623923 -0.875000
v -1.053172 0.125000 -0.875000
v -1.053172 -0.875000 -0.875000
v -1.053172 0.873923 -0.500000
v -1.053172 0.873923 -0.375000
v -1.053172 0.873923 -0.625000
v -1.053172 0.623923 1.000000
v -1.053172 0.623923 -0.750000
v -1.053172 0.623923 -0.625000
v -1.053172 0.375000 -0.000000
v -1.053172 0.375000 0.750000
v -1.053172 0.375000 0.871951
v -1.053172 0.375000 0.125000
v -1.053172 0.125000 -0.250000
v -1.053172 0.125000 -0.750000
v -1.053172 0.125000 0.750000
v -1.053172 0.125000 0.871951
v -1.053172 0.125000 0.625000
v -1.053172 0.125000 -0.375000
v -1.053172 0.125000 -0.625000
v -1.053172 -0.125000 -0.000000
v -1.053172 -0.125000 0.125000
v -1.053172 -0.375000 -0.750000
v -1.053172 -0.375000 -0.625000
v -1.053172 -0.625000 -0.000000
v -1.053172 -0.625000 -0.500000
v -1.053172 -0.625000 0.125000
v -1.053172 -0.875000 -0.000000
v -1.053173 -0.875000 0.500000
v -1.053172 -0.875000 -0.500000
v -1.053173 -0.875000 0.750000
v -1.053173 -0.875000 0.871951
v -1.053173 -0.875000 0.625000
v -1.053173 -0.875000 0.375000
v -1.053173 -0.875000 0.125000
v -1.053172 -0.875000 -0.125000
v -1.053172 -0.875000 -0.375000
v -1.053172 -0.875000 -0.625000
v 1.000000 1.000000 -1.000000
v 1.000000 1.000000 1.000000
v 1.000000 -1.000000 -1.000000
v 1.000000 -1.000000 1.000000
v 1.000000 1.000000 0.000000
v 1.000000 -1.000000 0.000000
v 1.000000 -0.000000 1.000000
v 1.000000 -0.000000 -1.000000
v 1.000000 -0.000000 0.000000
v 1.000000 -0.500000 1.000000
v 1.000000 -0.500000 -1.000000
v 1.000000 -0.500000 0.000000
v 1.000000 0.500000 -1.000000
v 1.000000 0.500000 0.000000
v 1.000000 0.500000 1.000000
v 1.000000 1.000000 0.500000
v 1.000000 -1.000000 0.500000
v 1.000000 -0.000000 0.500000
v 1.000000 -0.500000 0.500000
v 1.000000 0.500000 0.500000
v 1.000000 -1.000000 -0.500000
v 1.000000 1.000000 -0.500000
v 1.000000 -0.000000 -0.500000
v 1.000000 -0.500000 -0.500000
v 1.000000 0.500000 -0.500000
v 1.000000 1.000000 -0.250000
v 1.000000 -0.000000 -0.250000
v 1.000000 -0.500000 -0.250000
v 1.000000 0.500000 -0.250000
v 1.000000 -1.000000 -0.250000
v 1.000000 -1.000000 -0.750000
v 1.000000 1.000000 -0.750000
v 1.000000 -0.000000 -0.750000
v 1.000000 -0.500000 -0.750000
v 1.000000 0.500000 -0.750000
v 1.000000 -1.000000 0.250000
v 1.000000 1.000000 0.250000
v 1.000000 -0.000000 0.250000
v 1.000000 -0.500000 0.250000
v 1.000000 0.500000 0.250000
v 1.000000 1.000000 0.750000
v 1.000000 -0.000000 0.750000
v 1.000000 -0.500000 0.750000
v 1.000000 0.500000 0.750000
v 1.000000 -1.000000 0.750000
v 1.000000 -0.750000 1.000000
v 1.000000 -0.750000 -1.000000
v 1.000000 -0.750000 0.000000
v 1.000000 -0.750000 0.500000
v 1.000000 -0.750000 -0.500000
v 1.000000 -0.750000 -0.250000
v 1.000000 -0.750000 -0.750000
v 1.000000 -0.750000 0.250000
v 1.000000 -0.750000 0.750000
v 1.000000 -0.250000 -1.000000
v 1.000000 -0.250000 0.000000
v 1.000000 -0.250000 1.000000
v 1.000000 -0.250000 0.500000
v 1.000000 -0.250000 -0.500000
v 1.000000 -0.250000 -0.250000
v 1.000000 -0.250000 -0.750000
v 1.000000 -0.250000 0.250000
v 1.000000 -0.250000 0.750000
v 1.000000 0.250000 1.000000
v 1.000000 0.250000 -1.000000
v 1.000000 0.250000 0.000000
v 1.000000 0.250000 0.500000
v 1.000000 0.250000 -0.500000
v 1.000000 0.250000 -0.250000
v 1.000000 0.250000 -0.750000
v 1.000000 0.250000 0.250000
v 1.000000 0.250000 0.750000
v 1.000000 0.747846 -1.000000
v 1.000000 0.747846 0.000000
v 1.000000 0.747846 1.000000
v 1.000000 0.747846 0.500000
v 1.000000 0.747846 -0.500000
v 1.000000 0.747846 -0.250000
v 1.000000 0.747846 -0.750000
v 1.000000 0.747846 0.250000
v 1.000000 0.747846 0.750000
v 1.000000 1.000000 0.871951
v 1.000000 -0.000000 0.871951
v 1.000000 -0.500000 0.871951
v 1.000000 0.500000 0.871951
v 1.000000 -1.000000 0.871951
v 1.000000 -0.750000 0.871951
v 1.000000 -0.250000 0.871951
v 1.000000 0.250000 0.871951
v 1.000000 0.747846 0.871951
v 1.000000 -1.000000 0.625000
v 1.000000 1.000000 0.625000
v 1.000000 -0.000000 0.625000
v 1.000000 -0.500000 0.625000
v 1.000000 0.500000 0.625000
v 1.000000 -0.750000 0.625000
v 1.000000 -0.250000 0.625000
v 1.000000 0.250000 0.625000
v 1.000000 0.747846 0.625000
v 1.000000 1.000000 0.375000
v 1.000000 -0.000000 0.375000
v 1.000000 -0.500000 0.375000
v 1.000000 0.500000 0.375000
v 1.000000 -1.000000 0.375000
v 1.000000 -0.750000 0.375000
v 1.000000 -0.250000 0.375000
v 1.000000 0.250000 0.375000
v 1.000000 0.747846 0.375000
v 1.000000 -1.000000 0.125000
v 1.000000 1.000000 0.125000
v 1.000000 -0.000000 0.125000
v 1.000000 -0.500000 0.125000
v 1.000000 0.500000 0.125000
v 1.000000 -0.750000 0.125000
v 1.000000 -0.250000 0.125000
v 1.000000 0.250000 0.125000
v 1.000000 0.747846 0.125000
v 1.000000 1.000000 -0.125000
v 1.000000 -0.000000 -0.125000
v 1.000000 -0.500000 -0.125000
v 1.000000 0.500000 -0.125000
v 1.000000 -1.000000 -0.125000
v 1.000000 -0.750000 -0.125000
v 1.000000 -0.250000 -0.125000
v 1.000000 0.250000 -0.125000
v 1.000000 0.747846 -0.125000
v 1.000000 -1.000000 -0.375000
v 1.000000 1.000000 -0.375000
v 1.000000 -0.000000 -0.375000
v 1.000000 -0.500000 -0.375000
v 1.000000 0.500000 -0.375000
v 1.000000 -0.750000 -0.375000
v 1.000000 -0.250000 -0.375000
v 1.000000 0.250000 -0.375000
v 1.000000 0.747846 -0.375000
v 1.000000 1.000000 -0.625000
v 1.000000 -0.000000 -0.625000
v 1.000000 -0.500000 -0.625000
v 1.000000 0.500000 -0.625000
v 1.000000 -1.000000 -0.625000
v 1.000000 -0.750000 -0.625000
v 1.000000 -0.250000 -0.625000
v 1.000000 0.250000 -0.625000
v 1.000000 0.747846 -0.625000
v 1.000000 -1.000000 -0.875000
v 1.000000 1.000000 -0.875000
v 1.000000 -0.000000 -0.875000
v 1.000000 -0.500000 -0.875000
v 1.000000 0.500000 -0.875000
v 1.000000 -0.750000 -0.875000
v 1.000000 -0.250000 -0.875000
v 1.000000 0.250000 -0.875000
v 1.000000 0.747846 -0.875000
v 1.000000 0.873923 -1.000000
v 1.000000 0.873923 0.000000
v 1.000000 0.873923 0.500000
v 1.000000 0.873923 -0.500000
v 1.000000 0.873923 -0.250000
v 1.000000 0.873923 -0.750000
v 1.000000 0.873923 0.250000
v 1.000000 0.873923 0.750000
v 1.000000 0.873923 1.000000
v 1.000000 0.873923 0.871951
v 1.000000 0.873923 0.625000
v 1.000000 0.873923 0.375000
v 1.000000 0.873923 0.125000
v 1.000000 0.873923 -0.125000
v 1.000000 0.873923 -0.375000
v 1.000000 0.873923 -0.625000
v 1.000000 0.873923 -0.875000
v 1.000000 0.623923 1.000000
v 1.000000 0.623923 -1.000000
v 1.000000 0.623923 0.000000
v 1.000000 0.623923 0.500000
v 1.000000 0.623923 -0.500000
v 1.000000 0.623923 -0.250000
v 1.000000 0.623923 -0.750000
v 1.000000 0.623923 0.250000
v 1.000000 0.623923 0.750000
v 1.000000 0.623923 0.871951
v 1.000000 0.623923 0.625000
v 1.000000 0.623923 0.375000
v 1.000000 0.623923 0.125000
v 1.000000 0.623923 -0.125000
v 1.000000 0.623923 -0.375000
v 1.000000 0.623923 -0.625000
v 1.000000 0.623923 -0.875000
v 1.000000 0.375000 -1.000000
v 1.000000 0.375000 0.000000
v 1.000000 0.375000 -0.500000
v 1.000000 0.375000 -0.250000
v 1.000000 0.375000 -0.750000
v 1.000000 0.375000 0.250000
v 1.000000 0.375000 0.750000
v 1.000000 0.375000 1.000000
v 1.000000 0.375000 0.871951
v 1.000000 0.375000 0.625000
v 1.000000 0.375000 0.375000
v 1.000000 0.375000 0.125000
v 1.000000 0.375000 -0.125000
v 1.000000 0.375000 -0.375000
v 1.000000 0.375000 -0.625000
v 1.000000 0.375000 -0.875000
v 1.000000 0.125000 1.000000
v 1.000000 0.125000 -1.000000
v 1.000000 0.125000 0.000000
v 1.000000 0.125000 0.500000
v 1.000000 0.125000 -0.500000
v 1.000000 0.125000 -0.250000
v 1.000000 0.125000 -0.750000
v 1.000000 0.125000 0.250000
v 1.000000 0.125000 0.750000
v 1.000000 0.125000 0.871951
v 1.000000 0.125000 0.625000
v 1.000000 0.125000 0.375000
v 1.000000 0.125000 0.125000
v 1.000000 0.125000 -0.125000
v 1.000000 0.125000 -0.375000
v 1.000000 0.125000 -0.625000
v 1.000000 0.125000 -0.875000
v 1.000000 -0.125000 -1.000000
v 1.000000 -0.125000 0.000000
v 1.000000 -0.125000 0.500000
v 1.000000 -0.125000 -0.500000
v 1.000000 -0.125000 -0.250000
v 1.000000 -0.125000 -0.750000
v 1.000000 -0.125000 0.250000
v 1.000000 -0.125000 0.750000
v 1.000000 -0.125000 1.000000
v 1.000000 -0.125000 0.871951
v 1.000000 -0.125000 0.625000
v 1.000000 -0.125000 0.375000
v 1.000000 -0.125000 0.125000
v 1.000000 -0.125000 -0.125000
v 1.000000 -0.125000 -0.375000
v 1.000000 -0.125000 -0.625000
v 1.000000 -0.125000 -0.875000
v 1.000000 -0.375000 1.000000
v 1.000000 -0.375000 -1.000000
v 1.000000 -0.375000 0.000000
v 1.000000 -0.375000 0.500000
v 1.000000 -0.375000 -0.500000
v 1.000000 -0.375000 -0.250000
v 1.000000 -0.375000 -0.750000
v 1.000000 -0.375000 0.250000
v 1.000000 -0.375000 0.750000
v 1.000000 -0.375000 0.871951
v 1.000000 -0.375000 0.625000
v 1.000000 -0.375000 0.375000
v 1.000000 -0.375000 0.125000
v 1.000000 -0.375000 -0.125000
v 1.000000 -0.375000 -0.375000
v 1.000000 -0.375000 -0.625000
v 1.000000 -0.375000 -0.875000
v 1.000000 -0.625000 -1.000000
v 1.000000 -0.625000 0.000000
v 1.000000 -0.625000 0.500000
v 1.000000 -0.625000 -0.500000
v 1.000000 -0.625000 -0.250000
v 1.000000 -0.625000 -0.750000
v 1.000000 -0.625000 0.250000
v 1.000000 -0.625000 0.750000
v 1.000000 -0.625000 1.000000
v 1.000000 -0.625000 0.871951
v 1.000000 -0.625000 0.625000
v 1.000000 -0.625000 0.375000
v 1.000000 -0.625000 0.125000
v 1.000000 -0.625000 -0.125000
v 1.000000 -0.625000 -0.375000
v 1.000000 -0.625000 -0.625000
v 1.000000 -0.625000 -0.875000
v 1.000000 -0.875000 1.000000
v 1.000000 -0.875000 -1.000000
v 1.000000 -0.875000 0.000000
v 1.000000 -0.875000 0.500000
v 1.000000 -0.875000 -0.500000
v 1.000000 -0.875000 -0.250000
v 1.000000 -0.875000 -0.750000
v 1.000000 -0.875000 0.250000
v 1.000000 -0.875000 0.750000
v 1.000000 -0.875000 0.871951
v 1.000000 -0.875000 0.625000
v 1.000000 -0.875000 0.375000
v 1.000000 -0.875000 0.125000
v 1.000000 -0.875000 -0.125000
v 1.000000 -0.875000 -0.375000
v 1.000000 -0.875000 -0.625000
v 1.000000 -0.875000 -0.875000
v 1.015825 0.873923 0.000000
v 1.015825 1.000000 0.000000
v 1.015825 -0.000000 -0.125000
v 1.015825 -0.000000 0.000000
v 1.015825 0.623923 1.000000
v 1.015825 0.500000 1.000000
v 1.015825 0.500000 0.871951
v 1.015825 0.873923 -0.500000
v 1.015825 1.000000 -0.500000
v 1.015825 1.000000 -0.375000
v 1.015825 1.000000 -0.250000
v 1.015825 -0.500000 -0.375000
v 1.015825 -0.500000 -0.250000
v 1.015825 0.873923 -0.250000
v 1.015825 0.375000 -0.250000
v 1.015825 0.500000 -0.250000
v 1.015825 -0.500000 -0.875000
v 1.015825 -0.500000 -0.750000
v 1.015825 -0.000000 0.125000
v 1.015825 -0.000000 0.250000
v 1.015825 -0.500000 0.125000
v 1.015825 -0.500000 0.250000
v 1.015825 0.500000 0.125000
v 1.015825 0.500000 0.250000
v 1.015825 -0.625000 0.250000
v 1.015825 -0.125000 0.250000
v 1.015825 0.873923 0.250000
v 1.015825 1.000000 0.250000
v 1.015825 -0.000000 0.625000
v 1.015825 -0.000000 0.750000
v 1.015825 0.500000 0.625000
v 1.015825 0.500000 0.750000
v 1.015825 -0.125000 0.750000
v 1.015825 0.375000 0.750000
v 1.015825 -0.875000 0.000000
v 1.015825 -0.750000 0.000000
v 1.015825 -0.875000 0.750000
v 1.015825 -0.750000 0.750000
v 1.015825 -0.750000 -0.125000
v 1.015825 -0.750000 0.871951
v 1.015825 -0.750000 1.000000
v 1.015825 -0.375000 -1.000000
v 1.015825 -0.250000 -1.000000
v 1.015825 -0.375000 -0.500000
v 1.015825 -0.250000 -0.500000
v 1.015825 -0.375000 0.250000
v 1.015825 -0.250000 0.250000
v 1.015825 -0.250000 -0.625000
v 1.015825 -0.250000 -0.125000
v 1.015825 -0.250000 0.000000
v 1.015825 0.125000 -0.500000
v 1.015825 0.250000 -0.500000
v 1.015825 0.125000 -0.250000
v 1.015825 0.250000 -0.250000
v 1.015825 0.125000 -0.750000
v 1.015825 0.250000 -0.750000
v 1.015825 0.250000 0.625000
v 1.015825 0.250000 0.750000
v 1.015825 0.250000 -0.875000
v 1.015825 0.250000 -0.375000
v 1.015825 0.250000 -0.625000
v 1.015825 0.623923 -0.750000
v 1.015825 0.747846 -0.750000
v 1.015825 0.623923 0.250000
v 1.015825 0.747846 0.250000
v 1.015825 0.747846 0.125000
v 1.015825 0.747846 -0.875000
v 1.015825 0.747846 0.375000
v 1.015825 0.747846 0.500000
v 1.015825 -0.250000 0.750000
v 1.015825 -0.250000 0.871951
v 1.015825 0.747846 0.750000
v 1.015825 0.747846 0.871951
v 1.015825 0.375000 0.871951
v 1.015825 -0.875000 0.871951
v 1.015825 0.500000 0.500000
v 1.015825 0.375000 0.625000
v 1.015825 -0.125000 0.625000
v 1.015825 1.000000 0.375000
v 1.015825 -0.000000 0.375000
v 1.015825 -0.500000 0.375000
v 1.015825 -0.250000 0.375000
v 1.015825 0.873923 0.375000
v 1.015825 -0.375000 0.375000
v 1.015825 0.623923 0.375000
v 1.015825 -1.000000 0.250000
v 1.015825 -1.000000 0.125000
v 1.015825 1.000000 0.125000
v 1.015825 0.500000 0.000000
v 1.015825 0.873923 0.125000
v 1.015825 -0.125000 0.125000
v 1.015825 -0.625000 0.125000
v 1.015825 0.623923 0.125000
v 1.015825 0.500000 -0.125000
v 1.015825 -0.750000 -0.250000
v 1.015825 0.250000 -0.125000
v 1.015825 0.747846 -0.250000
v 1.015825 0.747846 -0.125000
v 1.015825 0.375000 -0.125000
v 1.015825 -0.875000 -0.125000
v 1.015825 0.500000 -0.500000
v 1.015825 0.500000 -0.375000
v 1.015825 0.873923 -0.375000
v 1.015825 0.125000 -0.375000
v 1.015825 0.747846 -0.625000
v 1.015825 0.125000 -0.625000
v 1.015825 -0.375000 -0.625000
v 1.015825 -0.750000 -1.000000
v 1.015825 -0.750000 -0.875000
v 1.015825 -0.250000 -0.875000
v 1.015825 0.623923 -0.875000
v 1.015825 -0.375000 -0.875000
v 1.015825 0.125000 -0.875000
v 1.015825 0.873923 0.500000
v 1.015825 0.873923 -0.750000
v 1.015825 0.873923 0.750000
v 1.015825 0.873923 0.871951
v 1.015825 0.873923 -0.125000
v 1.015825 0.873923 -0.625000
v 1.015825 0.623923 0.000000
v 1.015825 0.623923 0.500000
v 1.015825 0.623923 -0.500000
v 1.015825 0.623923 0.750000
v 1.015825 0.623923 0.871951
v 1.015825 0.623923 0.625000
v 1.015825 0.623923 -0.375000
v 1.015825 0.375000 1.000000
v 1.015825 0.125000 0.000000
v 1.015825 0.125000 0.250000
v 1.015825 0.125000 0.375000
v 1.015825 0.125000 -0.125000
v 1.015825 -0.125000 0.000000
v 1.015825 -0.125000 0.871951
v 1.015825 -0.125000 -0.125000
v 1.015825 -0.375000 -0.250000
v 1.015825 -0.375000 -0.750000
v 1.015825 -0.375000 -0.375000
v 1.015825 -0.625000 -1.000000
v 1.015825 -0.625000 -0.250000
v 1.015825 -0.625000 -0.125000
v 1.015825 -0.625000 -0.875000
v 1.015825 -0.875000 1.000000
v 1.015825 -0.875000 0.250000
v 1.015825 -0.875000 0.125000
v 1.034288 0.500000 -0.875000
v 1.034288 0.500000 -0.750000
v 1.034288 0.375000 -0.750000
v 1.034288 0.375000 1.000000
v 1.034288 0.250000 1.000000
v 1.034288 0.125000 0.000000
v 1.034288 0.250000 0.000000
v 1.034288 0.250000 0.871951
v 1.034288 0.250000 -0.125000
v 1.034288 0.623923 -0.500000
v 1.034288 0.747846 -0.500000
v 1.034288 0.747846 -0.625000
v 1.034287 -0.750000 0.250000
v 1.034287 -0.750000 0.375000
v 1.034288 0.125000 -0.125000
v 1.034288 0.623923 -0.625000
v 1.034288 0.375000 -0.875000
v 1.034288 0.375000 0.871951
v 1.034288 -0.625000 0.250000
v 1.034288 -0.625000 0.375000
v 1.053172 -1.000000 -0.875000
v 1.053172 -1.000000 -1.000000
v 1.053173 0.873923 -1.000000
v 1.053173 1.000000 -1.000000
v 1.053172 -1.000000 0.125000
v 1.053172 -1.000000 0.000000
v 1.053172 -0.125000 -1.000000
v 1.053172 -0.000000 -1.000000
v 1.053172 -0.625000 -1.000000
v 1.053172 -0.500000 -1.000000
v 1.053172 0.500000 -0.125000
v 1.053172 0.500000 0.000000
v 1.053172 -1.000000 0.625000
v 1.053172 -1.000000 0.500000
v 1.053172 -0.000000 0.375000
v 1.053172 -0.000000 0.500000
v 1.053172 -0.500000 0.375000
v 1.053172 -0.500000 0.500000
v 1.053172 0.500000 0.375000
v 1.053172 0.500000 0.500000
v 1.053172 0.873923 0.500000
v 1.053172 1.000000 0.500000
v 1.053172 -0.125000 0.500000
v 1.053172 0.375000 0.500000
v 1.053172 -0.625000 0.500000
v 1.053172 -1.000000 -0.375000
v 1.053172 -1.000000 -0.500000
v 1.053173 0.500000 -0.625000
v 1.053172 0.500000 -0.500000
v 1.053172 0.375000 -0.500000
v 1.053172 -0.000000 -0.375000
v 1.053172 -0.000000 -0.250000
v 1.053172 -0.500000 -0.375000
v 1.053172 -0.500000 -0.250000
v 1.053172 0.500000 -0.375000
v 1.053172 0.500000 -0.250000
v 1.053173 0.873923 -0.250000
v 1.053173 1.000000 -0.250000
v 1.053172 0.375000 -0.250000
v 1.053172 -0.625000 -0.250000
v 1.053172 -1.000000 -0.625000
v 1.053172 -1.000000 -0.750000
v 1.053172 -0.000000 -0.875000
v 1.053172 -0.000000 -0.750000
v 1.053172 -0.625000 -0.750000
v 1.053172 -0.500000 -0.750000
v 1.053172 0.375000 -0.750000
v 1.053173 0.500000 -0.750000
v 1.053172 -0.125000 -0.750000
v 1.053172 1.000000 0.125000
v 1.053172 1.000000 0.250000
v 1.053172 -0.625000 0.250000
v 1.053172 -0.500000 0.250000
v 1.053172 -0.125000 0.250000
v 1.053172 -0.000000 0.250000
v 1.053172 0.873923 0.250000
v 1.053172 -0.000000 0.625000
v 1.053172 -0.000000 0.750000
v 1.053172 -0.500000 0.625000
v 1.053172 -0.500000 0.750000
v 1.053172 -1.000000 0.871951
v 1.053172 -1.000000 0.750000
v 1.053172 -0.625000 0.750000
v 1.053172 -0.875000 -1.000000
v 1.053172 -0.750000 -1.000000
v 1.053172 -0.875000 -0.750000
v 1.053172 -0.750000 -0.750000
v 1.053172 -0.750000 -0.875000
v 1.053172 -0.375000 0.000000
v 1.053172 -0.250000 0.000000
v 1.053172 -0.375000 0.500000
v 1.053172 -0.250000 0.500000
v 1.053172 -0.375000 -0.250000
v 1.053172 -0.250000 -0.250000
v 1.053172 -0.375000 0.750000
v 1.053172 -0.250000 0.750000
v 1.053172 -0.250000 -0.375000
v 1.053172 -0.250000 -0.125000
v 1.053172 0.125000 -1.000000
v 1.053173 0.250000 -1.000000
v 1.053172 0.125000 0.000000
v 1.053172 0.250000 0.000000
v 1.053172 0.125000 0.500000
v 1.053172 0.250000 0.500000
v 1.053172 0.250000 -0.375000
v 1.053172 0.250000 -0.250000
v 1.053172 0.250000 0.375000
v 1.053173 0.623923 -1.000000
v 1.053173 0.747846 -1.000000
v 1.053172 0.623923 0.000000
v 1.053172 0.747846 0.000000
v 1.053172 0.623923 0.500000
v 1.053172 0.747846 0.500000
v 1.053172 0.623923 -0.250000
v 1.053173 0.747846 -0.250000
v 1.053172 0.747846 0.125000
v 1.053172 0.747846 0.250000
v 1.053173 0.747846 -0.375000
v 1.053173 0.747846 -0.625000
v 1.053173 0.747846 -0.500000
v 1.053172 0.747846 0.375000
v 1.053172 0.747846 0.871951
v 1.053172 0.747846 1.000000
v 1.053172 -0.000000 0.871951
v 1.053172 -0.250000 0.871951
v 1.053172 0.250000 0.750000
v 1.053172 0.250000 0.871951
v 1.053172 0.623923 0.871951
v 1.053172 -0.375000 0.871951
v 1.053172 1.000000 0.625000
v 1.053172 0.500000 0.625000
v 1.053172 -0.250000 0.625000
v 1.053172 0.250000 0.625000
v 1.053172 0.747846 0.625000
v 1.053172 0.873923 0.625000
v 1.053172 0.375000 0.625000
v 1.053172 -0.125000 0.625000
v 1.053172 -0.625000 0.625000
v 1.053172 -0.375000 0.625000
v 1.053172 0.623923 0.625000
v 1.053172 -1.000000 0.375000
v 1.053172 0.375000 0.375000
v 1.053172 -0.125000 0.375000
v 1.053172 -0.625000 0.375000
v 1.053172 0.125000 0.375000
v 1.053172 0.623923 0.375000
v 1.053172 -0.000000 0.000000
v 1.053172 -0.000000 0.125000
v 1.053172 -0.750000 0.000000
v 1.053172 -0.750000 0.125000
v 1.053172 -0.250000 0.125000
v 1.053172 0.250000 0.125000
v 1.053172 0.873923 0.125000
v 1.053172 0.623923 0.125000
v 1.053172 0.125000 0.125000
v 1.053173 1.000000 -0.125000
v 1.053172 -0.500000 -0.125000
v 1.053172 -1.000000 -0.125000
v 1.053172 0.747846 -0.125000
v 1.053173 0.873923 -0.125000
v 1.053172 0.623923 -0.125000
v 1.053172 -0.375000 -0.125000
v 1.053172 -0.750000 -0.500000
v 1.053172 -0.750000 -0.375000
v 1.053172 0.375000 -0.375000
v 1.053172 -0.625000 -0.375000
v 1.053172 -0.375000 -0.375000
v 1.053172 0.623923 -0.375000
v 1.053172 -0.000000 -0.625000
v 1.053172 -0.500000 -0.625000
v 1.053172 0.375000 -0.625000
v 1.053172 -0.625000 -0.625000
v 1.053173 1.000000 -0.875000
v 1.053172 -0.500000 -0.875000
v 1.053173 0.500000 -1.000000
v 1.053173 0.500000 -0.875000
v 1.053172 0.250000 -0.875000
v 1.053173 0.747846 -0.875000
v 1.053173 0.873923 -0.875000
v 1.053172 -0.125000 -0.875000
v 1.053172 -0.625000 -0.875000
v 1.053173 0.623923 -0.875000
v 1.053172 0.125000 -0.875000
v 1.053172 -0.875000 -0.875000
v 1.053173 0.873923 -0.500000
v 1.053173 0.873923 -0.375000
v 1.053173 0.873923 -0.625000
v 1.053172 0.623923 1.000000
v 1.053173 0.623923 -0.750000
v 1.053173 0.623923 -0.625000
v 1.053172 0.375000 0.000000
v 1.053172 0.375000 0.750000
v 1.053172 0.375000 0.871951
v 1.053172 0.375000 0.125000
v 1.053172 0.125000 -0.250000
v 1.053172 0.125000 -0.750000
v 1.053172 0.125000 0.750000
v 1.053172 0.125000 0.871951
v 1.053172 0.125000 0.625000
v 1.053172 0.125000 -0.375000
v 1.053172 0.125000 -0.625000
v 1.053172 -0.125000 0.000000
v 1.053172 -0.125000 0.125000
v 1.053172 -0.375000 -0.750000
v 1.053172 -0.375000 -0.625000
v 1.053172 -0.625000 0.000000
v 1.053172 -0.625000 -0.500000
v 1.053172 -0.625000 0.125000
v 1.053172 -0.875000 0.000000
v 1.053172 -0.875000 0.500000
v 1.053172 -0.875000 -0.500000
v 1.053172 -0.875000 0.750000
v 1.053172 -0.875000 0.871951
v 1.053172 -0.875000 0.625000
v 1.053172 -0.875000 0.375000
v 1.053172 -0.875000 0.125000
v 1.053172 -0.875000 -0.125000
v 1.053172 -0.875000 -0.375000
v 1.053172 -0.875000 -0.625000
vn -0.0000 -0.0000 -1.0000
vn -1.0000 -0.0000 -0.0000
vn -0.0000 1.0000 -0.0000
vn -0.0000 -1.0000 -0.0000
vn 1.0000 -0.0000 -0.0000
vn -0.0000 -0.0000 1.0000
vt 0.859375 0.733994
vt 0.875000 0.733994
vt 0.875000 0.750000
vt 0.859375 0.750000
vt 0.765625 0.656250
vt 0.765625 0.671875
vt 0.765625 0.718750
vt 0.750000 0.718750
vt 0.734375 0.733994
vt 0.750000 0.733994
vt 0.750000 0.750000
vt 0.734375 0.750000
vt 0.796875 0.609375
vt 0.812500 0.609375
vt 0.812500 0.625000
vt 0.796875 0.625000
vt 0.796875 0.733994
vt 0.812500 0.733994
vt 0.812500 0.750000
vt 0.796875 0.750000
vt 0.750000 0.625000
vt 0.734375 0.625000
vt 0.859375 0.515625
vt 0.859375 0.531250
vt 0.672010 0.609375
vt 0.656519 0.609375
vt 0.796875 0.671875
vt 0.812500 0.671875
vt 0.812500 0.687500
vt 0.796875 0.687500
vt 0.734375 0.671875
vt 0.750000 0.671875
vt 0.750000 0.687500
vt 0.734375 0.687500
vt 0.687500 0.515625
vt 0.672010 0.515625
vt 0.672010 0.546875
vt 0.687500 0.546875
vt 0.687500 0.562500
vt 0.672010 0.562500
vt 0.796875 0.546875
vt 0.812500 0.546875
vt 0.812500 0.562500
vt 0.796875 0.562500
vt 0.734375 0.546875
vt 0.750000 0.546875
vt 0.750000 0.562500
vt 0.734375 0.562500
vt 0.859375 0.546875
vt 0.875000 0.546875
vt 0.875000 0.562500
vt 0.859375 0.562500
vt 0.672010 0.578125
vt 0.687500 0.578125
vt 0.687500 0.593750
vt 0.672010 0.593750
vt 0.718750 0.515625
vt 0.734375 0.515625
vt 0.765625 0.640625
vt 0.765625 0.625000
vt 0.859375 0.578125
vt 0.875000 0.578125
vt 0.875000 0.593750
vt 0.859375 0.593750
vt 0.875000 0.515625
vt 0.875000 0.531250
vt 0.750000 0.515625
vt 0.750000 0.531250
vt 0.734375 0.531250
vt 0.859375 0.718750
vt 0.687500 0.531250
vt 0.672010 0.531250
vt 0.718750 0.562500
vt 0.718750 0.546875
vt 0.734375 0.640625
vt 0.750000 0.640625
vt 0.750000 0.656250
vt 0.734375 0.656250
vt 0.796875 0.640625
vt 0.812500 0.640625
vt 0.812500 0.656250
vt 0.796875 0.656250
vt 0.796875 0.515625
vt 0.781250 0.515625
vt 0.828125 0.593750
vt 0.843750 0.593750
vt 0.796875 0.703125
vt 0.812500 0.703125
vt 0.812500 0.718750
vt 0.796875 0.718750
vt 0.859375 0.703125
vt 0.875000 0.703125
vt 0.875000 0.718750
vt 0.828125 0.703125
vt 0.843750 0.703125
vt 0.843750 0.718750
vt 0.828125 0.718750
vt 0.828125 0.640625
vt 0.843750 0.640625
vt 0.843750 0.656250
vt 0.828125 0.656250
vt 0.828125 0.515625
vt 0.843750 0.515625
vt 0.843750 0.531250
vt 0.828125 0.531250
vt 0.828125 0.578125
vt 0.843750 0.578125
vt 0.828125 0.546875
vt 0.843750 0.546875
vt 0.843750 0.562500
vt 0.828125 0.562500
vt 0.828125 0.671875
vt 0.843750 0.671875
vt 0.843750 0.687500
vt 0.828125 0.687500
vt 0.828125 0.609375
vt 0.843750 0.609375
vt 0.843750 0.625000
vt 0.828125 0.625000
vt 0.828125 0.733994
vt 0.843750 0.733994
vt 0.843750 0.750000
vt 0.828125 0.750000
vt 0.765625 0.703125
vt 0.781250 0.703125
vt 0.781250 0.718750
vt 0.781250 0.640625
vt 0.781250 0.656250
vt 0.765625 0.515625
vt 0.781250 0.531250
vt 0.765625 0.531250
vt 0.765625 0.578125
vt 0.781250 0.578125
vt 0.781250 0.593750
vt 0.765625 0.593750
vt 0.765625 0.546875
vt 0.781250 0.546875
vt 0.781250 0.562500
vt 0.765625 0.562500
vt 0.781250 0.671875
vt 0.781250 0.687500
vt 0.765625 0.687500
vt 0.765625 0.733994
vt 0.781250 0.733994
vt 0.781250 0.750000
vt 0.765625 0.750000
vt 0.718750 0.593750
vt 0.718750 0.578125
vt 0.656519 0.515625
vt 0.703125 0.640625
vt 0.718750 0.640625
vt 0.718750 0.656250
vt 0.703125 0.656250
vt 0.703125 0.515625
vt 0.718750 0.531250
vt 0.703125 0.531250
vt 0.703125 0.546875
vt 0.703125 0.562500
vt 0.000000 0.000000
vt 0.703125 0.609375
vt 0.718750 0.609375
vt 0.718750 0.625000
vt 0.703125 0.625000
vt 0.640760 0.703125
vt 0.656519 0.703125
vt 0.656519 0.718750
vt 0.640760 0.718750
vt 0.859375 0.687500
vt 0.640760 0.515625
vt 0.656519 0.531250
vt 0.640760 0.531250
vt 0.640760 0.609375
vt 0.625000 0.609375
vt 0.765625 0.500000
vt 0.656519 0.625000
vt 0.640760 0.625000
vt 0.640760 0.733994
vt 0.656519 0.733994
vt 0.656519 0.750000
vt 0.640760 0.750000
vt 0.656519 0.593750
vt 0.672010 0.718750
vt 0.687500 0.718750
vt 0.687500 0.733994
vt 0.672010 0.733994
vt 0.672010 0.671875
vt 0.687500 0.671875
vt 0.859375 0.640625
vt 0.859375 0.625000
vt 0.781250 0.609375
vt 0.718750 0.687500
vt 0.750000 0.703125
vt 0.734375 0.703125
vt 0.640760 0.656250
vt 0.656519 0.656250
vt 0.656519 0.671875
vt 0.640760 0.671875
vt 0.718750 0.671875
vt 0.703125 0.671875
vt 0.859375 0.656250
vt 0.875000 0.656250
vt 0.875000 0.671875
vt 0.859375 0.671875
vt 0.687500 0.703125
vt 0.703125 0.703125
vt 0.672010 0.656250
vt 0.687500 0.656250
vt 0.656519 0.640625
vt 0.640760 0.640625
vt 0.687500 0.609375
vt 0.718750 0.703125
vt 0.718750 0.718750
vt 0.765625 0.609375
vt 0.625000 0.656250
vt 0.734375 0.593750
vt 0.750000 0.593750
vt 0.750000 0.609375
vt 0.734375 0.609375
vt 0.875000 0.609375
vt 0.859375 0.609375
vt 0.703125 0.578125
vt 0.812500 0.593750
vt 0.750000 0.578125
vt 0.734375 0.578125
vt 0.812500 0.578125
vt 0.796875 0.578125
vt 0.781250 0.625000
vt 0.640760 0.500000
vt 0.656519 0.500000
vt 0.703125 0.500000
vt 0.718750 0.500000
vt 0.781250 0.500000
vt 0.796875 0.500000
vt 0.812500 0.500000
vt 0.812500 0.515625
vt 0.734375 0.500000
vt 0.750000 0.500000
vt 0.687500 0.687500
vt 0.672010 0.687500
vt 0.625000 0.531250
vt 0.640760 0.546875
vt 0.625000 0.546875
vt 0.625000 0.718750
vt 0.625000 0.733994
vt 0.625000 0.750000
vt 0.625000 0.625000
vt 0.625000 0.671875
vt 0.640760 0.687500
vt 0.625000 0.687500
vt 0.640760 0.562500
vt 0.625000 0.562500
vt 0.625000 0.515625
vt 0.687500 0.625000
vt 0.672010 0.625000
vt 0.625000 0.703125
vt 0.656519 0.546875
vt 0.656519 0.562500
vt 0.656519 0.578125
vt 0.875000 0.640625
vt 0.703125 0.733994
vt 0.703125 0.750000
vt 0.672010 0.703125
vt 0.687500 0.500000
vt 0.672010 0.640625
vt 0.687500 0.640625
vt 0.640760 0.593750
vt 0.640760 0.578125
vt 0.843750 0.500000
vt 0.734375 0.718750
vt 0.718750 0.733994
vt 0.796875 0.593750
vt 0.718750 0.750000
vt 0.625000 0.640625
vt 0.703125 0.718750
vt 0.796875 0.531250
vt 0.812500 0.531250
vt 0.687500 0.750000
vt 0.672010 0.750000
vt 0.656519 0.687500
vt 0.703125 0.593750
vt 0.828125 0.500000
vt 0.625000 0.578125
vt 0.625000 0.593750
vt 0.875000 0.625000
vt 0.875000 0.687500
vt 0.703125 0.687500
vt 0.672010 0.500000
vt 0.859375 0.500000
vt 0.875000 0.500000
vt 0.625000 0.500000
s 0
f 281/1/1 86/2/1 4/3/1 272/4/1
f 227/5/2 232/6/2 575/6/2 506/5/2
f 228/7/3 42/8/3 318/8/3 321/7/3
f 213/9/1 83/10/1 7/11/1 204/12/1
f 251/13/1 120/14/1 12/15/1 240/16/1
f 247/17/1 84/18/1 10/19/1 238/20/1
f 9/21/3 206/22/3 416/22/3 292/21/3
f 288/23/2 278/24/2 518/24/2 616/23/2
f 184/25/3 126/26/3 591/26/3 593/25/3
f 249/27/1 102/28/1 19/29/1 241/30/1
f 215/31/1 101/32/1 18/33/1 207/34/1
f 149/35/3 187/36/3 614/36/3 608/35/3
f 186/37/1 139/38/1 25/39/1 175/40/1
f 253/41/1 138/42/1 24/43/1 242/44/1
f 219/45/1 137/46/1 23/47/1 208/48/1
f 287/49/1 140/50/1 21/51/1 276/52/1
f 185/53/1 131/54/1 29/55/1 176/56/1
f 152/57/4 220/58/4 401/58/4 347/57/4
f 233/59/5 222/60/5 634/60/5 635/59/5
f 286/61/1 127/62/1 30/63/1 277/64/1
f 288/23/1 145/65/1 31/66/1 278/24/1
f 220/58/1 147/67/1 33/68/1 210/69/1
f 280/70/2 281/1/2 363/1/2 325/70/2
f 187/36/1 149/35/1 35/71/1 177/72/1
f 68/73/5 143/74/5 349/74/5 340/73/5
f 216/75/1 111/76/1 38/77/1 211/78/1
f 250/79/1 112/80/1 39/81/1 245/82/1
f 254/83/3 151/84/3 398/84/3 400/83/3
f 259/85/4 51/86/4 383/86/4 427/85/4
f 248/87/1 94/88/1 43/89/1 246/90/1
f 139/38/3 186/37/3 622/37/3 480/38/3
f 282/91/1 91/92/1 45/93/1 280/70/1
f 265/94/1 96/95/1 54/96/1 262/97/1
f 267/98/1 114/99/1 53/100/1 261/101/1
f 271/102/1 150/103/1 52/104/1 260/105/1
f 269/106/1 132/107/1 51/86/1 259/85/1
f 270/108/1 141/109/1 50/110/1 258/111/1
f 266/112/1 105/113/1 49/114/1 257/115/1
f 268/116/1 123/117/1 48/118/1 256/119/1
f 264/120/1 87/121/1 46/122/1 263/123/1
f 231/124/1 97/125/1 63/126/1 228/7/1
f 233/59/1 115/127/1 62/128/1 227/5/1
f 237/129/1 151/84/1 61/130/1 226/131/1
f 235/132/1 133/133/1 60/134/1 225/135/1
f 236/136/1 142/137/1 59/138/1 224/139/1
f 232/6/1 106/140/1 58/141/1 223/142/1
f 230/143/1 88/144/1 57/145/1 229/146/1
f 69/147/5 134/148/5 348/148/5 342/147/5
f 153/149/4 187/36/4 399/36/4 355/149/4
f 199/150/1 116/151/1 71/152/1 193/153/1
f 203/154/1 152/57/1 70/155/1 192/156/1
f 281/1/5 280/70/5 644/70/5 645/1/5
f 202/157/1 143/74/1 68/73/1 190/158/1
f 11/159/4 255/159/4 461/159/4 462/159/4
f 186/37/2 175/40/2 442/40/2 448/37/2
f 200/160/1 125/161/1 66/162/1 189/163/1
f 164/164/1 99/165/1 81/166/1 161/167/1
f 282/91/5 275/168/5 642/168/5 646/91/5
f 170/169/1 153/149/1 79/170/1 159/171/1
f 167/172/3 118/173/3 588/173/3 592/172/3
f 221/174/2 237/129/2 612/129/2 459/174/2
f 15/159/3 171/159/3 293/159/3 294/159/3
f 167/172/1 126/26/1 74/175/1 155/176/1
f 163/177/1 90/178/1 75/179/1 162/180/1
f 131/54/3 185/53/3 414/53/3 390/54/3
f 126/26/5 78/181/5 547/181/5 591/26/5
f 70/155/5 152/57/5 347/57/5 344/155/5
f 262/97/1 54/96/1 87/121/1 264/120/1
f 179/182/1 44/183/1 85/184/1 180/185/1
f 246/90/1 43/89/1 84/18/1 247/17/1
f 182/186/4 103/187/4 471/187/4 578/186/4
f 284/188/5 274/189/5 641/189/5 648/188/5
f 124/190/5 60/134/5 526/134/5 530/190/5
f 286/61/5 276/52/5 643/52/5 650/61/5
f 207/34/3 67/191/3 536/191/3 535/34/3
f 257/115/1 49/114/1 96/95/1 265/94/1
f 8/159/4 221/159/4 459/159/4 460/159/4
f 207/34/1 18/33/1 93/192/1 214/193/1
f 241/30/1 19/29/1 94/88/1 248/87/1
f 93/192/4 231/124/4 366/124/4 317/192/4
f 160/194/1 80/195/1 108/196/1 165/197/1
f 193/153/1 71/152/1 107/198/1 198/199/1
f 227/5/1 62/128/1 106/140/1 232/6/1
f 35/71/5 149/35/5 433/35/5 434/71/5
f 279/200/1 36/201/1 104/202/1 283/203/1
f 95/204/4 197/205/4 365/205/4 319/204/4
f 42/8/5 93/192/5 317/192/5 318/8/5
f 178/206/1 40/207/1 103/187/1 182/186/1
f 155/176/1 74/175/1 117/208/1 166/209/1
f 287/49/5 278/24/5 518/24/5 651/49/5
f 66/162/4 206/22/4 533/22/4 534/162/4
f 122/159/2 6/159/2 458/159/2 590/159/2
f 200/160/3 121/210/3 382/210/3 387/160/3
f 240/16/1 12/15/1 112/80/1 250/79/1
f 115/127/3 233/59/3 635/59/3 583/127/3
f 65/159/4 205/159/4 531/159/4 532/159/4
f 98/211/2 72/212/2 346/212/2 345/211/2
f 255/159/4 47/159/4 396/159/4 426/159/4
f 225/135/1 60/134/1 124/190/1 234/213/1
f 37/214/4 160/194/4 315/194/4 316/214/4
f 29/55/2 121/210/2 463/210/2 488/55/2
f 177/72/4 35/71/4 500/71/4 621/72/4
f 209/215/1 27/216/1 119/217/1 217/218/1
f 277/64/1 30/63/1 122/219/1 285/220/1
f 145/65/3 288/23/3 616/23/3 453/65/3
f 190/158/1 68/73/1 134/148/1 201/221/1
f 224/139/1 59/138/1 133/133/1 235/132/1
f 28/222/2 120/14/2 589/14/2 486/222/2
f 176/56/4 29/55/4 488/55/4 546/56/4
f 208/48/1 23/47/1 129/223/1 218/224/1
f 242/44/1 24/43/1 130/225/1 252/226/1
f 78/181/2 126/26/2 386/26/2 385/181/2
f 234/213/4 124/190/4 337/190/4 422/213/4
f 192/156/1 70/155/1 143/74/1 202/157/1
f 226/131/1 61/130/1 142/137/1 236/136/1
f 260/105/1 52/104/1 141/109/1 270/108/1
f 97/125/3 231/124/3 569/124/3 564/125/3
f 6/159/2 109/159/2 457/159/2 458/159/2
f 140/50/3 287/49/3 651/49/3 493/50/3
f 56/227/5 124/190/5 530/190/5 522/227/5
f 154/228/1 73/229/1 153/149/1 170/169/1
f 188/230/1 65/231/1 152/57/1 203/154/1
f 221/174/1 55/232/1 151/84/1 237/129/1
f 180/185/4 85/184/4 295/184/4 412/185/4
f 127/62/3 286/61/3 650/61/3 478/62/3
f 239/233/1 11/234/1 148/235/1 254/83/1
f 205/236/1 8/237/1 147/67/1 220/58/1
f 118/159/5 26/159/5 490/159/5 588/159/5
f 20/238/3 174/239/3 544/239/3 472/238/3
f 32/240/1 159/171/1 169/241/1 136/242/1
f 227/5/3 38/77/3 308/77/3 314/5/3
f 1/159/4 154/159/4 455/159/4 456/159/4
f 69/147/2 125/161/2 384/161/2 342/147/2
f 44/183/3 179/182/3 411/182/3 320/183/3
f 285/220/4 122/219/4 590/219/4 649/220/4
f 41/243/1 161/167/1 163/177/1 82/244/1
f 82/244/1 163/177/1 162/180/1 2/245/1
f 118/173/1 167/172/1 155/176/1 5/246/1
f 100/247/1 165/197/1 156/248/1 16/249/1
f 136/242/1 169/241/1 157/250/1 22/251/1
f 209/215/3 69/147/3 342/147/3 341/215/3
f 146/252/1 170/169/1 159/171/1 32/240/1
f 14/253/3 173/254/3 542/254/3 464/253/3
f 92/255/1 164/164/1 161/167/1 41/243/1
f 3/159/2 145/159/2 453/159/2 454/159/2
f 79/170/1 177/72/1 186/37/1 144/256/1
f 77/257/1 175/40/1 185/53/1 135/258/1
f 109/259/3 284/188/3 648/188/3 457/259/3
f 216/75/3 116/151/3 584/151/3 587/75/3
f 196/260/2 195/261/2 415/261/2 362/260/2
f 172/159/4 13/159/4 607/159/4 540/159/4
f 81/166/1 179/182/1 180/185/1 90/178/1
f 99/165/1 181/262/1 179/182/1 81/166/1
f 151/84/5 55/232/5 331/232/5 398/84/5
f 261/101/3 39/81/3 310/81/3 313/101/3
f 283/203/4 104/202/4 573/202/4 647/203/4
f 206/22/3 66/162/3 439/162/3 438/22/3
f 60/134/5 133/133/5 529/133/5 526/134/5
f 126/26/1 184/25/1 173/254/1 74/175/1
f 171/159/3 75/159/3 555/159/3 620/159/3
f 13/263/1 188/230/1 203/154/1 149/35/1
f 91/92/3 282/91/3 646/91/3 465/92/3
f 183/264/3 117/208/3 548/208/3 586/264/3
f 40/207/3 178/206/3 352/206/3 312/207/3
f 14/253/1 189/163/1 199/150/1 113/265/1
f 40/207/1 193/153/1 198/199/1 103/187/1
f 86/2/3 281/1/3 645/1/3 513/2/3
f 51/86/2 123/117/2 327/117/2 383/86/2
f 121/210/1 200/160/1 189/163/1 14/253/1
f 253/41/2 242/44/2 332/44/2 395/41/2
f 280/70/4 45/93/4 514/93/4 644/70/4
f 223/142/4 58/141/4 524/141/4 475/142/4
f 63/126/4 246/90/4 527/90/4 528/126/4
f 105/113/3 266/112/3 452/112/3 446/113/3
f 113/265/1 199/150/1 193/153/1 40/207/1
f 208/48/3 68/73/3 340/73/3 339/48/3
f 158/266/5 168/267/5 618/267/5 489/266/5
f 47/268/2 150/103/2 397/103/2 396/268/2
f 68/73/1 208/48/1 218/224/1 134/148/1
f 69/147/1 209/215/1 217/218/1 125/161/1
f 222/60/4 56/227/4 522/227/4 634/60/4
f 71/152/1 211/78/1 215/31/1 107/198/1
f 67/191/1 207/34/1 214/193/1 98/211/1
f 72/212/1 212/269/1 213/9/1 89/270/1
f 98/211/1 214/193/1 212/269/1 72/212/1
f 116/151/1 216/75/1 211/78/1 71/152/1
f 20/238/2 95/204/2 319/204/2 364/238/2
f 113/265/2 40/207/2 312/207/2 311/265/2
f 243/271/5 252/226/5 425/226/5 423/271/5
f 278/24/4 31/66/4 494/66/4 518/24/4
f 89/270/1 213/9/1 204/12/1 64/272/1
f 66/162/5 125/161/5 441/161/5 439/162/5
f 110/273/4 166/209/4 585/209/4 502/273/4
f 33/68/1 226/131/1 236/136/1 137/46/1
f 23/47/1 224/139/1 235/132/1 129/223/1
f 27/216/1 225/135/1 234/213/1 119/217/1
f 9/21/1 222/60/1 233/59/1 111/76/1
f 157/250/5 169/241/5 619/241/5 617/250/5
f 117/208/5 74/175/5 543/175/5 548/208/5
f 42/8/1 228/7/1 230/143/1 83/10/1
f 119/217/1 234/213/1 222/60/1 9/21/1
f 83/10/1 230/143/1 229/146/1 7/11/1
f 276/52/4 21/51/4 479/51/4 643/52/4
f 137/46/1 236/136/1 224/139/1 23/47/1
f 129/223/1 235/132/1 225/135/1 27/216/1
f 56/227/2 115/127/2 583/127/2 522/227/2
f 194/274/2 196/260/2 362/260/2 322/274/2
f 119/217/2 9/21/2 292/21/2 291/217/2
f 88/144/3 230/143/3 421/143/3 359/144/3
f 61/130/1 244/275/1 253/41/1 142/137/1
f 59/138/1 242/44/1 252/226/1 133/133/1
f 215/31/2 207/34/2 535/34/2 577/31/2
f 56/227/1 240/16/1 250/79/1 115/127/1
f 39/81/5 112/80/5 309/80/5 310/81/5
f 58/141/4 241/30/4 523/30/4 524/141/4
f 48/118/2 114/99/2 582/99/2 581/118/2
f 97/125/1 248/87/1 246/90/1 63/126/1
f 115/127/1 250/79/1 245/82/1 62/128/1
f 151/84/1 254/83/1 244/275/1 61/130/1
f 273/159/4 3/159/4 454/159/4 516/159/4
f 121/210/5 29/55/5 304/55/5 382/210/5
f 106/140/1 249/27/1 241/30/1 58/141/1
f 88/144/1 247/17/1 238/20/1 57/145/1
f 209/215/5 218/224/5 632/224/5 627/215/5
f 240/16/3 56/227/3 522/227/3 521/16/3
f 265/94/2 262/97/2 515/97/2 570/94/2
f 24/43/1 258/111/1 269/106/1 130/225/1
f 28/222/1 259/85/1 268/116/1 120/14/1
f 12/15/1 256/119/1 267/98/1 112/80/1
f 9/21/2 111/76/2 580/76/2 579/21/2
f 158/266/2 167/172/2 592/172/2 489/266/2
f 43/89/1 262/97/1 264/120/1 84/18/1
f 84/18/1 264/120/1 263/123/1 10/19/1
f 120/14/1 268/116/1 256/119/1 12/15/1
f 212/269/5 214/193/5 631/193/5 629/269/5
f 138/42/1 270/108/1 258/111/1 24/43/1
f 168/267/5 157/250/5 617/250/5 618/267/5
f 148/235/1 271/102/1 260/105/1 34/276/1
f 244/275/5 254/83/5 400/83/5 424/275/5
f 213/9/5 212/269/5 629/269/5 630/9/5
f 269/106/2 259/85/2 492/85/2 598/106/2
f 52/104/1 278/24/1 287/49/1 141/109/1
f 50/110/1 276/52/1 286/61/1 132/107/1
f 51/86/1 277/64/1 285/220/1 123/117/1
f 48/118/1 274/189/1 284/188/1 114/99/1
f 53/100/1 279/200/1 283/203/1 105/113/1
f 49/114/1 275/168/1 282/91/1 96/95/1
f 284/188/4 109/259/4 375/259/4 432/188/4
f 96/95/1 282/91/1 280/70/1 54/96/1
f 114/99/1 284/188/1 279/200/1 53/100/1
f 108/196/4 182/186/4 578/186/4 553/196/4
f 132/107/1 286/61/1 277/64/1 51/86/1
f 141/109/1 287/49/1 276/52/1 50/110/1
f 105/113/1 283/203/1 275/168/1 49/114/1
f 38/77/5 111/76/5 307/76/5 308/77/5
f 175/40/4 25/39/4 389/39/4 410/40/4
f 419/218/1 291/217/1 292/21/1 416/22/1
f 412/185/1 295/184/1 294/277/1 293/278/1
f 425/226/1 300/225/1 301/222/1 423/271/1
f 400/83/1 305/235/1 306/276/1 424/275/1
f 432/188/1 375/259/1 374/201/1 431/200/1
f 381/264/1 311/265/1 312/207/1 352/206/1
f 413/262/1 319/204/1 320/183/1 411/182/1
f 422/213/1 337/190/1 338/227/1 420/60/1
f 365/205/1 345/211/1 346/212/1 322/274/1
f 371/197/1 356/196/1 357/279/1 402/248/1
f 404/167/1 360/166/1 361/178/1 405/177/1
f 321/7/1 358/126/1 359/144/1 421/143/1
f 409/239/1 364/238/1 319/204/1 413/262/1
f 417/78/1 308/77/1 368/32/1 418/31/1
f 334/82/1 310/81/1 369/28/1 372/27/1
f 408/254/1 377/253/1 311/265/1 381/264/1
f 302/266/1 385/181/1 386/26/1 406/172/1
f 303/280/1 342/147/1 384/161/1 387/160/1
f 427/85/1 383/86/1 327/117/1 428/116/1
f 410/40/1 389/39/1 390/54/1 414/53/1
f 403/171/1 351/170/1 393/256/1 407/241/1
f 426/281/1 396/268/1 397/103/1 429/102/1
f 297/251/1 296/250/1 391/267/1 298/282/1
f 290/246/1 289/176/1 378/209/1 376/273/1
f 316/214/1 315/194/1 371/197/1 367/247/1
f 298/282/1 391/267/1 302/266/1 299/283/1
f 353/195/1 352/206/1 373/186/1 356/196/1
f 354/208/1 381/264/1 352/206/1 353/195/1
f 355/149/1 399/36/1 350/72/1 351/170/1
f 304/55/1 303/280/1 387/160/1 382/210/1
f 320/183/1 322/274/1 362/260/1 295/184/1
f 295/184/1 362/260/1 415/261/1 294/277/1
f 319/204/1 365/205/1 322/274/1 320/183/1
f 344/155/1 343/69/1 394/45/1 349/74/1
f 347/57/1 401/58/1 343/69/1 344/155/1
f 348/148/1 392/224/1 341/215/1 342/147/1
f 349/74/1 394/45/1 339/48/1 340/73/1
f 307/76/1 379/59/1 314/5/1 308/77/1
f 317/192/1 366/124/1 321/7/1 318/8/1
f 331/232/1 330/233/1 400/83/1 398/84/1
f 335/128/1 334/82/1 372/27/1 370/140/1
f 336/137/1 395/41/1 332/44/1 333/138/1
f 309/80/1 380/98/1 313/101/1 310/81/1
f 326/96/1 325/70/1 363/1/1 328/121/1
f 327/117/1 388/220/1 323/189/1 324/118/1
f 328/121/1 363/1/1 430/4/1 329/122/1
f 123/117/4 285/220/4 388/220/4 327/117/4
f 279/200/5 284/188/5 432/188/5 431/200/5
f 185/53/5 175/40/5 410/40/5 414/53/5
f 100/159/5 37/159/5 316/159/5 367/159/5
f 128/159/5 22/159/5 297/159/5 298/159/5
f 230/143/5 228/7/5 321/7/5 421/143/5
f 38/77/2 101/32/2 368/32/2 308/77/2
f 76/279/3 156/248/3 402/248/3 357/279/3
f 183/264/5 173/254/5 408/254/5 381/264/5
f 222/60/5 234/213/5 422/213/5 420/60/5
f 39/81/2 102/28/2 369/28/2 310/81/2
f 211/78/4 38/77/4 308/77/4 417/78/4
f 178/206/2 182/186/2 373/186/2 352/206/2
f 274/189/3 48/118/3 324/118/3 323/189/3
f 158/266/4 78/181/4 385/181/4 302/266/4
f 25/39/2 131/54/2 390/54/2 389/39/2
f 181/262/5 174/239/5 409/239/5 413/262/5
f 285/220/2 274/189/2 323/189/2 388/220/2
f 159/171/4 79/170/4 351/170/4 403/171/4
f 123/117/3 268/116/3 428/116/3 327/117/3
f 281/1/2 272/4/2 430/4/2 363/1/2
f 179/182/5 181/262/5 413/262/5 411/182/5
f 106/140/5 62/128/5 335/128/5 370/140/5
f 161/167/4 81/166/4 360/166/4 404/167/4
f 101/32/3 215/31/3 418/31/3 368/32/3
f 177/72/3 79/170/3 351/170/3 350/72/3
f 150/103/3 271/102/3 429/102/3 397/103/3
f 187/36/2 177/72/2 350/72/2 399/36/2
f 233/59/2 227/5/2 314/5/2 379/59/2
f 108/196/5 80/195/5 353/195/5 356/196/5
f 90/178/3 163/177/3 405/177/3 361/178/3
f 217/218/4 119/217/4 291/217/4 419/218/4
f 271/102/5 255/281/5 426/281/5 429/102/5
f 54/96/4 280/70/4 325/70/4 326/96/4
f 231/124/2 228/7/2 321/7/2 366/124/2
f 165/197/3 100/247/3 367/247/3 371/197/3
f 165/197/4 108/196/4 356/196/4 371/197/4
f 80/195/5 117/208/5 354/208/5 353/195/5
f 79/170/5 153/149/5 355/149/5 351/170/5
f 268/116/5 259/85/5 427/85/5 428/116/5
f 126/26/3 167/172/3 406/172/3 386/26/3
f 22/251/4 157/250/4 296/250/4 297/251/4
f 171/278/5 180/185/5 412/185/5 293/278/5
f 210/69/2 219/45/2 394/45/2 343/69/2
f 134/148/4 218/224/4 392/224/4 348/148/4
f 144/256/3 169/241/3 407/241/3 393/256/3
f 108/196/2 76/279/2 357/279/2 356/196/2
f 28/222/3 243/271/3 423/271/3 301/222/3
f 249/27/3 106/140/3 370/140/3 372/27/3
f 48/118/5 123/117/5 327/117/5 324/118/5
f 34/276/3 244/275/3 424/275/3 306/276/3
f 182/186/3 108/196/3 356/196/3 373/186/3
f 26/159/5 128/159/5 298/159/5 299/159/5
f 46/122/5 87/121/5 328/121/5 329/122/5
f 245/82/4 39/81/4 310/81/4 334/82/4
f 109/159/2 36/159/2 374/159/2 375/159/2
f 169/241/5 159/171/5 403/171/5 407/241/5
f 215/31/5 211/78/5 417/78/5 418/31/5
f 191/280/4 69/147/4 342/147/4 303/280/4
f 55/159/4 239/159/4 330/159/4 331/159/4
f 110/159/5 5/159/5 290/159/5 376/159/5
f 130/225/2 28/222/2 301/222/2 300/225/2
f 157/250/2 168/267/2 391/267/2 296/250/2
f 167/172/5 158/266/5 302/266/5 406/172/5
f 155/176/2 166/209/2 378/209/2 289/176/2
f 85/184/5 44/183/5 320/183/5 295/184/5
f 72/212/3 194/274/3 322/274/3 346/212/3
f 102/28/3 249/27/3 372/27/3 369/28/3
f 14/253/2 113/265/2 311/265/2 377/253/2
f 158/266/3 26/283/3 299/283/3 302/266/3
f 160/194/2 165/197/2 371/197/2 315/194/2
f 195/159/3 15/159/3 294/159/3 415/159/3
f 242/44/3 59/138/3 333/138/3 332/44/3
f 220/58/2 210/69/2 343/69/2 401/58/2
f 87/121/5 54/96/5 326/96/5 328/121/5
f 267/98/2 261/101/2 313/101/2 380/98/2
f 29/55/4 191/280/4 303/280/4 304/55/4
f 163/177/5 161/167/5 404/167/5 405/177/5
f 218/224/2 209/215/2 341/215/2 392/224/2
f 63/126/2 88/144/2 359/144/2 358/126/2
f 143/74/5 70/155/5 344/155/5 349/74/5
f 197/205/4 98/211/4 345/211/4 365/205/4
f 252/226/4 130/225/4 300/225/4 425/226/4
f 219/45/2 208/48/2 339/48/2 394/45/2
f 272/159/3 46/159/3 329/159/3 430/159/3
f 79/170/2 144/256/2 393/256/2 351/170/2
f 62/128/4 245/82/4 334/82/4 335/128/4
f 81/166/2 90/178/2 361/178/2 360/166/2
f 254/83/4 148/235/4 305/235/4 400/83/4
f 166/209/3 110/273/3 376/273/3 378/209/3
f 156/248/5 165/197/5 371/197/5 402/248/5
f 125/161/3 200/160/3 387/160/3 384/161/3
f 239/233/2 254/83/2 400/83/2 330/233/2
f 206/22/5 217/218/5 419/218/5 416/22/5
f 111/76/4 233/59/4 379/59/4 307/76/4
f 148/235/2 34/276/2 306/276/2 305/235/2
f 168/267/2 158/266/2 302/266/2 391/267/2
f 112/80/4 267/98/4 380/98/4 309/80/4
f 56/227/3 222/60/3 420/60/3 338/227/3
f 117/208/4 183/264/4 381/264/4 354/208/4
f 59/138/5 142/137/5 336/137/5 333/138/5
f 36/201/3 279/200/3 431/200/3 374/201/3
f 142/137/4 253/41/4 395/41/4 336/137/4
f 5/246/4 155/176/4 289/176/4 290/246/4
f 124/190/2 56/227/2 338/227/2 337/190/2
f 173/254/4 14/253/4 377/253/4 408/254/4
f 174/239/4 20/238/4 364/238/4 409/239/4
f 228/7/4 63/126/4 358/126/4 321/7/4
f 450/260/1 440/270/1 437/272/1 436/261/1
f 451/101/1 445/100/1 446/113/1 452/112/1
f 444/256/1 448/37/1 442/40/1 443/257/1
f 433/35/1 449/154/1 435/156/1 434/71/1
f 441/161/1 447/218/1 438/22/1 439/162/1
f 195/261/5 196/260/5 450/260/5 436/261/5
f 261/101/4 53/100/4 445/100/4 451/101/4
f 144/256/4 186/37/4 448/37/4 444/256/4
f 192/156/3 35/71/3 434/71/3 435/156/3
f 217/218/2 206/22/2 438/22/2 447/218/2
f 266/112/5 261/101/5 451/101/5 452/112/5
f 125/161/4 217/218/4 447/218/4 441/161/4
f 175/40/3 77/257/3 443/257/3 442/40/3
f 53/100/2 105/113/2 446/113/2 445/100/2
f 203/154/2 192/156/2 435/156/2 449/154/2
f 64/159/3 195/159/3 436/159/3 437/159/3
f 89/270/2 64/272/2 437/272/2 440/270/2
f 149/35/4 203/154/4 449/154/4 433/35/4
f 77/257/5 144/256/5 444/256/5 443/257/5
f 196/260/4 89/270/4 440/270/4 450/260/4
f 649/220/1 590/219/1 458/284/1 641/189/1
f 593/25/1 463/210/1 464/253/1 542/254/1
f 578/186/1 471/187/1 472/238/1 544/239/1
f 647/203/1 573/202/1 466/285/1 642/168/1
f 632/224/1 483/223/1 484/216/1 627/215/1
f 631/193/1 509/192/1 510/8/1 629/269/1
f 597/221/1 537/148/1 538/147/1 491/280/1
f 574/199/1 539/198/1 536/191/1 476/286/1
f 585/209/1 548/208/1 549/195/1 508/194/1
f 618/267/1 550/258/1 547/181/1 489/266/1
f 619/241/1 551/256/1 552/257/1 617/250/1
f 624/274/1 558/212/1 559/270/1 625/260/1
f 629/269/1 510/8/1 556/10/1 630/9/1
f 644/70/1 514/93/1 513/2/1 645/1/1
f 473/248/1 545/279/1 566/165/1 567/164/1
f 476/286/1 536/191/1 565/211/1 568/205/1
f 475/142/1 524/141/1 564/125/1 569/124/1
f 642/168/1 466/285/1 465/92/1 646/91/1
f 623/163/1 534/162/1 584/151/1 626/150/1
f 634/60/1 522/227/1 583/127/1 635/59/1
f 638/119/1 581/118/1 582/99/1 640/98/1
f 533/22/1 579/21/1 580/76/1 587/75/1
f 641/189/1 458/284/1 457/259/1 648/188/1
f 546/56/1 488/55/1 463/210/1 593/25/1
f 525/271/1 486/222/1 589/14/1 594/13/1
f 617/250/1 552/257/1 550/258/1 618/267/1
f 639/111/1 595/110/1 596/107/1 598/106/1
f 643/52/1 479/51/1 478/62/1 650/61/1
f 518/24/1 494/66/1 493/50/1 651/49/1
f 628/69/1 496/68/1 601/46/1 633/45/1
f 636/275/1 498/276/1 602/42/1 637/41/1
f 621/72/1 500/71/1 480/38/1 622/37/1
f 540/287/1 607/263/1 608/35/1 614/36/1
f 516/288/1 454/289/1 453/65/1 616/23/1
f 456/290/1 455/228/1 611/169/1 605/252/1
f 490/283/1 489/266/1 592/172/1 588/173/1
f 474/249/1 473/248/1 567/164/1 562/255/1
f 502/273/1 585/209/1 508/194/1 503/214/1
f 541/229/1 540/287/1 614/36/1 610/149/1
f 547/181/1 546/56/1 593/25/1 591/26/1
f 543/175/1 542/254/1 586/264/1 548/208/1
f 545/279/1 544/239/1 572/262/1 566/165/1
f 550/258/1 600/53/1 546/56/1 547/181/1
f 553/196/1 578/186/1 544/239/1 545/279/1
f 554/178/1 560/185/1 620/278/1 555/179/1
f 500/71/1 499/156/1 603/157/1 480/38/1
f 481/39/1 482/158/1 597/221/1 487/54/1
f 472/238/1 476/286/1 568/205/1 563/204/1
f 471/187/1 574/199/1 476/286/1 472/238/1
f 480/38/1 603/157/1 482/158/1 481/39/1
f 487/54/1 597/221/1 491/280/1 488/55/1
f 532/231/1 531/236/1 615/58/1 609/57/1
f 534/162/1 533/22/1 587/75/1 584/151/1
f 539/198/1 577/31/1 535/34/1 536/191/1
f 460/237/1 459/174/1 612/129/1 495/67/1
f 507/77/1 506/5/1 575/6/1 467/32/1
f 468/33/1 475/142/1 569/124/1 509/192/1
f 467/32/1 575/6/1 475/142/1 468/33/1
f 495/67/1 612/129/1 501/131/1 496/68/1
f 526/134/1 525/271/1 594/13/1 530/190/1
f 524/141/1 523/30/1 571/87/1 564/125/1
f 528/126/1 527/90/1 561/17/1 557/144/1
f 529/133/1 599/226/1 525/271/1 526/134/1
f 530/190/1 594/13/1 521/16/1 522/227/1
f 462/234/1 461/281/1 613/102/1 606/235/1
f 498/276/1 497/105/1 604/108/1 602/42/1
f 505/81/1 504/101/1 576/112/1 469/28/1
f 470/29/1 477/115/1 570/94/1 511/88/1
f 469/28/1 576/112/1 477/115/1 470/29/1
f 485/225/1 598/106/1 492/85/1 486/222/1
f 511/88/1 570/94/1 515/97/1 512/89/1
f 517/268/1 516/288/1 616/23/1 520/103/1
f 520/103/1 616/23/1 518/24/1 519/104/1
f 134/148/2 69/147/2 538/147/2 537/148/2
f 186/37/5 177/72/5 621/72/5 622/37/5
f 275/168/5 283/203/5 647/203/5 642/168/5
f 274/189/5 285/220/5 649/220/5 641/189/5
f 121/210/2 14/253/2 464/253/2 463/210/2
f 173/254/2 183/264/2 586/264/2 542/254/2
f 232/6/2 223/142/2 475/142/2 575/6/2
f 73/159/4 172/159/4 540/159/4 541/159/4
f 17/159/2 91/159/2 465/159/2 466/159/2
f 174/239/2 181/262/2 572/262/2 544/239/2
f 74/175/4 173/254/4 542/254/4 543/175/4
f 18/33/5 101/32/5 467/32/5 468/33/5
f 131/54/5 25/39/5 481/39/5 487/54/5
f 19/29/5 102/28/5 469/28/5 470/29/5
f 237/129/2 226/131/2 501/131/2 612/129/2
f 50/110/2 132/107/2 596/107/2 595/110/2
f 16/249/4 156/248/4 473/248/4 474/249/4
f 185/53/2 176/56/2 546/56/2 600/53/2
f 77/257/2 135/258/2 550/258/2 552/257/2
f 21/159/2 127/159/2 478/159/2 479/159/2
f 173/254/5 184/25/5 593/25/5 542/254/5
f 180/185/2 171/278/2 620/278/2 560/185/2
f 130/225/4 269/106/4 598/106/4 485/225/4
f 117/208/2 80/195/2 549/195/2 548/208/2
f 243/271/4 28/222/4 486/222/4 525/271/4
f 244/275/4 34/276/4 498/276/4 636/275/4
f 189/163/4 66/162/4 534/162/4 623/163/4
f 25/39/5 139/38/5 480/38/5 481/39/5
f 133/133/4 252/226/4 599/226/4 529/133/4
f 144/256/2 77/257/2 552/257/2 551/256/2
f 135/258/4 185/53/4 600/53/4 550/258/4
f 76/279/5 108/196/5 553/196/5 545/279/5
f 69/147/3 191/280/3 491/280/3 538/147/3
f 33/68/2 137/46/2 601/46/2 496/68/2
f 75/179/5 90/178/5 554/178/5 555/179/5
f 194/274/4 72/212/4 558/212/4 624/274/4
f 42/8/2 83/10/2 556/10/2 510/8/2
f 129/223/2 27/216/2 484/216/2 483/223/2
f 120/14/3 251/13/3 594/13/3 589/14/3
f 28/222/5 130/225/5 485/225/5 486/222/5
f 89/270/3 196/260/3 625/260/3 559/270/3
f 29/55/5 131/54/5 487/54/5 488/55/5
f 138/42/3 253/41/3 637/41/3 602/42/3
f 98/211/3 197/205/3 568/205/3 565/211/3
f 198/199/4 107/198/4 539/198/4 574/199/4
f 26/283/4 158/266/4 489/266/4 490/283/4
f 116/151/3 199/150/3 626/150/3 584/151/3
f 88/144/5 63/126/5 528/126/5 557/144/5
f 253/41/5 244/275/5 636/275/5 637/41/5
f 72/212/2 89/270/2 559/270/2 558/212/2
f 191/280/3 29/55/3 488/55/3 491/280/3
f 201/221/4 134/148/4 537/148/4 597/221/4
f 259/85/3 28/222/3 486/222/3 492/85/3
f 31/159/2 140/159/2 493/159/2 494/159/2
f 270/108/3 138/42/3 602/42/3 604/108/3
f 33/68/5 147/67/5 495/67/5 496/68/5
f 241/30/2 248/87/2 571/87/2 523/30/2
f 192/156/2 202/157/2 603/157/2 499/156/2
f 246/90/2 247/17/2 561/17/2 527/90/2
f 190/158/2 201/221/2 597/221/2 482/158/2
f 90/178/4 180/185/4 560/185/4 554/178/4
f 247/17/3 88/144/3 557/144/3 561/17/3
f 34/276/4 260/105/4 497/105/4 498/276/4
f 199/150/5 189/163/5 623/163/5 626/150/5
f 35/71/4 192/156/4 499/156/4 500/71/4
f 146/159/5 1/159/5 456/159/5 605/159/5
f 226/131/3 33/68/3 496/68/3 501/131/3
f 252/226/2 243/271/2 525/271/2 599/226/2
f 147/67/5 8/237/5 460/237/5 495/67/5
f 196/260/5 194/274/5 624/274/5 625/260/5
f 148/235/5 11/234/5 462/234/5 606/235/5
f 92/159/5 16/159/5 474/159/5 562/159/5
f 13/263/2 149/35/2 608/35/2 607/263/2
f 93/192/5 18/33/5 468/33/5 509/192/5
f 37/159/5 110/159/5 502/159/5 503/159/5
f 150/103/5 47/268/5 517/268/5 520/103/5
f 94/88/5 19/29/5 470/29/5 511/88/5
f 251/13/2 240/16/2 521/16/2 594/13/2
f 95/204/5 20/238/5 472/238/5 563/204/5
f 202/157/2 190/158/2 482/158/2 603/157/2
f 152/57/5 65/231/5 532/231/5 609/57/5
f 256/119/4 48/118/4 581/118/4 638/119/4
f 153/149/5 73/229/5 541/229/5 610/149/5
f 39/81/4 261/101/4 504/101/4 505/81/4
f 170/169/3 146/252/3 605/252/3 611/169/3
f 67/191/2 98/211/2 565/211/2 536/191/2
f 258/111/4 50/110/4 595/110/4 639/111/4
f 38/77/4 227/5/4 506/5/4 507/77/4
f 164/164/3 92/255/3 562/255/3 567/164/3
f 160/194/3 37/214/3 503/214/3 508/194/3
f 271/102/3 148/235/3 606/235/3 613/102/3
f 197/205/3 95/204/3 563/204/3 568/205/3
f 187/36/3 153/149/3 610/149/3 614/36/3
f 231/124/3 93/192/3 509/192/3 569/124/3
f 93/192/2 42/8/2 510/8/2 509/192/2
f 206/22/4 9/21/4 579/21/4 533/22/4
f 43/89/5 94/88/5 511/88/5 512/89/5
f 220/58/3 152/57/3 609/57/3 615/58/3
f 45/159/2 86/159/2 513/159/2 514/159/2
f 27/216/3 209/215/3 627/215/3 484/216/3
f 248/87/3 97/125/3 564/125/3 571/87/3
f 210/69/4 33/68/4 496/68/4 628/69/4
f 181/262/3 99/165/3 566/165/3 572/262/3
f 114/99/3 267/98/3 640/98/3 582/99/3
f 156/248/4 76/279/4 545/279/4 473/248/4
f 101/32/5 38/77/5 507/77/5 467/32/5
f 262/97/3 43/89/3 512/89/3 515/97/3
f 132/107/3 269/106/3 598/106/3 596/107/3
f 83/10/3 213/9/3 630/9/3 556/10/3
f 78/181/3 158/266/3 489/266/3 547/181/3
f 102/28/5 39/81/5 505/81/5 469/28/5
f 214/193/4 93/192/4 509/192/4 631/193/4
f 47/159/4 273/159/4 516/159/4 517/159/4
f 80/195/3 160/194/3 508/194/3 549/195/3
f 104/159/2 17/159/2 466/159/2 573/159/2
f 255/281/2 271/102/2 613/102/2 461/281/2
f 111/76/3 216/75/3 587/75/3 580/76/3
f 260/105/2 270/108/2 604/108/2 497/105/2
f 269/106/5 258/111/5 639/111/5 598/106/5
f 218/224/4 129/223/4 483/223/4 632/224/4
f 137/46/3 219/45/3 633/45/3 601/46/3
f 99/165/3 164/164/3 567/164/3 566/165/3
f 278/24/3 52/104/3 519/104/3 518/24/3
f 267/98/5 256/119/5 638/119/5 640/98/5
f 261/101/2 266/112/2 576/112/2 504/101/2
f 205/236/2 220/58/2 615/58/2 531/236/2
f 166/209/4 117/208/4 548/208/4 585/209/4
f 103/187/4 198/199/4 574/199/4 471/187/4
f 257/115/2 265/94/2 570/94/2 477/115/2
f 219/45/5 210/69/5 628/69/5 633/45/5
f 169/241/4 144/256/4 551/256/4 619/241/4
f 52/104/5 150/103/5 520/103/5 519/104/5
f 107/198/4 215/31/4 577/31/4 539/198/4
f 266/112/2 257/115/2 477/115/2 576/112/2
f 154/228/2 170/169/2 611/169/2 455/228/2
f 932/1/6 923/4/6 655/3/6 737/2/6
f 878/5/2 1157/5/2 1226/6/2 883/6/2
f 879/7/3 972/7/3 969/8/3 693/8/3
f 864/9/6 855/12/6 658/11/6 734/10/6
f 902/13/6 891/16/6 663/15/6 771/14/6
f 898/17/6 889/20/6 661/19/6 735/18/6
f 660/21/3 943/21/3 1067/22/3 857/22/3
f 939/23/2 1267/23/2 1169/24/2 929/24/2
f 835/25/3 1244/25/3 1242/26/3 777/26/3
f 900/27/6 892/30/6 670/29/6 753/28/6
f 866/31/6 858/34/6 669/33/6 752/32/6
f 800/35/3 1259/35/3 1265/36/3 838/36/3
f 837/37/6 826/40/6 676/39/6 790/38/6
f 904/41/6 893/44/6 675/43/6 789/42/6
f 870/45/6 859/48/6 674/47/6 788/46/6
f 938/49/6 927/52/6 672/51/6 791/50/6
f 836/53/6 827/56/6 680/55/6 782/54/6
f 803/57/4 998/57/4 1052/58/4 871/58/4
f 884/59/5 1286/59/5 1285/60/5 873/60/5
f 937/61/6 928/64/6 681/63/6 778/62/6
f 939/23/6 929/24/6 682/66/6 796/65/6
f 871/58/6 861/69/6 684/68/6 798/67/6
f 931/70/2 976/70/2 1014/1/2 932/1/2
f 838/36/6 828/72/6 686/71/6 800/35/6
f 719/73/5 991/73/5 1000/74/5 794/74/5
f 867/75/6 862/78/6 689/77/6 762/76/6
f 901/79/6 896/82/6 690/81/6 763/80/6
f 905/83/3 1051/83/3 1049/84/3 802/84/3
f 910/85/4 1078/85/4 1034/86/4 702/86/4
f 899/87/6 897/90/6 694/89/6 745/88/6
f 790/38/3 1131/38/3 1273/37/3 837/37/3
f 933/91/6 931/70/6 696/93/6 742/92/6
f 916/94/6 913/97/6 705/96/6 747/95/6
f 918/98/6 912/101/6 704/100/6 765/99/6
f 922/102/6 911/105/6 703/104/6 801/103/6
f 920/106/6 910/85/6 702/86/6 783/107/6
f 921/108/6 909/111/6 701/110/6 792/109/6
f 917/112/6 908/115/6 700/114/6 756/113/6
f 919/116/6 907/119/6 699/118/6 774/117/6
f 915/120/6 914/123/6 697/122/6 738/121/6
f 882/124/6 879/7/6 714/126/6 748/125/6
f 884/59/6 878/5/6 713/128/6 766/127/6
f 888/129/6 877/131/6 712/130/6 802/84/6
f 886/132/6 876/135/6 711/134/6 784/133/6
f 887/136/6 875/139/6 710/138/6 793/137/6
f 883/6/6 874/142/6 709/141/6 757/140/6
f 881/143/6 880/146/6 708/145/6 739/144/6
f 720/147/5 993/147/5 999/148/5 785/148/5
f 804/149/4 1006/149/4 1050/36/4 838/36/4
f 850/150/6 844/153/6 722/152/6 767/151/6
f 854/154/6 843/156/6 721/155/6 803/57/6
f 932/1/5 1296/1/5 1295/70/5 931/70/5
f 853/157/6 841/158/6 719/73/6 794/74/6
f 662/159/4 1113/159/4 1112/159/4 906/159/4
f 837/37/2 1099/37/2 1093/40/2 826/40/2
f 851/160/6 840/163/6 717/162/6 776/161/6
f 815/164/6 812/167/6 732/166/6 750/165/6
f 933/91/5 1297/91/5 1293/168/5 926/168/5
f 821/169/6 810/171/6 730/170/6 804/149/6
f 818/172/3 1243/172/3 1239/173/3 769/173/3
f 872/174/2 1110/174/2 1263/129/2 888/129/2
f 666/159/3 945/159/3 944/159/3 822/159/3
f 818/172/6 806/176/6 725/175/6 777/26/6
f 814/177/6 813/180/6 726/179/6 741/178/6
f 782/54/3 1041/54/3 1065/53/3 836/53/3
f 777/26/5 1242/26/5 1198/181/5 729/181/5
f 721/155/5 995/155/5 998/57/5 803/57/5
f 913/97/6 915/120/6 738/121/6 705/96/6
f 830/182/6 831/185/6 736/184/6 695/183/6
f 897/90/6 898/17/6 735/18/6 694/89/6
f 833/186/4 1229/186/4 1122/187/4 754/187/4
f 935/188/5 1299/188/5 1292/189/5 925/189/5
f 775/190/5 1181/190/5 1177/134/5 711/134/5
f 937/61/5 1301/61/5 1294/52/5 927/52/5
f 858/34/3 1186/34/3 1187/191/3 718/191/3
f 908/115/6 916/94/6 747/95/6 700/114/6
f 659/159/4 1111/159/4 1110/159/4 872/159/4
f 858/34/6 865/193/6 744/192/6 669/33/6
f 892/30/6 899/87/6 745/88/6 670/29/6
f 744/192/4 968/192/4 1017/124/4 882/124/4
f 811/194/6 816/197/6 759/196/6 731/195/6
f 844/153/6 849/199/6 758/198/6 722/152/6
f 878/5/6 883/6/6 757/140/6 713/128/6
f 686/71/5 1085/71/5 1084/35/5 800/35/5
f 930/200/6 934/203/6 755/202/6 687/201/6
f 746/204/4 970/204/4 1016/205/4 848/205/4
f 693/8/5 969/8/5 968/192/5 744/192/5
f 829/206/6 833/186/6 754/187/6 691/207/6
f 806/176/6 817/209/6 768/208/6 725/175/6
f 938/49/5 1302/49/5 1169/24/5 929/24/5
f 717/162/4 1185/162/4 1184/22/4 857/22/4
f 773/159/2 1241/159/2 1109/159/2 657/159/2
f 851/160/3 1038/160/3 1033/210/3 772/210/3
f 891/16/6 901/79/6 763/80/6 663/15/6
f 766/127/3 1234/127/3 1286/59/3 884/59/3
f 716/159/4 1183/159/4 1182/159/4 856/159/4
f 749/211/2 996/211/2 997/212/2 723/212/2
f 906/159/4 1077/159/4 1047/159/4 698/159/4
f 876/135/6 885/213/6 775/190/6 711/134/6
f 688/214/4 967/214/4 966/194/4 811/194/4
f 680/55/2 1139/55/2 1114/210/2 772/210/2
f 828/72/4 1272/72/4 1151/71/4 686/71/4
f 860/215/6 868/218/6 770/217/6 678/216/6
f 928/64/6 936/220/6 773/219/6 681/63/6
f 796/65/3 1104/65/3 1267/23/3 939/23/3
f 841/158/6 852/221/6 785/148/6 719/73/6
f 875/139/6 886/132/6 784/133/6 710/138/6
f 679/222/2 1137/222/2 1240/14/2 771/14/2
f 827/56/4 1197/56/4 1139/55/4 680/55/4
f 859/48/6 869/224/6 780/223/6 674/47/6
f 893/44/6 903/226/6 781/225/6 675/43/6
f 729/181/2 1036/181/2 1037/26/2 777/26/2
f 885/213/4 1073/213/4 988/190/4 775/190/4
f 843/156/6 853/157/6 794/74/6 721/155/6
f 877/131/6 887/136/6 793/137/6 712/130/6
f 911/105/6 921/108/6 792/109/6 703/104/6
f 748/125/3 1215/125/3 1220/124/3 882/124/3
f 657/159/2 1109/159/2 1108/159/2 760/159/2
f 791/50/3 1144/50/3 1302/49/3 938/49/3
f 707/227/5 1173/227/5 1181/190/5 775/190/5
f 805/228/6 821/169/6 804/149/6 724/229/6
f 839/230/6 854/154/6 803/57/6 716/231/6
f 872/174/6 888/129/6 802/84/6 706/232/6
f 831/185/4 1063/185/4 946/184/4 736/184/4
f 778/62/3 1129/62/3 1301/61/3 937/61/3
f 890/233/6 905/83/6 799/235/6 662/234/6
f 856/236/6 871/58/6 798/67/6 659/237/6
f 769/159/5 1239/159/5 1141/159/5 677/159/5
f 671/238/3 1123/238/3 1195/239/3 825/239/3
f 683/240/6 787/242/6 820/241/6 810/171/6
f 878/5/3 965/5/3 959/77/3 689/77/3
f 652/159/4 1107/159/4 1106/159/4 805/159/4
f 720/147/2 993/147/2 1035/161/2 776/161/2
f 695/183/3 971/183/3 1062/182/3 830/182/3
f 936/220/4 1300/220/4 1241/219/4 773/219/4
f 692/243/6 733/244/6 814/177/6 812/167/6
f 733/244/6 653/245/6 813/180/6 814/177/6
f 769/173/6 656/246/6 806/176/6 818/172/6
f 751/247/6 667/249/6 807/248/6 816/197/6
f 787/242/6 673/251/6 808/250/6 820/241/6
f 860/215/3 992/215/3 993/147/3 720/147/3
f 797/252/6 683/240/6 810/171/6 821/169/6
f 665/253/3 1115/253/3 1193/254/3 824/254/3
f 743/255/6 692/243/6 812/167/6 815/164/6
f 654/159/2 1105/159/2 1104/159/2 796/159/2
f 730/170/6 795/256/6 837/37/6 828/72/6
f 728/257/6 786/258/6 836/53/6 826/40/6
f 760/259/3 1108/259/3 1299/188/3 935/188/3
f 867/75/3 1238/75/3 1235/151/3 767/151/3
f 847/260/2 1013/260/2 1066/261/2 846/261/2
f 823/159/4 1191/159/4 1258/159/4 664/159/4
f 732/166/6 741/178/6 831/185/6 830/182/6
f 750/165/6 732/166/6 830/182/6 832/262/6
f 802/84/5 1049/84/5 982/232/5 706/232/5
f 912/101/3 964/101/3 961/81/3 690/81/3
f 934/203/4 1298/203/4 1224/202/4 755/202/4
f 857/22/3 1089/22/3 1090/162/3 717/162/3
f 711/134/5 1177/134/5 1180/133/5 784/133/5
f 777/26/6 725/175/6 824/254/6 835/25/6
f 822/159/3 1271/159/3 1206/159/3 726/159/3
f 664/263/6 800/35/6 854/154/6 839/230/6
f 742/92/3 1116/92/3 1297/91/3 933/91/3
f 834/264/3 1237/264/3 1199/208/3 768/208/3
f 691/207/3 963/207/3 1003/206/3 829/206/3
f 665/253/6 764/265/6 850/150/6 840/163/6
f 691/207/6 754/187/6 849/199/6 844/153/6
f 737/2/3 1164/2/3 1296/1/3 932/1/3
f 702/86/2 1034/86/2 978/117/2 774/117/2
f 772/210/6 665/253/6 840/163/6 851/160/6
f 904/41/2 1046/41/2 983/44/2 893/44/2
f 931/70/4 1295/70/4 1165/93/4 696/93/4
f 874/142/4 1126/142/4 1175/141/4 709/141/4
f 714/126/4 1179/126/4 1178/90/4 897/90/4
f 756/113/3 1097/113/3 1103/112/3 917/112/3
f 764/265/6 691/207/6 844/153/6 850/150/6
f 859/48/3 990/48/3 991/73/3 719/73/3
f 809/266/5 1140/266/5 1269/267/5 819/267/5
f 698/268/2 1047/268/2 1048/103/2 801/103/2
f 719/73/6 785/148/6 869/224/6 859/48/6
f 720/147/6 776/161/6 868/218/6 860/215/6
f 873/60/4 1285/60/4 1173/227/4 707/227/4
f 722/152/6 758/198/6 866/31/6 862/78/6
f 718/191/6 749/211/6 865/193/6 858/34/6
f 723/212/6 740/270/6 864/9/6 863/269/6
f 749/211/6 723/212/6 863/269/6 865/193/6
f 767/151/6 722/152/6 862/78/6 867/75/6
f 671/238/2 1015/238/2 970/204/2 746/204/2
f 764/265/2 962/265/2 963/207/2 691/207/2
f 894/271/5 1074/271/5 1076/226/5 903/226/5
f 929/24/4 1169/24/4 1145/66/4 682/66/4
f 740/270/6 715/272/6 855/12/6 864/9/6
f 717/162/5 1090/162/5 1092/161/5 776/161/5
f 761/273/4 1153/273/4 1236/209/4 817/209/4
f 684/68/6 788/46/6 887/136/6 877/131/6
f 674/47/6 780/223/6 886/132/6 875/139/6
f 678/216/6 770/217/6 885/213/6 876/135/6
f 660/21/6 762/76/6 884/59/6 873/60/6
f 808/250/5 1268/250/5 1270/241/5 820/241/5
f 768/208/5 1199/208/5 1194/175/5 725/175/5
f 693/8/6 734/10/6 881/143/6 879/7/6
f 770/217/6 660/21/6 873/60/6 885/213/6
f 734/10/6 658/11/6 880/146/6 881/143/6
f 927/52/4 1294/52/4 1130/51/4 672/51/4
f 788/46/6 674/47/6 875/139/6 887/136/6
f 780/223/6 678/216/6 876/135/6 886/132/6
f 707/227/2 1173/227/2 1234/127/2 766/127/2
f 845/274/2 973/274/2 1013/260/2 847/260/2
f 770/217/2 942/217/2 943/21/2 660/21/2
f 739/144/3 1010/144/3 1072/143/3 881/143/3
f 712/130/6 793/137/6 904/41/6 895/275/6
f 710/138/6 784/133/6 903/226/6 893/44/6
f 866/31/2 1228/31/2 1186/34/2 858/34/2
f 707/227/6 766/127/6 901/79/6 891/16/6
f 690/81/5 961/81/5 960/80/5 763/80/5
f 709/141/4 1175/141/4 1174/30/4 892/30/4
f 699/118/2 1232/118/2 1233/99/2 765/99/2
f 748/125/6 714/126/6 897/90/6 899/87/6
f 766/127/6 713/128/6 896/82/6 901/79/6
f 802/84/6 712/130/6 895/275/6 905/83/6
f 924/159/4 1167/159/4 1105/159/4 654/159/4
f 772/210/5 1033/210/5 955/55/5 680/55/5
f 757/140/6 709/141/6 892/30/6 900/27/6
f 739/144/6 708/145/6 889/20/6 898/17/6
f 860/215/5 1278/215/5 1283/224/5 869/224/5
f 891/16/3 1172/16/3 1173/227/3 707/227/3
f 916/94/2 1221/94/2 1166/97/2 913/97/2
f 675/43/6 781/225/6 920/106/6 909/111/6
f 679/222/6 771/14/6 919/116/6 910/85/6
f 663/15/6 763/80/6 918/98/6 907/119/6
f 660/21/2 1230/21/2 1231/76/2 762/76/2
f 809/266/2 1140/266/2 1243/172/2 818/172/2
f 694/89/6 735/18/6 915/120/6 913/97/6
f 735/18/6 661/19/6 914/123/6 915/120/6
f 771/14/6 663/15/6 907/119/6 919/116/6
f 863/269/5 1280/269/5 1282/193/5 865/193/5
f 789/42/6 675/43/6 909/111/6 921/108/6
f 819/267/5 1269/267/5 1268/250/5 808/250/5
f 799/235/6 685/276/6 911/105/6 922/102/6
f 895/275/5 1075/275/5 1051/83/5 905/83/5
f 864/9/5 1281/9/5 1280/269/5 863/269/5
f 920/106/2 1249/106/2 1143/85/2 910/85/2
f 703/104/6 792/109/6 938/49/6 929/24/6
f 701/110/6 783/107/6 937/61/6 927/52/6
f 702/86/6 774/117/6 936/220/6 928/64/6
f 699/118/6 765/99/6 935/188/6 925/189/6
f 704/100/6 756/113/6 934/203/6 930/200/6
f 700/114/6 747/95/6 933/91/6 926/168/6
f 935/188/4 1083/188/4 1026/259/4 760/259/4
f 747/95/6 705/96/6 931/70/6 933/91/6
f 765/99/6 704/100/6 930/200/6 935/188/6
f 759/196/4 1204/196/4 1229/186/4 833/186/4
f 783/107/6 702/86/6 928/64/6 937/61/6
f 792/109/6 701/110/6 927/52/6 938/49/6
f 756/113/6 700/114/6 926/168/6 934/203/6
f 689/77/5 959/77/5 958/76/5 762/76/5
f 826/40/4 1061/40/4 1040/39/4 676/39/4
f 1070/218/6 1067/22/6 943/21/6 942/217/6
f 1063/185/6 944/278/6 945/277/6 946/184/6
f 1076/226/6 1074/271/6 952/222/6 951/225/6
f 1051/83/6 1075/275/6 957/276/6 956/235/6
f 1083/188/6 1082/200/6 1025/201/6 1026/259/6
f 1032/264/6 1003/206/6 963/207/6 962/265/6
f 1064/262/6 1062/182/6 971/183/6 970/204/6
f 1073/213/6 1071/60/6 989/227/6 988/190/6
f 1016/205/6 973/274/6 997/212/6 996/211/6
f 1022/197/6 1053/248/6 1008/279/6 1007/196/6
f 1055/167/6 1056/177/6 1012/178/6 1011/166/6
f 972/7/6 1072/143/6 1010/144/6 1009/126/6
f 1060/239/6 1064/262/6 970/204/6 1015/238/6
f 1068/78/6 1069/31/6 1019/32/6 959/77/6
f 985/82/6 1023/27/6 1020/28/6 961/81/6
f 1059/254/6 1032/264/6 962/265/6 1028/253/6
f 953/266/6 1057/172/6 1037/26/6 1036/181/6
f 954/280/6 1038/160/6 1035/161/6 993/147/6
f 1078/85/6 1079/116/6 978/117/6 1034/86/6
f 1061/40/6 1065/53/6 1041/54/6 1040/39/6
f 1054/171/6 1058/241/6 1044/256/6 1002/170/6
f 1077/281/6 1080/102/6 1048/103/6 1047/268/6
f 948/251/6 949/282/6 1042/267/6 947/250/6
f 941/246/6 1027/273/6 1029/209/6 940/176/6
f 967/214/6 1018/247/6 1022/197/6 966/194/6
f 949/282/6 950/283/6 953/266/6 1042/267/6
f 1004/195/6 1007/196/6 1024/186/6 1003/206/6
f 1005/208/6 1004/195/6 1003/206/6 1032/264/6
f 1006/149/6 1002/170/6 1001/72/6 1050/36/6
f 955/55/6 1033/210/6 1038/160/6 954/280/6
f 971/183/6 946/184/6 1013/260/6 973/274/6
f 946/184/6 945/277/6 1066/261/6 1013/260/6
f 970/204/6 971/183/6 973/274/6 1016/205/6
f 995/155/6 1000/74/6 1045/45/6 994/69/6
f 998/57/6 995/155/6 994/69/6 1052/58/6
f 999/148/6 993/147/6 992/215/6 1043/224/6
f 1000/74/6 991/73/6 990/48/6 1045/45/6
f 958/76/6 959/77/6 965/5/6 1030/59/6
f 968/192/6 969/8/6 972/7/6 1017/124/6
f 982/232/6 1049/84/6 1051/83/6 981/233/6
f 986/128/6 1021/140/6 1023/27/6 985/82/6
f 987/137/6 984/138/6 983/44/6 1046/41/6
f 960/80/6 961/81/6 964/101/6 1031/98/6
f 977/96/6 979/121/6 1014/1/6 976/70/6
f 978/117/6 975/118/6 974/189/6 1039/220/6
f 979/121/6 980/122/6 1081/4/6 1014/1/6
f 774/117/4 978/117/4 1039/220/4 936/220/4
f 930/200/5 1082/200/5 1083/188/5 935/188/5
f 836/53/5 1065/53/5 1061/40/5 826/40/5
f 751/159/5 1018/159/5 967/159/5 688/159/5
f 779/159/5 949/159/5 948/159/5 673/159/5
f 881/143/5 1072/143/5 972/7/5 879/7/5
f 689/77/2 959/77/2 1019/32/2 752/32/2
f 727/279/3 1008/279/3 1053/248/3 807/248/3
f 834/264/5 1032/264/5 1059/254/5 824/254/5
f 873/60/5 1071/60/5 1073/213/5 885/213/5
f 690/81/2 961/81/2 1020/28/2 753/28/2
f 862/78/4 1068/78/4 959/77/4 689/77/4
f 829/206/2 1003/206/2 1024/186/2 833/186/2
f 925/189/3 974/189/3 975/118/3 699/118/3
f 809/266/4 953/266/4 1036/181/4 729/181/4
f 676/39/2 1040/39/2 1041/54/2 782/54/2
f 832/262/5 1064/262/5 1060/239/5 825/239/5
f 936/220/2 1039/220/2 974/189/2 925/189/2
f 810/171/4 1054/171/4 1002/170/4 730/170/4
f 774/117/3 978/117/3 1079/116/3 919/116/3
f 932/1/2 1014/1/2 1081/4/2 923/4/2
f 830/182/5 1062/182/5 1064/262/5 832/262/5
f 757/140/5 1021/140/5 986/128/5 713/128/5
f 812/167/4 1055/167/4 1011/166/4 732/166/4
f 752/32/3 1019/32/3 1069/31/3 866/31/3
f 828/72/3 1001/72/3 1002/170/3 730/170/3
f 801/103/3 1048/103/3 1080/102/3 922/102/3
f 838/36/2 1050/36/2 1001/72/2 828/72/2
f 884/59/2 1030/59/2 965/5/2 878/5/2
f 759/196/5 1007/196/5 1004/195/5 731/195/5
f 741/178/3 1012/178/3 1056/177/3 814/177/3
f 868/218/4 1070/218/4 942/217/4 770/217/4
f 922/102/5 1080/102/5 1077/281/5 906/281/5
f 705/96/4 977/96/4 976/70/4 931/70/4
f 882/124/2 1017/124/2 972/7/2 879/7/2
f 816/197/3 1022/197/3 1018/247/3 751/247/3
f 816/197/4 1022/197/4 1007/196/4 759/196/4
f 731/195/5 1004/195/5 1005/208/5 768/208/5
f 730/170/5 1002/170/5 1006/149/5 804/149/5
f 919/116/5 1079/116/5 1078/85/5 910/85/5
f 777/26/3 1037/26/3 1057/172/3 818/172/3
f 673/251/4 948/251/4 947/250/4 808/250/4
f 822/278/5 944/278/5 1063/185/5 831/185/5
f 861/69/2 994/69/2 1045/45/2 870/45/2
f 785/148/4 999/148/4 1043/224/4 869/224/4
f 795/256/3 1044/256/3 1058/241/3 820/241/3
f 759/196/2 1007/196/2 1008/279/2 727/279/2
f 679/222/3 952/222/3 1074/271/3 894/271/3
f 900/27/3 1023/27/3 1021/140/3 757/140/3
f 699/118/5 975/118/5 978/117/5 774/117/5
f 685/276/3 957/276/3 1075/275/3 895/275/3
f 833/186/3 1024/186/3 1007/196/3 759/196/3
f 677/159/5 950/159/5 949/159/5 779/159/5
f 697/122/5 980/122/5 979/121/5 738/121/5
f 896/82/4 985/82/4 961/81/4 690/81/4
f 760/159/2 1026/159/2 1025/159/2 687/159/2
f 820/241/5 1058/241/5 1054/171/5 810/171/5
f 866/31/5 1069/31/5 1068/78/5 862/78/5
f 842/280/4 954/280/4 993/147/4 720/147/4
f 706/159/4 982/159/4 981/159/4 890/159/4
f 761/159/5 1027/159/5 941/159/5 656/159/5
f 781/225/2 951/225/2 952/222/2 679/222/2
f 808/250/2 947/250/2 1042/267/2 819/267/2
f 818/172/5 1057/172/5 953/266/5 809/266/5
f 806/176/2 940/176/2 1029/209/2 817/209/2
f 736/184/5 946/184/5 971/183/5 695/183/5
f 723/212/3 997/212/3 973/274/3 845/274/3
f 753/28/3 1020/28/3 1023/27/3 900/27/3
f 665/253/2 1028/253/2 962/265/2 764/265/2
f 809/266/3 953/266/3 950/283/3 677/283/3
f 811/194/2 966/194/2 1022/197/2 816/197/2
f 846/159/3 1066/159/3 945/159/3 666/159/3
f 893/44/3 983/44/3 984/138/3 710/138/3
f 871/58/2 1052/58/2 994/69/2 861/69/2
f 738/121/5 979/121/5 977/96/5 705/96/5
f 918/98/2 1031/98/2 964/101/2 912/101/2
f 680/55/4 955/55/4 954/280/4 842/280/4
f 814/177/5 1056/177/5 1055/167/5 812/167/5
f 869/224/2 1043/224/2 992/215/2 860/215/2
f 714/126/2 1009/126/2 1010/144/2 739/144/2
f 794/74/5 1000/74/5 995/155/5 721/155/5
f 848/205/4 1016/205/4 996/211/4 749/211/4
f 903/226/4 1076/226/4 951/225/4 781/225/4
f 870/45/2 1045/45/2 990/48/2 859/48/2
f 923/159/3 1081/159/3 980/159/3 697/159/3
f 730/170/2 1002/170/2 1044/256/2 795/256/2
f 713/128/4 986/128/4 985/82/4 896/82/4
f 732/166/2 1011/166/2 1012/178/2 741/178/2
f 905/83/4 1051/83/4 956/235/4 799/235/4
f 817/209/3 1029/209/3 1027/273/3 761/273/3
f 807/248/5 1053/248/5 1022/197/5 816/197/5
f 776/161/3 1035/161/3 1038/160/3 851/160/3
f 890/233/2 981/233/2 1051/83/2 905/83/2
f 857/22/5 1067/22/5 1070/218/5 868/218/5
f 762/76/4 958/76/4 1030/59/4 884/59/4
f 799/235/2 956/235/2 957/276/2 685/276/2
f 819/267/2 1042/267/2 953/266/2 809/266/2
f 763/80/4 960/80/4 1031/98/4 918/98/4
f 707/227/3 989/227/3 1071/60/3 873/60/3
f 768/208/4 1005/208/4 1032/264/4 834/264/4
f 710/138/5 984/138/5 987/137/5 793/137/5
f 687/201/3 1025/201/3 1082/200/3 930/200/3
f 793/137/4 987/137/4 1046/41/4 904/41/4
f 656/246/4 941/246/4 940/176/4 806/176/4
f 775/190/2 988/190/2 989/227/2 707/227/2
f 824/254/4 1059/254/4 1028/253/4 665/253/4
f 825/239/4 1060/239/4 1015/238/4 671/238/4
f 879/7/4 972/7/4 1009/126/4 714/126/4
f 1101/260/6 1087/261/6 1088/272/6 1091/270/6
f 1102/101/6 1103/112/6 1097/113/6 1096/100/6
f 1095/256/6 1094/257/6 1093/40/6 1099/37/6
f 1084/35/6 1085/71/6 1086/156/6 1100/154/6
f 1092/161/6 1090/162/6 1089/22/6 1098/218/6
f 846/261/5 1087/261/5 1101/260/5 847/260/5
f 912/101/4 1102/101/4 1096/100/4 704/100/4
f 795/256/4 1095/256/4 1099/37/4 837/37/4
f 843/156/3 1086/156/3 1085/71/3 686/71/3
f 868/218/2 1098/218/2 1089/22/2 857/22/2
f 917/112/5 1103/112/5 1102/101/5 912/101/5
f 776/161/4 1092/161/4 1098/218/4 868/218/4
f 826/40/3 1093/40/3 1094/257/3 728/257/3
f 704/100/2 1096/100/2 1097/113/2 756/113/2
f 854/154/2 1100/154/2 1086/156/2 843/156/2
f 715/159/3 1088/159/3 1087/159/3 846/159/3
f 740/270/2 1091/270/2 1088/272/2 715/272/2
f 800/35/4 1084/35/4 1100/154/4 854/154/4
f 728/257/5 1094/257/5 1095/256/5 795/256/5
f 847/260/4 1101/260/4 1091/270/4 740/270/4
f 1300/220/6 1292/189/6 1109/284/6 1241/219/6
f 1244/25/6 1193/254/6 1115/253/6 1114/210/6
f 1229/186/6 1195/239/6 1123/238/6 1122/187/6
f 1298/203/6 1293/168/6 1117/285/6 1224/202/6
f 1283/224/6 1278/215/6 1135/216/6 1134/223/6
f 1282/193/6 1280/269/6 1161/8/6 1160/192/6
f 1248/221/6 1142/280/6 1189/147/6 1188/148/6
f 1225/199/6 1127/286/6 1187/191/6 1190/198/6
f 1236/209/6 1159/194/6 1200/195/6 1199/208/6
f 1269/267/6 1140/266/6 1198/181/6 1201/258/6
f 1270/241/6 1268/250/6 1203/257/6 1202/256/6
f 1275/274/6 1276/260/6 1210/270/6 1209/212/6
f 1280/269/6 1281/9/6 1207/10/6 1161/8/6
f 1295/70/6 1296/1/6 1164/2/6 1165/93/6
f 1124/248/6 1218/164/6 1217/165/6 1196/279/6
f 1127/286/6 1219/205/6 1216/211/6 1187/191/6
f 1126/142/6 1220/124/6 1215/125/6 1175/141/6
f 1293/168/6 1297/91/6 1116/92/6 1117/285/6
f 1274/163/6 1277/150/6 1235/151/6 1185/162/6
f 1285/60/6 1286/59/6 1234/127/6 1173/227/6
f 1289/119/6 1291/98/6 1233/99/6 1232/118/6
f 1184/22/6 1238/75/6 1231/76/6 1230/21/6
f 1292/189/6 1299/188/6 1108/259/6 1109/284/6
f 1197/56/6 1244/25/6 1114/210/6 1139/55/6
f 1176/271/6 1245/13/6 1240/14/6 1137/222/6
f 1268/250/6 1269/267/6 1201/258/6 1203/257/6
f 1290/111/6 1249/106/6 1247/107/6 1246/110/6
f 1294/52/6 1301/61/6 1129/62/6 1130/51/6
f 1169/24/6 1302/49/6 1144/50/6 1145/66/6
f 1279/69/6 1284/45/6 1252/46/6 1147/68/6
f 1287/275/6 1288/41/6 1253/42/6 1149/276/6
f 1272/72/6 1273/37/6 1131/38/6 1151/71/6
f 1191/287/6 1265/36/6 1259/35/6 1258/263/6
f 1167/288/6 1267/23/6 1104/65/6 1105/289/6
f 1107/290/6 1256/252/6 1262/169/6 1106/228/6
f 1141/283/6 1239/173/6 1243/172/6 1140/266/6
f 1125/249/6 1213/255/6 1218/164/6 1124/248/6
f 1153/273/6 1154/214/6 1159/194/6 1236/209/6
f 1192/229/6 1261/149/6 1265/36/6 1191/287/6
f 1198/181/6 1242/26/6 1244/25/6 1197/56/6
f 1194/175/6 1199/208/6 1237/264/6 1193/254/6
f 1196/279/6 1217/165/6 1223/262/6 1195/239/6
f 1201/258/6 1198/181/6 1197/56/6 1251/53/6
f 1204/196/6 1196/279/6 1195/239/6 1229/186/6
f 1205/178/6 1206/179/6 1271/278/6 1211/185/6
f 1151/71/6 1131/38/6 1254/157/6 1150/156/6
f 1132/39/6 1138/54/6 1248/221/6 1133/158/6
f 1123/238/6 1214/204/6 1219/205/6 1127/286/6
f 1122/187/6 1123/238/6 1127/286/6 1225/199/6
f 1131/38/6 1132/39/6 1133/158/6 1254/157/6
f 1138/54/6 1139/55/6 1142/280/6 1248/221/6
f 1183/231/6 1260/57/6 1266/58/6 1182/236/6
f 1185/162/6 1235/151/6 1238/75/6 1184/22/6
f 1190/198/6 1187/191/6 1186/34/6 1228/31/6
f 1111/237/6 1146/67/6 1263/129/6 1110/174/6
f 1158/77/6 1118/32/6 1226/6/6 1157/5/6
f 1119/33/6 1160/192/6 1220/124/6 1126/142/6
f 1118/32/6 1119/33/6 1126/142/6 1226/6/6
f 1146/67/6 1147/68/6 1152/131/6 1263/129/6
f 1177/134/6 1181/190/6 1245/13/6 1176/271/6
f 1175/141/6 1215/125/6 1222/87/6 1174/30/6
f 1179/126/6 1208/144/6 1212/17/6 1178/90/6
f 1180/133/6 1177/134/6 1176/271/6 1250/226/6
f 1181/190/6 1173/227/6 1172/16/6 1245/13/6
f 1113/234/6 1257/235/6 1264/102/6 1112/281/6
f 1149/276/6 1253/42/6 1255/108/6 1148/105/6
f 1156/81/6 1120/28/6 1227/112/6 1155/101/6
f 1121/29/6 1162/88/6 1221/94/6 1128/115/6
f 1120/28/6 1121/29/6 1128/115/6 1227/112/6
f 1136/225/6 1137/222/6 1143/85/6 1249/106/6
f 1162/88/6 1163/89/6 1166/97/6 1221/94/6
f 1168/268/6 1171/103/6 1267/23/6 1167/288/6
f 1171/103/6 1170/104/6 1169/24/6 1267/23/6
f 785/148/2 1188/148/2 1189/147/2 720/147/2
f 837/37/5 1273/37/5 1272/72/5 828/72/5
f 926/168/5 1293/168/5 1298/203/5 934/203/5
f 925/189/5 1292/189/5 1300/220/5 936/220/5
f 772/210/2 1114/210/2 1115/253/2 665/253/2
f 824/254/2 1193/254/2 1237/264/2 834/264/2
f 883/6/2 1226/6/2 1126/142/2 874/142/2
f 724/159/4 1192/159/4 1191/159/4 823/159/4
f 668/159/2 1117/159/2 1116/159/2 742/159/2
f 825/239/2 1195/239/2 1223/262/2 832/262/2
f 725/175/4 1194/175/4 1193/254/4 824/254/4
f 669/33/5 1119/33/5 1118/32/5 752/32/5
f 782/54/5 1138/54/5 1132/39/5 676/39/5
f 670/29/5 1121/29/5 1120/28/5 753/28/5
f 888/129/2 1263/129/2 1152/131/2 877/131/2
f 701/110/2 1246/110/2 1247/107/2 783/107/2
f 667/249/4 1125/249/4 1124/248/4 807/248/4
f 836/53/2 1251/53/2 1197/56/2 827/56/2
f 728/257/2 1203/257/2 1201/258/2 786/258/2
f 672/159/2 1130/159/2 1129/159/2 778/159/2
f 824/254/5 1193/254/5 1244/25/5 835/25/5
f 831/185/2 1211/185/2 1271/278/2 822/278/2
f 781/225/4 1136/225/4 1249/106/4 920/106/4
f 768/208/2 1199/208/2 1200/195/2 731/195/2
f 894/271/4 1176/271/4 1137/222/4 679/222/4
f 895/275/4 1287/275/4 1149/276/4 685/276/4
f 840/163/4 1274/163/4 1185/162/4 717/162/4
f 676/39/5 1132/39/5 1131/38/5 790/38/5
f 784/133/4 1180/133/4 1250/226/4 903/226/4
f 795/256/2 1202/256/2 1203/257/2 728/257/2
f 786/258/4 1201/258/4 1251/53/4 836/53/4
f 727/279/5 1196/279/5 1204/196/5 759/196/5
f 720/147/3 1189/147/3 1142/280/3 842/280/3
f 684/68/2 1147/68/2 1252/46/2 788/46/2
f 726/179/5 1206/179/5 1205/178/5 741/178/5
f 845/274/4 1275/274/4 1209/212/4 723/212/4
f 693/8/2 1161/8/2 1207/10/2 734/10/2
f 780/223/2 1134/223/2 1135/216/2 678/216/2
f 771/14/3 1240/14/3 1245/13/3 902/13/3
f 679/222/5 1137/222/5 1136/225/5 781/225/5
f 740/270/3 1210/270/3 1276/260/3 847/260/3
f 680/55/5 1139/55/5 1138/54/5 782/54/5
f 789/42/3 1253/42/3 1288/41/3 904/41/3
f 749/211/3 1216/211/3 1219/205/3 848/205/3
f 849/199/4 1225/199/4 1190/198/4 758/198/4
f 677/283/4 1141/283/4 1140/266/4 809/266/4
f 767/151/3 1235/151/3 1277/150/3 850/150/3
f 739/144/5 1208/144/5 1179/126/5 714/126/5
f 904/41/5 1288/41/5 1287/275/5 895/275/5
f 723/212/2 1209/212/2 1210/270/2 740/270/2
f 842/280/3 1142/280/3 1139/55/3 680/55/3
f 852/221/4 1248/221/4 1188/148/4 785/148/4
f 910/85/3 1143/85/3 1137/222/3 679/222/3
f 682/159/2 1145/159/2 1144/159/2 791/159/2
f 921/108/3 1255/108/3 1253/42/3 789/42/3
f 684/68/5 1147/68/5 1146/67/5 798/67/5
f 892/30/2 1174/30/2 1222/87/2 899/87/2
f 843/156/2 1150/156/2 1254/157/2 853/157/2
f 897/90/2 1178/90/2 1212/17/2 898/17/2
f 841/158/2 1133/158/2 1248/221/2 852/221/2
f 741/178/4 1205/178/4 1211/185/4 831/185/4
f 898/17/3 1212/17/3 1208/144/3 739/144/3
f 685/276/4 1149/276/4 1148/105/4 911/105/4
f 850/150/5 1277/150/5 1274/163/5 840/163/5
f 686/71/4 1151/71/4 1150/156/4 843/156/4
f 797/159/5 1256/159/5 1107/159/5 652/159/5
f 877/131/3 1152/131/3 1147/68/3 684/68/3
f 903/226/2 1250/226/2 1176/271/2 894/271/2
f 798/67/5 1146/67/5 1111/237/5 659/237/5
f 847/260/5 1276/260/5 1275/274/5 845/274/5
f 799/235/5 1257/235/5 1113/234/5 662/234/5
f 743/159/5 1213/159/5 1125/159/5 667/159/5
f 664/263/2 1258/263/2 1259/35/2 800/35/2
f 744/192/5 1160/192/5 1119/33/5 669/33/5
f 688/159/5 1154/159/5 1153/159/5 761/159/5
f 801/103/5 1171/103/5 1168/268/5 698/268/5
f 745/88/5 1162/88/5 1121/29/5 670/29/5
f 902/13/2 1245/13/2 1172/16/2 891/16/2
f 746/204/5 1214/204/5 1123/238/5 671/238/5
f 853/157/2 1254/157/2 1133/158/2 841/158/2
f 803/57/5 1260/57/5 1183/231/5 716/231/5
f 907/119/4 1289/119/4 1232/118/4 699/118/4
f 804/149/5 1261/149/5 1192/229/5 724/229/5
f 690/81/4 1156/81/4 1155/101/4 912/101/4
f 821/169/3 1262/169/3 1256/252/3 797/252/3
f 718/191/2 1187/191/2 1216/211/2 749/211/2
f 909/111/4 1290/111/4 1246/110/4 701/110/4
f 689/77/4 1158/77/4 1157/5/4 878/5/4
f 815/164/3 1218/164/3 1213/255/3 743/255/3
f 811/194/3 1159/194/3 1154/214/3 688/214/3
f 922/102/3 1264/102/3 1257/235/3 799/235/3
f 848/205/3 1219/205/3 1214/204/3 746/204/3
f 838/36/3 1265/36/3 1261/149/3 804/149/3
f 882/124/3 1220/124/3 1160/192/3 744/192/3
f 744/192/2 1160/192/2 1161/8/2 693/8/2
f 857/22/4 1184/22/4 1230/21/4 660/21/4
f 694/89/5 1163/89/5 1162/88/5 745/88/5
f 871/58/3 1266/58/3 1260/57/3 803/57/3
f 696/159/2 1165/159/2 1164/159/2 737/159/2
f 678/216/3 1135/216/3 1278/215/3 860/215/3
f 899/87/3 1222/87/3 1215/125/3 748/125/3
f 861/69/4 1279/69/4 1147/68/4 684/68/4
f 832/262/3 1223/262/3 1217/165/3 750/165/3
f 765/99/3 1233/99/3 1291/98/3 918/98/3
f 807/248/4 1124/248/4 1196/279/4 727/279/4
f 752/32/5 1118/32/5 1158/77/5 689/77/5
f 913/97/3 1166/97/3 1163/89/3 694/89/3
f 783/107/3 1247/107/3 1249/106/3 920/106/3
f 734/10/3 1207/10/3 1281/9/3 864/9/3
f 729/181/3 1198/181/3 1140/266/3 809/266/3
f 753/28/5 1120/28/5 1156/81/5 690/81/5
f 865/193/4 1282/193/4 1160/192/4 744/192/4
f 698/159/4 1168/159/4 1167/159/4 924/159/4
f 731/195/3 1200/195/3 1159/194/3 811/194/3
f 755/159/2 1224/159/2 1117/159/2 668/159/2
f 906/281/2 1112/281/2 1264/102/2 922/102/2
f 762/76/3 1231/76/3 1238/75/3 867/75/3
f 911/105/2 1148/105/2 1255/108/2 921/108/2
f 920/106/5 1249/106/5 1290/111/5 909/111/5
f 869/224/4 1283/224/4 1134/223/4 780/223/4
f 788/46/3 1252/46/3 1284/45/3 870/45/3
f 750/165/3 1217/165/3 1218/164/3 815/164/3
f 929/24/3 1169/24/3 1170/104/3 703/104/3
f 918/98/5 1291/98/5 1289/119/5 907/119/5
f 912/101/2 1155/101/2 1227/112/2 917/112/2
f 856/236/2 1182/236/2 1266/58/2 871/58/2
f 817/209/4 1236/209/4 1199/208/4 768/208/4
f 754/187/4 1122/187/4 1225/199/4 849/199/4
f 908/115/2 1128/115/2 1221/94/2 916/94/2
f 870/45/5 1284/45/5 1279/69/5 861/69/5
f 820/241/4 1270/241/4 1202/256/4 795/256/4
f 703/104/5 1170/104/5 1171/103/5 801/103/5
f 758/198/4 1190/198/4 1228/31/4 866/31/4
f 917/112/2 1227/112/2 1128/115/2 908/115/2
f 805/228/2 1106/228/2 1262/169/2 821/169/2
f 1583/1/3 1388/2/3 1306/3/3 1574/4/3
f 1529/5/2 1534/6/2 1877/6/2 1808/5/2
f 1530/7/6 1344/8/6 1620/8/6 1623/7/6
f 1515/9/3 1385/10/3 1309/11/3 1506/12/3
f 1553/13/3 1422/14/3 1314/15/3 1542/16/3
f 1549/17/3 1386/18/3 1312/19/3 1540/20/3
f 1311/21/6 1508/22/6 1718/22/6 1594/21/6
f 1590/23/2 1580/24/2 1820/24/2 1918/23/2
f 1486/25/6 1428/26/6 1893/26/6 1895/25/6
f 1551/27/3 1404/28/3 1321/29/3 1543/30/3
f 1517/31/3 1403/32/3 1320/33/3 1509/34/3
f 1451/35/6 1489/36/6 1916/36/6 1910/35/6
f 1488/37/3 1441/38/3 1327/39/3 1477/40/3
f 1555/41/3 1440/42/3 1326/43/3 1544/44/3
f 1521/45/3 1439/46/3 1325/47/3 1510/48/3
f 1589/49/3 1442/50/3 1323/51/3 1578/52/3
f 1487/53/3 1433/54/3 1331/55/3 1478/56/3
f 1454/57/1 1522/58/1 1703/58/1 1649/57/1
f 1535/59/5 1524/60/5 1936/60/5 1937/59/5
f 1588/61/3 1429/62/3 1332/63/3 1579/64/3
f 1590/23/3 1447/65/3 1333/66/3 1580/24/3
f 1522/58/3 1449/67/3 1335/68/3 1512/69/3
f 1582/70/2 1583/1/2 1665/1/2 1627/70/2
f 1489/36/3 1451/35/3 1337/71/3 1479/72/3
f 1370/73/5 1445/74/5 1651/74/5 1642/73/5
f 1518/75/3 1413/76/3 1340/77/3 1513/78/3
f 1552/79/3 1414/80/3 1341/81/3 1547/82/3
f 1556/83/6 1453/84/6 1700/84/6 1702/83/6
f 1561/85/1 1353/86/1 1685/86/1 1729/85/1
f 1550/87/3 1396/88/3 1345/89/3 1548/90/3
f 1441/38/6 1488/37/6 1924/37/6 1782/38/6
f 1584/91/3 1393/92/3 1347/93/3 1582/70/3
f 1567/94/3 1398/95/3 1356/96/3 1564/97/3
f 1569/98/3 1416/99/3 1355/100/3 1563/101/3
f 1573/102/3 1452/103/3 1354/104/3 1562/105/3
f 1571/106/3 1434/107/3 1353/86/3 1561/85/3
f 1572/108/3 1443/109/3 1352/110/3 1560/111/3
f 1568/112/3 1407/113/3 1351/114/3 1559/115/3
f 1570/116/3 1425/117/3 1350/118/3 1558/119/3
f 1566/120/3 1389/121/3 1348/122/3 1565/123/3
f 1533/124/3 1399/125/3 1365/126/3 1530/7/3
f 1535/59/3 1417/127/3 1364/128/3 1529/5/3
f 1539/129/3 1453/84/3 1363/130/3 1528/131/3
f 1537/132/3 1435/133/3 1362/134/3 1527/135/3
f 1538/136/3 1444/137/3 1361/138/3 1526/139/3
f 1534/6/3 1408/140/3 1360/141/3 1525/142/3
f 1532/143/3 1390/144/3 1359/145/3 1531/146/3
f 1371/147/5 1436/148/5 1650/148/5 1644/147/5
f 1455/149/1 1489/36/1 1701/36/1 1657/149/1
f 1501/150/3 1418/151/3 1373/152/3 1495/153/3
f 1505/154/3 1454/57/3 1372/155/3 1494/156/3
f 1583/1/5 1582/70/5 1946/70/5 1947/1/5
f 1504/157/3 1445/74/3 1370/73/3 1492/158/3
f 1313/159/1 1557/159/1 1763/159/1 1764/159/1
f 1488/37/2 1477/40/2 1744/40/2 1750/37/2
f 1502/160/3 1427/161/3 1368/162/3 1491/163/3
f 1466/164/3 1401/165/3 1383/166/3 1463/167/3
f 1584/91/5 1577/168/5 1944/168/5 1948/91/5
f 1472/169/3 1455/149/3 1381/170/3 1461/171/3
f 1469/172/6 1420/173/6 1890/173/6 1894/172/6
f 1523/174/2 1539/129/2 1914/129/2 1761/174/2
f 1317/159/6 1473/159/6 1595/159/6 1596/159/6
f 1469/172/3 1428/26/3 1376/175/3 1457/176/3
f 1465/177/3 1392/178/3 1377/179/3 1464/180/3
f 1433/54/6 1487/53/6 1716/53/6 1692/54/6
f 1428/26/5 1380/181/5 1849/181/5 1893/26/5
f 1372/155/5 1454/57/5 1649/57/5 1646/155/5
f 1564/97/3 1356/96/3 1389/121/3 1566/120/3
f 1481/182/3 1346/183/3 1387/184/3 1482/185/3
f 1548/90/3 1345/89/3 1386/18/3 1549/17/3
f 1484/186/1 1405/187/1 1773/187/1 1880/186/1
f 1586/188/5 1576/189/5 1943/189/5 1950/188/5
f 1426/190/5 1362/134/5 1828/134/5 1832/190/5
f 1588/61/5 1578/52/5 1945/52/5 1952/61/5
f 1509/34/6 1369/191/6 1838/191/6 1837/34/6
f 1559/115/3 1351/114/3 1398/95/3 1567/94/3
f 1310/159/1 1523/159/1 1761/159/1 1762/159/1
f 1509/34/3 1320/33/3 1395/192/3 1516/193/3
f 1543/30/3 1321/29/3 1396/88/3 1550/87/3
f 1395/192/1 1533/124/1 1668/124/1 1619/192/1
f 1462/194/3 1382/195/3 1410/196/3 1467/197/3
f 1495/153/3 1373/152/3 1409/198/3 1500/199/3
f 1529/5/3 1364/128/3 1408/140/3 1534/6/3
f 1337/71/5 1451/35/5 1735/35/5 1736/71/5
f 1581/200/3 1338/201/3 1406/202/3 1585/203/3
f 1397/204/1 1499/205/1 1667/205/1 1621/204/1
f 1344/8/5 1395/192/5 1619/192/5 1620/8/5
f 1480/206/3 1342/207/3 1405/187/3 1484/186/3
f 1457/176/3 1376/175/3 1419/208/3 1468/209/3
f 1589/49/5 1580/24/5 1820/24/5 1953/49/5
f 1368/162/1 1508/22/1 1835/22/1 1836/162/1
f 1424/159/2 1308/159/2 1760/159/2 1892/159/2
f 1502/160/6 1423/210/6 1684/210/6 1689/160/6
f 1542/16/3 1314/15/3 1414/80/3 1552/79/3
f 1417/127/6 1535/59/6 1937/59/6 1885/127/6
f 1367/159/1 1507/159/1 1833/159/1 1834/159/1
f 1400/211/2 1374/212/2 1648/212/2 1647/211/2
f 1557/159/1 1349/159/1 1698/159/1 1728/159/1
f 1527/135/3 1362/134/3 1426/190/3 1536/213/3
f 1339/214/1 1462/194/1 1617/194/1 1618/214/1
f 1331/55/2 1423/210/2 1765/210/2 1790/55/2
f 1479/72/1 1337/71/1 1802/71/1 1923/72/1
f 1511/215/3 1329/216/3 1421/217/3 1519/218/3
f 1579/64/3 1332/63/3 1424/219/3 1587/220/3
f 1447/65/6 1590/23/6 1918/23/6 1755/65/6
f 1492/158/3 1370/73/3 1436/148/3 1503/221/3
f 1526/139/3 1361/138/3 1435/133/3 1537/132/3
f 1330/222/2 1422/14/2 1891/14/2 1788/222/2
f 1478/56/1 1331/55/1 1790/55/1 1848/56/1
f 1510/48/3 1325/47/3 1431/223/3 1520/224/3
f 1544/44/3 1326/43/3 1432/225/3 1554/226/3
f 1380/181/2 1428/26/2 1688/26/2 1687/181/2
f 1536/213/1 1426/190/1 1639/190/1 1724/213/1
f 1494/156/3 1372/155/3 1445/74/3 1504/157/3
f 1528/131/3 1363/130/3 1444/137/3 1538/136/3
f 1562/105/3 1354/104/3 1443/109/3 1572/108/3
f 1399/125/6 1533/124/6 1871/124/6 1866/125/6
f 1308/159/2 1411/159/2 1759/159/2 1760/159/2
f 1442/50/6 1589/49/6 1953/49/6 1795/50/6
f 1358/227/5 1426/190/5 1832/190/5 1824/227/5
f 1456/228/3 1375/229/3 1455/149/3 1472/169/3
f 1490/230/3 1367/231/3 1454/57/3 1505/154/3
f 1523/174/3 1357/232/3 1453/84/3 1539/129/3
f 1482/185/1 1387/184/1 1597/184/1 1714/185/1
f 1429/62/6 1588/61/6 1952/61/6 1780/62/6
f 1541/233/3 1313/234/3 1450/235/3 1556/83/3
f 1507/236/3 1310/237/3 1449/67/3 1522/58/3
f 1420/159/5 1328/159/5 1792/159/5 1890/159/5
f 1322/238/6 1476/239/6 1846/239/6 1774/238/6
f 1334/240/3 1461/171/3 1471/241/3 1438/242/3
f 1529/5/6 1340/77/6 1610/77/6 1616/5/6
f 1303/159/1 1456/159/1 1757/159/1 1758/159/1
f 1371/147/2 1427/161/2 1686/161/2 1644/147/2
f 1346/183/6 1481/182/6 1713/182/6 1622/183/6
f 1587/220/1 1424/219/1 1892/219/1 1951/220/1
f 1343/243/3 1463/167/3 1465/177/3 1384/244/3
f 1384/244/3 1465/177/3 1464/180/3 1304/245/3
f 1420/173/3 1469/172/3 1457/176/3 1307/246/3
f 1402/247/3 1467/197/3 1458/248/3 1318/249/3
f 1438/242/3 1471/241/3 1459/250/3 1324/251/3
f 1511/215/6 1371/147/6 1644/147/6 1643/215/6
f 1448/252/3 1472/169/3 1461/171/3 1334/240/3
f 1316/253/6 1475/254/6 1844/254/6 1766/253/6
f 1394/255/3 1466/164/3 1463/167/3 1343/243/3
f 1305/159/2 1447/159/2 1755/159/2 1756/159/2
f 1381/170/3 1479/72/3 1488/37/3 1446/256/3
f 1379/257/3 1477/40/3 1487/53/3 1437/258/3
f 1411/259/6 1586/188/6 1950/188/6 1759/259/6
f 1518/75/6 1418/151/6 1886/151/6 1889/75/6
f 1498/260/2 1497/261/2 1717/261/2 1664/260/2
f 1474/159/1 1315/159/1 1909/159/1 1842/159/1
f 1383/166/3 1481/182/3 1482/185/3 1392/178/3
f 1401/165/3 1483/262/3 1481/182/3 1383/166/3
f 1453/84/5 1357/232/5 1633/232/5 1700/84/5
f 1563/101/6 1341/81/6 1612/81/6 1615/101/6
f 1585/203/1 1406/202/1 1875/202/1 1949/203/1
f 1508/22/6 1368/162/6 1741/162/6 1740/22/6
f 1362/134/5 1435/133/5 1831/133/5 1828/134/5
f 1428/26/3 1486/25/3 1475/254/3 1376/175/3
f 1473/159/6 1377/159/6 1857/159/6 1922/159/6
f 1315/263/3 1490/230/3 1505/154/3 1451/35/3
f 1393/92/6 1584/91/6 1948/91/6 1767/92/6
f 1485/264/6 1419/208/6 1850/208/6 1888/264/6
f 1342/207/6 1480/206/6 1654/206/6 1614/207/6
f 1316/253/3 1491/163/3 1501/150/3 1415/265/3
f 1342/207/3 1495/153/3 1500/199/3 1405/187/3
f 1388/2/6 1583/1/6 1947/1/6 1815/2/6
f 1353/86/2 1425/117/2 1629/117/2 1685/86/2
f 1423/210/3 1502/160/3 1491/163/3 1316/253/3
f 1555/41/2 1544/44/2 1634/44/2 1697/41/2
f 1582/70/1 1347/93/1 1816/93/1 1946/70/1
f 1525/142/1 1360/141/1 1826/141/1 1777/142/1
f 1365/126/1 1548/90/1 1829/90/1 1830/126/1
f 1407/113/6 1568/112/6 1754/112/6 1748/113/6
f 1415/265/3 1501/150/3 1495/153/3 1342/207/3
f 1510/48/6 1370/73/6 1642/73/6 1641/48/6
f 1460/266/5 1470/267/5 1920/267/5 1791/266/5
f 1349/268/2 1452/103/2 1699/103/2 1698/268/2
f 1370/73/3 1510/48/3 1520/224/3 1436/148/3
f 1371/147/3 1511/215/3 1519/218/3 1427/161/3
f 1524/60/1 1358/227/1 1824/227/1 1936/60/1
f 1373/152/3 1513/78/3 1517/31/3 1409/198/3
f 1369/191/3 1509/34/3 1516/193/3 1400/211/3
f 1374/212/3 1514/269/3 1515/9/3 1391/270/3
f 1400/211/3 1516/193/3 1514/269/3 1374/212/3
f 1418/151/3 1518/75/3 1513/78/3 1373/152/3
f 1322/238/2 1397/204/2 1621/204/2 1666/238/2
f 1415/265/2 1342/207/2 1614/207/2 1613/265/2
f 1545/271/5 1554/226/5 1727/226/5 1725/271/5
f 1580/24/1 1333/66/1 1796/66/1 1820/24/1
f 1391/270/3 1515/9/3 1506/12/3 1366/272/3
f 1368/162/5 1427/161/5 1743/161/5 1741/162/5
f 1412/273/1 1468/209/1 1887/209/1 1804/273/1
f 1335/68/3 1528/131/3 1538/136/3 1439/46/3
f 1325/47/3 1526/139/3 1537/132/3 1431/223/3
f 1329/216/3 1527/135/3 1536/213/3 1421/217/3
f 1311/21/3 1524/60/3 1535/59/3 1413/76/3
f 1459/250/5 1471/241/5 1921/241/5 1919/250/5
f 1419/208/5 1376/175/5 1845/175/5 1850/208/5
f 1344/8/3 1530/7/3 1532/143/3 1385/10/3
f 1421/217/3 1536/213/3 1524/60/3 1311/21/3
f 1385/10/3 1532/143/3 1531/146/3 1309/11/3
f 1578/52/1 1323/51/1 1781/51/1 1945/52/1
f 1439/46/3 1538/136/3 1526/139/3 1325/47/3
f 1431/223/3 1537/132/3 1527/135/3 1329/216/3
f 1358/227/2 1417/127/2 1885/127/2 1824/227/2
f 1496/274/2 1498/260/2 1664/260/2 1624/274/2
f 1421/217/2 1311/21/2 1594/21/2 1593/217/2
f 1390/144/6 1532/143/6 1723/143/6 1661/144/6
f 1363/130/3 1546/275/3 1555/41/3 1444/137/3
f 1361/138/3 1544/44/3 1554/226/3 1435/133/3
f 1517/31/2 1509/34/2 1837/34/2 1879/31/2
f 1358/227/3 1542/16/3 1552/79/3 1417/127/3
f 1341/81/5 1414/80/5 1611/80/5 1612/81/5
f 1360/141/1 1543/30/1 1825/30/1 1826/141/1
f 1350/118/2 1416/99/2 1884/99/2 1883/118/2
f 1399/125/3 1550/87/3 1548/90/3 1365/126/3
f 1417/127/3 1552/79/3 1547/82/3 1364/128/3
f 1453/84/3 1556/83/3 1546/275/3 1363/130/3
f 1575/159/1 1305/159/1 1756/159/1 1818/159/1
f 1423/210/5 1331/55/5 1606/55/5 1684/210/5
f 1408/140/3 1551/27/3 1543/30/3 1360/141/3
f 1390/144/3 1549/17/3 1540/20/3 1359/145/3
f 1511/215/5 1520/224/5 1934/224/5 1929/215/5
f 1542/16/6 1358/227/6 1824/227/6 1823/16/6
f 1567/94/2 1564/97/2 1817/97/2 1872/94/2
f 1326/43/3 1560/111/3 1571/106/3 1432/225/3
f 1330/222/3 1561/85/3 1570/116/3 1422/14/3
f 1314/15/3 1558/119/3 1569/98/3 1414/80/3
f 1311/21/2 1413/76/2 1882/76/2 1881/21/2
f 1460/266/2 1469/172/2 1894/172/2 1791/266/2
f 1345/89/3 1564/97/3 1566/120/3 1386/18/3
f 1386/18/3 1566/120/3 1565/123/3 1312/19/3
f 1422/14/3 1570/116/3 1558/119/3 1314/15/3
f 1514/269/5 1516/193/5 1933/193/5 1931/269/5
f 1440/42/3 1572/108/3 1560/111/3 1326/43/3
f 1470/267/5 1459/250/5 1919/250/5 1920/267/5
f 1450/235/3 1573/102/3 1562/105/3 1336/276/3
f 1546/275/5 1556/83/5 1702/83/5 1726/275/5
f 1515/9/5 1514/269/5 1931/269/5 1932/9/5
f 1571/106/2 1561/85/2 1794/85/2 1900/106/2
f 1354/104/3 1580/24/3 1589/49/3 1443/109/3
f 1352/110/3 1578/52/3 1588/61/3 1434/107/3
f 1353/86/3 1579/64/3 1587/220/3 1425/117/3
f 1350/118/3 1576/189/3 1586/188/3 1416/99/3
f 1355/100/3 1581/200/3 1585/203/3 1407/113/3
f 1351/114/3 1577/168/3 1584/91/3 1398/95/3
f 1586/188/1 1411/259/1 1677/259/1 1734/188/1
f 1398/95/3 1584/91/3 1582/70/3 1356/96/3
f 1416/99/3 1586/188/3 1581/200/3 1355/100/3
f 1410/196/1 1484/186/1 1880/186/1 1855/196/1
f 1434/107/3 1588/61/3 1579/64/3 1353/86/3
f 1443/109/3 1589/49/3 1578/52/3 1352/110/3
f 1407/113/3 1585/203/3 1577/168/3 1351/114/3
f 1340/77/5 1413/76/5 1609/76/5 1610/77/5
f 1477/40/1 1327/39/1 1691/39/1 1712/40/1
f 1721/218/3 1593/217/3 1594/21/3 1718/22/3
f 1714/185/3 1597/184/3 1596/277/3 1595/278/3
f 1727/226/3 1602/225/3 1603/222/3 1725/271/3
f 1702/83/3 1607/235/3 1608/276/3 1726/275/3
f 1734/188/3 1677/259/3 1676/201/3 1733/200/3
f 1683/264/3 1613/265/3 1614/207/3 1654/206/3
f 1715/262/3 1621/204/3 1622/183/3 1713/182/3
f 1724/213/3 1639/190/3 1640/227/3 1722/60/3
f 1667/205/3 1647/211/3 1648/212/3 1624/274/3
f 1673/197/3 1658/196/3 1659/279/3 1704/248/3
f 1706/167/3 1662/166/3 1663/178/3 1707/177/3
f 1623/7/3 1660/126/3 1661/144/3 1723/143/3
f 1711/239/3 1666/238/3 1621/204/3 1715/262/3
f 1719/78/3 1610/77/3 1670/32/3 1720/31/3
f 1636/82/3 1612/81/3 1671/28/3 1674/27/3
f 1710/254/3 1679/253/3 1613/265/3 1683/264/3
f 1604/266/3 1687/181/3 1688/26/3 1708/172/3
f 1605/280/3 1644/147/3 1686/161/3 1689/160/3
f 1729/85/3 1685/86/3 1629/117/3 1730/116/3
f 1712/40/3 1691/39/3 1692/54/3 1716/53/3
f 1705/171/3 1653/170/3 1695/256/3 1709/241/3
f 1728/281/3 1698/268/3 1699/103/3 1731/102/3
f 1599/251/3 1598/250/3 1693/267/3 1600/282/3
f 1592/246/3 1591/176/3 1680/209/3 1678/273/3
f 1618/214/3 1617/194/3 1673/197/3 1669/247/3
f 1600/282/3 1693/267/3 1604/266/3 1601/283/3
f 1655/195/3 1654/206/3 1675/186/3 1658/196/3
f 1656/208/3 1683/264/3 1654/206/3 1655/195/3
f 1657/149/3 1701/36/3 1652/72/3 1653/170/3
f 1606/55/3 1605/280/3 1689/160/3 1684/210/3
f 1622/183/3 1624/274/3 1664/260/3 1597/184/3
f 1597/184/3 1664/260/3 1717/261/3 1596/277/3
f 1621/204/3 1667/205/3 1624/274/3 1622/183/3
f 1646/155/3 1645/69/3 1696/45/3 1651/74/3
f 1649/57/3 1703/58/3 1645/69/3 1646/155/3
f 1650/148/3 1694/224/3 1643/215/3 1644/147/3
f 1651/74/3 1696/45/3 1641/48/3 1642/73/3
f 1609/76/3 1681/59/3 1616/5/3 1610/77/3
f 1619/192/3 1668/124/3 1623/7/3 1620/8/3
f 1633/232/3 1632/233/3 1702/83/3 1700/84/3
f 1637/128/3 1636/82/3 1674/27/3 1672/140/3
f 1638/137/3 1697/41/3 1634/44/3 1635/138/3
f 1611/80/3 1682/98/3 1615/101/3 1612/81/3
f 1628/96/3 1627/70/3 1665/1/3 1630/121/3
f 1629/117/3 1690/220/3 1625/189/3 1626/118/3
f 1630/121/3 1665/1/3 1732/4/3 1631/122/3
f 1425/117/1 1587/220/1 1690/220/1 1629/117/1
f 1581/200/5 1586/188/5 1734/188/5 1733/200/5
f 1487/53/5 1477/40/5 1712/40/5 1716/53/5
f 1402/159/5 1339/159/5 1618/159/5 1669/159/5
f 1430/159/5 1324/159/5 1599/159/5 1600/159/5
f 1532/143/5 1530/7/5 1623/7/5 1723/143/5
f 1340/77/2 1403/32/2 1670/32/2 1610/77/2
f 1378/279/6 1458/248/6 1704/248/6 1659/279/6
f 1485/264/5 1475/254/5 1710/254/5 1683/264/5
f 1524/60/5 1536/213/5 1724/213/5 1722/60/5
f 1341/81/2 1404/28/2 1671/28/2 1612/81/2
f 1513/78/1 1340/77/1 1610/77/1 1719/78/1
f 1480/206/2 1484/186/2 1675/186/2 1654/206/2
f 1576/189/6 1350/118/6 1626/118/6 1625/189/6
f 1460/266/1 1380/181/1 1687/181/1 1604/266/1
f 1327/39/2 1433/54/2 1692/54/2 1691/39/2
f 1483/262/5 1476/239/5 1711/239/5 1715/262/5
f 1587/220/2 1576/189/2 1625/189/2 1690/220/2
f 1461/171/1 1381/170/1 1653/170/1 1705/171/1
f 1425/117/6 1570/116/6 1730/116/6 1629/117/6
f 1583/1/2 1574/4/2 1732/4/2 1665/1/2
f 1481/182/5 1483/262/5 1715/262/5 1713/182/5
f 1408/140/5 1364/128/5 1637/128/5 1672/140/5
f 1463/167/1 1383/166/1 1662/166/1 1706/167/1
f 1403/32/6 1517/31/6 1720/31/6 1670/32/6
f 1479/72/6 1381/170/6 1653/170/6 1652/72/6
f 1452/103/6 1573/102/6 1731/102/6 1699/103/6
f 1489/36/2 1479/72/2 1652/72/2 1701/36/2
f 1535/59/2 1529/5/2 1616/5/2 1681/59/2
f 1410/196/5 1382/195/5 1655/195/5 1658/196/5
f 1392/178/6 1465/177/6 1707/177/6 1663/178/6
f 1519/218/1 1421/217/1 1593/217/1 1721/218/1
f 1573/102/5 1557/281/5 1728/281/5 1731/102/5
f 1356/96/1 1582/70/1 1627/70/1 1628/96/1
f 1533/124/2 1530/7/2 1623/7/2 1668/124/2
f 1467/197/6 1402/247/6 1669/247/6 1673/197/6
f 1467/197/1 1410/196/1 1658/196/1 1673/197/1
f 1382/195/5 1419/208/5 1656/208/5 1655/195/5
f 1381/170/5 1455/149/5 1657/149/5 1653/170/5
f 1570/116/5 1561/85/5 1729/85/5 1730/116/5
f 1428/26/6 1469/172/6 1708/172/6 1688/26/6
f 1324/251/1 1459/250/1 1598/250/1 1599/251/1
f 1473/278/5 1482/185/5 1714/185/5 1595/278/5
f 1512/69/2 1521/45/2 1696/45/2 1645/69/2
f 1436/148/1 1520/224/1 1694/224/1 1650/148/1
f 1446/256/6 1471/241/6 1709/241/6 1695/256/6
f 1410/196/2 1378/279/2 1659/279/2 1658/196/2
f 1330/222/6 1545/271/6 1725/271/6 1603/222/6
f 1551/27/6 1408/140/6 1672/140/6 1674/27/6
f 1350/118/5 1425/117/5 1629/117/5 1626/118/5
f 1336/276/6 1546/275/6 1726/275/6 1608/276/6
f 1484/186/6 1410/196/6 1658/196/6 1675/186/6
f 1328/159/5 1430/159/5 1600/159/5 1601/159/5
f 1348/122/5 1389/121/5 1630/121/5 1631/122/5
f 1547/82/1 1341/81/1 1612/81/1 1636/82/1
f 1411/159/2 1338/159/2 1676/159/2 1677/159/2
f 1471/241/5 1461/171/5 1705/171/5 1709/241/5
f 1517/31/5 1513/78/5 1719/78/5 1720/31/5
f 1493/280/1 1371/147/1 1644/147/1 1605/280/1
f 1357/159/1 1541/159/1 1632/159/1 1633/159/1
f 1412/159/5 1307/159/5 1592/159/5 1678/159/5
f 1432/225/2 1330/222/2 1603/222/2 1602/225/2
f 1459/250/2 1470/267/2 1693/267/2 1598/250/2
f 1469/172/5 1460/266/5 1604/266/5 1708/172/5
f 1457/176/2 1468/209/2 1680/209/2 1591/176/2
f 1387/184/5 1346/183/5 1622/183/5 1597/184/5
f 1374/212/6 1496/274/6 1624/274/6 1648/212/6
f 1404/28/6 1551/27/6 1674/27/6 1671/28/6
f 1316/253/2 1415/265/2 1613/265/2 1679/253/2
f 1460/266/6 1328/283/6 1601/283/6 1604/266/6
f 1462/194/2 1467/197/2 1673/197/2 1617/194/2
f 1497/159/6 1317/159/6 1596/159/6 1717/159/6
f 1544/44/6 1361/138/6 1635/138/6 1634/44/6
f 1522/58/2 1512/69/2 1645/69/2 1703/58/2
f 1389/121/5 1356/96/5 1628/96/5 1630/121/5
f 1569/98/2 1563/101/2 1615/101/2 1682/98/2
f 1331/55/1 1493/280/1 1605/280/1 1606/55/1
f 1465/177/5 1463/167/5 1706/167/5 1707/177/5
f 1520/224/2 1511/215/2 1643/215/2 1694/224/2
f 1365/126/2 1390/144/2 1661/144/2 1660/126/2
f 1445/74/5 1372/155/5 1646/155/5 1651/74/5
f 1499/205/1 1400/211/1 1647/211/1 1667/205/1
f 1554/226/1 1432/225/1 1602/225/1 1727/226/1
f 1521/45/2 1510/48/2 1641/48/2 1696/45/2
f 1574/159/6 1348/159/6 1631/159/6 1732/159/6
f 1381/170/2 1446/256/2 1695/256/2 1653/170/2
f 1364/128/1 1547/82/1 1636/82/1 1637/128/1
f 1383/166/2 1392/178/2 1663/178/2 1662/166/2
f 1556/83/1 1450/235/1 1607/235/1 1702/83/1
f 1468/209/6 1412/273/6 1678/273/6 1680/209/6
f 1458/248/5 1467/197/5 1673/197/5 1704/248/5
f 1427/161/6 1502/160/6 1689/160/6 1686/161/6
f 1541/233/2 1556/83/2 1702/83/2 1632/233/2
f 1508/22/5 1519/218/5 1721/218/5 1718/22/5
f 1413/76/1 1535/59/1 1681/59/1 1609/76/1
f 1450/235/2 1336/276/2 1608/276/2 1607/235/2
f 1470/267/2 1460/266/2 1604/266/2 1693/267/2
f 1414/80/1 1569/98/1 1682/98/1 1611/80/1
f 1358/227/6 1524/60/6 1722/60/6 1640/227/6
f 1419/208/1 1485/264/1 1683/264/1 1656/208/1
f 1361/138/5 1444/137/5 1638/137/5 1635/138/5
f 1338/201/6 1581/200/6 1733/200/6 1676/201/6
f 1444/137/1 1555/41/1 1697/41/1 1638/137/1
f 1307/246/1 1457/176/1 1591/176/1 1592/246/1
f 1426/190/2 1358/227/2 1640/227/2 1639/190/2
f 1475/254/1 1316/253/1 1679/253/1 1710/254/1
f 1476/239/1 1322/238/1 1666/238/1 1711/239/1
f 1530/7/1 1365/126/1 1660/126/1 1623/7/1
f 1752/260/3 1742/270/3 1739/272/3 1738/261/3
f 1753/101/3 1747/100/3 1748/113/3 1754/112/3
f 1746/256/3 1750/37/3 1744/40/3 1745/257/3
f 1735/35/3 1751/154/3 1737/156/3 1736/71/3
f 1743/161/3 1749/218/3 1740/22/3 1741/162/3
f 1497/261/5 1498/260/5 1752/260/5 1738/261/5
f 1563/101/1 1355/100/1 1747/100/1 1753/101/1
f 1446/256/1 1488/37/1 1750/37/1 1746/256/1
f 1494/156/6 1337/71/6 1736/71/6 1737/156/6
f 1519/218/2 1508/22/2 1740/22/2 1749/218/2
f 1568/112/5 1563/101/5 1753/101/5 1754/112/5
f 1427/161/1 1519/218/1 1749/218/1 1743/161/1
f 1477/40/6 1379/257/6 1745/257/6 1744/40/6
f 1355/100/2 1407/113/2 1748/113/2 1747/100/2
f 1505/154/2 1494/156/2 1737/156/2 1751/154/2
f 1366/159/6 1497/159/6 1738/159/6 1739/159/6
f 1391/270/2 1366/272/2 1739/272/2 1742/270/2
f 1451/35/1 1505/154/1 1751/154/1 1735/35/1
f 1379/257/5 1446/256/5 1746/256/5 1745/257/5
f 1498/260/1 1391/270/1 1742/270/1 1752/260/1
f 1951/220/3 1892/219/3 1760/284/3 1943/189/3
f 1895/25/3 1765/210/3 1766/253/3 1844/254/3
f 1880/186/3 1773/187/3 1774/238/3 1846/239/3
f 1949/203/3 1875/202/3 1768/285/3 1944/168/3
f 1934/224/3 1785/223/3 1786/216/3 1929/215/3
f 1933/193/3 1811/192/3 1812/8/3 1931/269/3
f 1899/221/3 1839/148/3 1840/147/3 1793/280/3
f 1876/199/3 1841/198/3 1838/191/3 1778/286/3
f 1887/209/3 1850/208/3 1851/195/3 1810/194/3
f 1920/267/3 1852/258/3 1849/181/3 1791/266/3
f 1921/241/3 1853/256/3 1854/257/3 1919/250/3
f 1926/274/3 1860/212/3 1861/270/3 1927/260/3
f 1931/269/3 1812/8/3 1858/10/3 1932/9/3
f 1946/70/3 1816/93/3 1815/2/3 1947/1/3
f 1775/248/3 1847/279/3 1868/165/3 1869/164/3
f 1778/286/3 1838/191/3 1867/211/3 1870/205/3
f 1777/142/3 1826/141/3 1866/125/3 1871/124/3
f 1944/168/3 1768/285/3 1767/92/3 1948/91/3
f 1925/163/3 1836/162/3 1886/151/3 1928/150/3
f 1936/60/3 1824/227/3 1885/127/3 1937/59/3
f 1940/119/3 1883/118/3 1884/99/3 1942/98/3
f 1835/22/3 1881/21/3 1882/76/3 1889/75/3
f 1943/189/3 1760/284/3 1759/259/3 1950/188/3
f 1848/56/3 1790/55/3 1765/210/3 1895/25/3
f 1827/271/3 1788/222/3 1891/14/3 1896/13/3
f 1919/250/3 1854/257/3 1852/258/3 1920/267/3
f 1941/111/3 1897/110/3 1898/107/3 1900/106/3
f 1945/52/3 1781/51/3 1780/62/3 1952/61/3
f 1820/24/3 1796/66/3 1795/50/3 1953/49/3
f 1930/69/3 1798/68/3 1903/46/3 1935/45/3
f 1938/275/3 1800/276/3 1904/42/3 1939/41/3
f 1923/72/3 1802/71/3 1782/38/3 1924/37/3
f 1842/287/3 1909/263/3 1910/35/3 1916/36/3
f 1818/288/3 1756/289/3 1755/65/3 1918/23/3
f 1758/290/3 1757/228/3 1913/169/3 1907/252/3
f 1792/283/3 1791/266/3 1894/172/3 1890/173/3
f 1776/249/3 1775/248/3 1869/164/3 1864/255/3
f 1804/273/3 1887/209/3 1810/194/3 1805/214/3
f 1843/229/3 1842/287/3 1916/36/3 1912/149/3
f 1849/181/3 1848/56/3 1895/25/3 1893/26/3
f 1845/175/3 1844/254/3 1888/264/3 1850/208/3
f 1847/279/3 1846/239/3 1874/262/3 1868/165/3
f 1852/258/3 1902/53/3 1848/56/3 1849/181/3
f 1855/196/3 1880/186/3 1846/239/3 1847/279/3
f 1856/178/3 1862/185/3 1922/278/3 1857/179/3
f 1802/71/3 1801/156/3 1905/157/3 1782/38/3
f 1783/39/3 1784/158/3 1899/221/3 1789/54/3
f 1774/238/3 1778/286/3 1870/205/3 1865/204/3
f 1773/187/3 1876/199/3 1778/286/3 1774/238/3
f 1782/38/3 1905/157/3 1784/158/3 1783/39/3
f 1789/54/3 1899/221/3 1793/280/3 1790/55/3
f 1834/231/3 1833/236/3 1917/58/3 1911/57/3
f 1836/162/3 1835/22/3 1889/75/3 1886/151/3
f 1841/198/3 1879/31/3 1837/34/3 1838/191/3
f 1762/237/3 1761/174/3 1914/129/3 1797/67/3
f 1809/77/3 1808/5/3 1877/6/3 1769/32/3
f 1770/33/3 1777/142/3 1871/124/3 1811/192/3
f 1769/32/3 1877/6/3 1777/142/3 1770/33/3
f 1797/67/3 1914/129/3 1803/131/3 1798/68/3
f 1828/134/3 1827/271/3 1896/13/3 1832/190/3
f 1826/141/3 1825/30/3 1873/87/3 1866/125/3
f 1830/126/3 1829/90/3 1863/17/3 1859/144/3
f 1831/133/3 1901/226/3 1827/271/3 1828/134/3
f 1832/190/3 1896/13/3 1823/16/3 1824/227/3
f 1764/234/3 1763/281/3 1915/102/3 1908/235/3
f 1800/276/3 1799/105/3 1906/108/3 1904/42/3
f 1807/81/3 1806/101/3 1878/112/3 1771/28/3
f 1772/29/3 1779/115/3 1872/94/3 1813/88/3
f 1771/28/3 1878/112/3 1779/115/3 1772/29/3
f 1787/225/3 1900/106/3 1794/85/3 1788/222/3
f 1813/88/3 1872/94/3 1817/97/3 1814/89/3
f 1819/268/3 1818/288/3 1918/23/3 1822/103/3
f 1822/103/3 1918/23/3 1820/24/3 1821/104/3
f 1436/148/2 1371/147/2 1840/147/2 1839/148/2
f 1488/37/5 1479/72/5 1923/72/5 1924/37/5
f 1577/168/5 1585/203/5 1949/203/5 1944/168/5
f 1576/189/5 1587/220/5 1951/220/5 1943/189/5
f 1423/210/2 1316/253/2 1766/253/2 1765/210/2
f 1475/254/2 1485/264/2 1888/264/2 1844/254/2
f 1534/6/2 1525/142/2 1777/142/2 1877/6/2
f 1375/159/1 1474/159/1 1842/159/1 1843/159/1
f 1319/159/2 1393/159/2 1767/159/2 1768/159/2
f 1476/239/2 1483/262/2 1874/262/2 1846/239/2
f 1376/175/1 1475/254/1 1844/254/1 1845/175/1
f 1320/33/5 1403/32/5 1769/32/5 1770/33/5
f 1433/54/5 1327/39/5 1783/39/5 1789/54/5
f 1321/29/5 1404/28/5 1771/28/5 1772/29/5
f 1539/129/2 1528/131/2 1803/131/2 1914/129/2
f 1352/110/2 1434/107/2 1898/107/2 1897/110/2
f 1318/249/1 1458/248/1 1775/248/1 1776/249/1
f 1487/53/2 1478/56/2 1848/56/2 1902/53/2
f 1379/257/2 1437/258/2 1852/258/2 1854/257/2
f 1323/159/2 1429/159/2 1780/159/2 1781/159/2
f 1475/254/5 1486/25/5 1895/25/5 1844/254/5
f 1482/185/2 1473/278/2 1922/278/2 1862/185/2
f 1432/225/1 1571/106/1 1900/106/1 1787/225/1
f 1419/208/2 1382/195/2 1851/195/2 1850/208/2
f 1545/271/1 1330/222/1 1788/222/1 1827/271/1
f 1546/275/1 1336/276/1 1800/276/1 1938/275/1
f 1491/163/1 1368/162/1 1836/162/1 1925/163/1
f 1327/39/5 1441/38/5 1782/38/5 1783/39/5
f 1435/133/1 1554/226/1 1901/226/1 1831/133/1
f 1446/256/2 1379/257/2 1854/257/2 1853/256/2
f 1437/258/1 1487/53/1 1902/53/1 1852/258/1
f 1378/279/5 1410/196/5 1855/196/5 1847/279/5
f 1371/147/6 1493/280/6 1793/280/6 1840/147/6
f 1335/68/2 1439/46/2 1903/46/2 1798/68/2
f 1377/179/5 1392/178/5 1856/178/5 1857/179/5
f 1496/274/1 1374/212/1 1860/212/1 1926/274/1
f 1344/8/2 1385/10/2 1858/10/2 1812/8/2
f 1431/223/2 1329/216/2 1786/216/2 1785/223/2
f 1422/14/6 1553/13/6 1896/13/6 1891/14/6
f 1330/222/5 1432/225/5 1787/225/5 1788/222/5
f 1391/270/6 1498/260/6 1927/260/6 1861/270/6
f 1331/55/5 1433/54/5 1789/54/5 1790/55/5
f 1440/42/6 1555/41/6 1939/41/6 1904/42/6
f 1400/211/6 1499/205/6 1870/205/6 1867/211/6
f 1500/199/1 1409/198/1 1841/198/1 1876/199/1
f 1328/283/1 1460/266/1 1791/266/1 1792/283/1
f 1418/151/6 1501/150/6 1928/150/6 1886/151/6
f 1390/144/5 1365/126/5 1830/126/5 1859/144/5
f 1555/41/5 1546/275/5 1938/275/5 1939/41/5
f 1374/212/2 1391/270/2 1861/270/2 1860/212/2
f 1493/280/6 1331/55/6 1790/55/6 1793/280/6
f 1503/221/1 1436/148/1 1839/148/1 1899/221/1
f 1561/85/6 1330/222/6 1788/222/6 1794/85/6
f 1333/159/2 1442/159/2 1795/159/2 1796/159/2
f 1572/108/6 1440/42/6 1904/42/6 1906/108/6
f 1335/68/5 1449/67/5 1797/67/5 1798/68/5
f 1543/30/2 1550/87/2 1873/87/2 1825/30/2
f 1494/156/2 1504/157/2 1905/157/2 1801/156/2
f 1548/90/2 1549/17/2 1863/17/2 1829/90/2
f 1492/158/2 1503/221/2 1899/221/2 1784/158/2
f 1392/178/1 1482/185/1 1862/185/1 1856/178/1
f 1549/17/6 1390/144/6 1859/144/6 1863/17/6
f 1336/276/1 1562/105/1 1799/105/1 1800/276/1
f 1501/150/5 1491/163/5 1925/163/5 1928/150/5
f 1337/71/1 1494/156/1 1801/156/1 1802/71/1
f 1448/159/5 1303/159/5 1758/159/5 1907/159/5
f 1528/131/6 1335/68/6 1798/68/6 1803/131/6
f 1554/226/2 1545/271/2 1827/271/2 1901/226/2
f 1449/67/5 1310/237/5 1762/237/5 1797/67/5
f 1498/260/5 1496/274/5 1926/274/5 1927/260/5
f 1450/235/5 1313/234/5 1764/234/5 1908/235/5
f 1394/159/5 1318/159/5 1776/159/5 1864/159/5
f 1315/263/2 1451/35/2 1910/35/2 1909/263/2
f 1395/192/5 1320/33/5 1770/33/5 1811/192/5
f 1339/159/5 1412/159/5 1804/159/5 1805/159/5
f 1452/103/5 1349/268/5 1819/268/5 1822/103/5
f 1396/88/5 1321/29/5 1772/29/5 1813/88/5
f 1553/13/2 1542/16/2 1823/16/2 1896/13/2
f 1397/204/5 1322/238/5 1774/238/5 1865/204/5
f 1504/157/2 1492/158/2 1784/158/2 1905/157/2
f 1454/57/5 1367/231/5 1834/231/5 1911/57/5
f 1558/119/1 1350/118/1 1883/118/1 1940/119/1
f 1455/149/5 1375/229/5 1843/229/5 1912/149/5
f 1341/81/1 1563/101/1 1806/101/1 1807/81/1
f 1472/169/6 1448/252/6 1907/252/6 1913/169/6
f 1369/191/2 1400/211/2 1867/211/2 1838/191/2
f 1560/111/1 1352/110/1 1897/110/1 1941/111/1
f 1340/77/1 1529/5/1 1808/5/1 1809/77/1
f 1466/164/6 1394/255/6 1864/255/6 1869/164/6
f 1462/194/6 1339/214/6 1805/214/6 1810/194/6
f 1573/102/6 1450/235/6 1908/235/6 1915/102/6
f 1499/205/6 1397/204/6 1865/204/6 1870/205/6
f 1489/36/6 1455/149/6 1912/149/6 1916/36/6
f 1533/124/6 1395/192/6 1811/192/6 1871/124/6
f 1395/192/2 1344/8/2 1812/8/2 1811/192/2
f 1508/22/1 1311/21/1 1881/21/1 1835/22/1
f 1345/89/5 1396/88/5 1813/88/5 1814/89/5
f 1522/58/6 1454/57/6 1911/57/6 1917/58/6
f 1347/159/2 1388/159/2 1815/159/2 1816/159/2
f 1329/216/6 1511/215/6 1929/215/6 1786/216/6
f 1550/87/6 1399/125/6 1866/125/6 1873/87/6
f 1512/69/1 1335/68/1 1798/68/1 1930/69/1
f 1483/262/6 1401/165/6 1868/165/6 1874/262/6
f 1416/99/6 1569/98/6 1942/98/6 1884/99/6
f 1458/248/1 1378/279/1 1847/279/1 1775/248/1
f 1403/32/5 1340/77/5 1809/77/5 1769/32/5
f 1564/97/6 1345/89/6 1814/89/6 1817/97/6
f 1434/107/6 1571/106/6 1900/106/6 1898/107/6
f 1385/10/6 1515/9/6 1932/9/6 1858/10/6
f 1380/181/6 1460/266/6 1791/266/6 1849/181/6
f 1404/28/5 1341/81/5 1807/81/5 1771/28/5
f 1516/193/1 1395/192/1 1811/192/1 1933/193/1
f 1349/159/1 1575/159/1 1818/159/1 1819/159/1
f 1382/195/6 1462/194/6 1810/194/6 1851/195/6
f 1406/159/2 1319/159/2 1768/159/2 1875/159/2
f 1557/281/2 1573/102/2 1915/102/2 1763/281/2
f 1413/76/6 1518/75/6 1889/75/6 1882/76/6
f 1562/105/2 1572/108/2 1906/108/2 1799/105/2
f 1571/106/5 1560/111/5 1941/111/5 1900/106/5
f 1520/224/1 1431/223/1 1785/223/1 1934/224/1
f 1439/46/6 1521/45/6 1935/45/6 1903/46/6
f 1401/165/6 1466/164/6 1869/164/6 1868/165/6
f 1580/24/6 1354/104/6 1821/104/6 1820/24/6
f 1569/98/5 1558/119/5 1940/119/5 1942/98/5
f 1563/101/2 1568/112/2 1878/112/2 1806/101/2
f 1507/236/2 1522/58/2 1917/58/2 1833/236/2
f 1468/209/1 1419/208/1 1850/208/1 1887/209/1
f 1405/187/1 1500/199/1 1876/199/1 1773/187/1
f 1559/115/2 1567/94/2 1872/94/2 1779/115/2
f 1521/45/5 1512/69/5 1930/69/5 1935/45/5
f 1471/241/1 1446/256/1 1853/256/1 1921/241/1
f 1354/104/5 1452/103/5 1822/103/5 1821/104/5
f 1409/198/1 1517/31/1 1879/31/1 1841/198/1
f 1568/112/2 1559/115/2 1779/115/2 1878/112/2
f 1456/228/2 1472/169/2 1913/169/2 1757/228/2
f 2234/1/4 2225/4/4 1957/3/4 2039/2/4
f 2180/5/2 2459/5/2 2528/6/2 2185/6/2
f 2181/7/6 2274/7/6 2271/8/6 1995/8/6
f 2166/9/4 2157/12/4 1960/11/4 2036/10/4
f 2204/13/4 2193/16/4 1965/15/4 2073/14/4
f 2200/17/4 2191/20/4 1963/19/4 2037/18/4
f 1962/21/6 2245/21/6 2369/22/6 2159/22/6
f 2241/23/2 2569/23/2 2471/24/2 2231/24/2
f 2137/25/6 2546/25/6 2544/26/6 2079/26/6
f 2202/27/4 2194/30/4 1972/29/4 2055/28/4
f 2168/31/4 2160/34/4 1971/33/4 2054/32/4
f 2102/35/6 2561/35/6 2567/36/6 2140/36/6
f 2139/37/4 2128/40/4 1978/39/4 2092/38/4
f 2206/41/4 2195/44/4 1977/43/4 2091/42/4
f 2172/45/4 2161/48/4 1976/47/4 2090/46/4
f 2240/49/4 2229/52/4 1974/51/4 2093/50/4
f 2138/53/4 2129/56/4 1982/55/4 2084/54/4
f 2105/57/1 2300/57/1 2354/58/1 2173/58/1
f 2186/59/5 2588/59/5 2587/60/5 2175/60/5
f 2239/61/4 2230/64/4 1983/63/4 2080/62/4
f 2241/23/4 2231/24/4 1984/66/4 2098/65/4
f 2173/58/4 2163/69/4 1986/68/4 2100/67/4
f 2233/70/2 2278/70/2 2316/1/2 2234/1/2
f 2140/36/4 2130/72/4 1988/71/4 2102/35/4
f 2021/73/5 2293/73/5 2302/74/5 2096/74/5
f 2169/75/4 2164/78/4 1991/77/4 2064/76/4
f 2203/79/4 2198/82/4 1992/81/4 2065/80/4
f 2207/83/6 2353/83/6 2351/84/6 2104/84/6
f 2212/85/1 2380/85/1 2336/86/1 2004/86/1
f 2201/87/4 2199/90/4 1996/89/4 2047/88/4
f 2092/38/6 2433/38/6 2575/37/6 2139/37/6
f 2235/91/4 2233/70/4 1998/93/4 2044/92/4
f 2218/94/4 2215/97/4 2007/96/4 2049/95/4
f 2220/98/4 2214/101/4 2006/100/4 2067/99/4
f 2224/102/4 2213/105/4 2005/104/4 2103/103/4
f 2222/106/4 2212/85/4 2004/86/4 2085/107/4
f 2223/108/4 2211/111/4 2003/110/4 2094/109/4
f 2219/112/4 2210/115/4 2002/114/4 2058/113/4
f 2221/116/4 2209/119/4 2001/118/4 2076/117/4
f 2217/120/4 2216/123/4 1999/122/4 2040/121/4
f 2184/124/4 2181/7/4 2016/126/4 2050/125/4
f 2186/59/4 2180/5/4 2015/128/4 2068/127/4
f 2190/129/4 2179/131/4 2014/130/4 2104/84/4
f 2188/132/4 2178/135/4 2013/134/4 2086/133/4
f 2189/136/4 2177/139/4 2012/138/4 2095/137/4
f 2185/6/4 2176/142/4 2011/141/4 2059/140/4
f 2183/143/4 2182/146/4 2010/145/4 2041/144/4
f 2022/147/5 2295/147/5 2301/148/5 2087/148/5
f 2106/149/1 2308/149/1 2352/36/1 2140/36/1
f 2152/150/4 2146/153/4 2024/152/4 2069/151/4
f 2156/154/4 2145/156/4 2023/155/4 2105/57/4
f 2234/1/5 2598/1/5 2597/70/5 2233/70/5
f 2155/157/4 2143/158/4 2021/73/4 2096/74/4
f 1964/159/1 2415/159/1 2414/159/1 2208/159/1
f 2139/37/2 2401/37/2 2395/40/2 2128/40/2
f 2153/160/4 2142/163/4 2019/162/4 2078/161/4
f 2117/164/4 2114/167/4 2034/166/4 2052/165/4
f 2235/91/5 2599/91/5 2595/168/5 2228/168/5
f 2123/169/4 2112/171/4 2032/170/4 2106/149/4
f 2120/172/6 2545/172/6 2541/173/6 2071/173/6
f 2174/174/2 2412/174/2 2565/129/2 2190/129/2
f 1968/159/6 2247/159/6 2246/159/6 2124/159/6
f 2120/172/4 2108/176/4 2027/175/4 2079/26/4
f 2116/177/4 2115/180/4 2028/179/4 2043/178/4
f 2084/54/6 2343/54/6 2367/53/6 2138/53/6
f 2079/26/5 2544/26/5 2500/181/5 2031/181/5
f 2023/155/5 2297/155/5 2300/57/5 2105/57/5
f 2215/97/4 2217/120/4 2040/121/4 2007/96/4
f 2132/182/4 2133/185/4 2038/184/4 1997/183/4
f 2199/90/4 2200/17/4 2037/18/4 1996/89/4
f 2135/186/1 2531/186/1 2424/187/1 2056/187/1
f 2237/188/5 2601/188/5 2594/189/5 2227/189/5
f 2077/190/5 2483/190/5 2479/134/5 2013/134/5
f 2239/61/5 2603/61/5 2596/52/5 2229/52/5
f 2160/34/6 2488/34/6 2489/191/6 2020/191/6
f 2210/115/4 2218/94/4 2049/95/4 2002/114/4
f 1961/159/1 2413/159/1 2412/159/1 2174/159/1
f 2160/34/4 2167/193/4 2046/192/4 1971/33/4
f 2194/30/4 2201/87/4 2047/88/4 1972/29/4
f 2046/192/1 2270/192/1 2319/124/1 2184/124/1
f 2113/194/4 2118/197/4 2061/196/4 2033/195/4
f 2146/153/4 2151/199/4 2060/198/4 2024/152/4
f 2180/5/4 2185/6/4 2059/140/4 2015/128/4
f 1988/71/5 2387/71/5 2386/35/5 2102/35/5
f 2232/200/4 2236/203/4 2057/202/4 1989/201/4
f 2048/204/1 2272/204/1 2318/205/1 2150/205/1
f 1995/8/5 2271/8/5 2270/192/5 2046/192/5
f 2131/206/4 2135/186/4 2056/187/4 1993/207/4
f 2108/176/4 2119/209/4 2070/208/4 2027/175/4
f 2240/49/5 2604/49/5 2471/24/5 2231/24/5
f 2019/162/1 2487/162/1 2486/22/1 2159/22/1
f 2075/159/2 2543/159/2 2411/159/2 1959/159/2
f 2153/160/6 2340/160/6 2335/210/6 2074/210/6
f 2193/16/4 2203/79/4 2065/80/4 1965/15/4
f 2068/127/6 2536/127/6 2588/59/6 2186/59/6
f 2018/159/1 2485/159/1 2484/159/1 2158/159/1
f 2051/211/2 2298/211/2 2299/212/2 2025/212/2
f 2208/159/1 2379/159/1 2349/159/1 2000/159/1
f 2178/135/4 2187/213/4 2077/190/4 2013/134/4
f 1990/214/1 2269/214/1 2268/194/1 2113/194/1
f 1982/55/2 2441/55/2 2416/210/2 2074/210/2
f 2130/72/1 2574/72/1 2453/71/1 1988/71/1
f 2162/215/4 2170/218/4 2072/217/4 1980/216/4
f 2230/64/4 2238/220/4 2075/219/4 1983/63/4
f 2098/65/6 2406/65/6 2569/23/6 2241/23/6
f 2143/158/4 2154/221/4 2087/148/4 2021/73/4
f 2177/139/4 2188/132/4 2086/133/4 2012/138/4
f 1981/222/2 2439/222/2 2542/14/2 2073/14/2
f 2129/56/1 2499/56/1 2441/55/1 1982/55/1
f 2161/48/4 2171/224/4 2082/223/4 1976/47/4
f 2195/44/4 2205/226/4 2083/225/4 1977/43/4
f 2031/181/2 2338/181/2 2339/26/2 2079/26/2
f 2187/213/1 2375/213/1 2290/190/1 2077/190/1
f 2145/156/4 2155/157/4 2096/74/4 2023/155/4
f 2179/131/4 2189/136/4 2095/137/4 2014/130/4
f 2213/105/4 2223/108/4 2094/109/4 2005/104/4
f 2050/125/6 2517/125/6 2522/124/6 2184/124/6
f 1959/159/2 2411/159/2 2410/159/2 2062/159/2
f 2093/50/6 2446/50/6 2604/49/6 2240/49/6
f 2009/227/5 2475/227/5 2483/190/5 2077/190/5
f 2107/228/4 2123/169/4 2106/149/4 2026/229/4
f 2141/230/4 2156/154/4 2105/57/4 2018/231/4
f 2174/174/4 2190/129/4 2104/84/4 2008/232/4
f 2133/185/1 2365/185/1 2248/184/1 2038/184/1
f 2080/62/6 2431/62/6 2603/61/6 2239/61/6
f 2192/233/4 2207/83/4 2101/235/4 1964/234/4
f 2158/236/4 2173/58/4 2100/67/4 1961/237/4
f 2071/159/5 2541/159/5 2443/159/5 1979/159/5
f 1973/238/6 2425/238/6 2497/239/6 2127/239/6
f 1985/240/4 2089/242/4 2122/241/4 2112/171/4
f 2180/5/6 2267/5/6 2261/77/6 1991/77/6
f 1954/159/1 2409/159/1 2408/159/1 2107/159/1
f 2022/147/2 2295/147/2 2337/161/2 2078/161/2
f 1997/183/6 2273/183/6 2364/182/6 2132/182/6
f 2238/220/1 2602/220/1 2543/219/1 2075/219/1
f 1994/243/4 2035/244/4 2116/177/4 2114/167/4
f 2035/244/4 1955/245/4 2115/180/4 2116/177/4
f 2071/173/4 1958/246/4 2108/176/4 2120/172/4
f 2053/247/4 1969/249/4 2109/248/4 2118/197/4
f 2089/242/4 1975/251/4 2110/250/4 2122/241/4
f 2162/215/6 2294/215/6 2295/147/6 2022/147/6
f 2099/252/4 1985/240/4 2112/171/4 2123/169/4
f 1967/253/6 2417/253/6 2495/254/6 2126/254/6
f 2045/255/4 1994/243/4 2114/167/4 2117/164/4
f 1956/159/2 2407/159/2 2406/159/2 2098/159/2
f 2032/170/4 2097/256/4 2139/37/4 2130/72/4
f 2030/257/4 2088/258/4 2138/53/4 2128/40/4
f 2062/259/6 2410/259/6 2601/188/6 2237/188/6
f 2169/75/6 2540/75/6 2537/151/6 2069/151/6
f 2149/260/2 2315/260/2 2368/261/2 2148/261/2
f 2125/159/1 2493/159/1 2560/159/1 1966/159/1
f 2034/166/4 2043/178/4 2133/185/4 2132/182/4
f 2052/165/4 2034/166/4 2132/182/4 2134/262/4
f 2104/84/5 2351/84/5 2284/232/5 2008/232/5
f 2214/101/6 2266/101/6 2263/81/6 1992/81/6
f 2236/203/1 2600/203/1 2526/202/1 2057/202/1
f 2159/22/6 2391/22/6 2392/162/6 2019/162/6
f 2013/134/5 2479/134/5 2482/133/5 2086/133/5
f 2079/26/4 2027/175/4 2126/254/4 2137/25/4
f 2124/159/6 2573/159/6 2508/159/6 2028/159/6
f 1966/263/4 2102/35/4 2156/154/4 2141/230/4
f 2044/92/6 2418/92/6 2599/91/6 2235/91/6
f 2136/264/6 2539/264/6 2501/208/6 2070/208/6
f 1993/207/6 2265/207/6 2305/206/6 2131/206/6
f 1967/253/4 2066/265/4 2152/150/4 2142/163/4
f 1993/207/4 2056/187/4 2151/199/4 2146/153/4
f 2039/2/6 2466/2/6 2598/1/6 2234/1/6
f 2004/86/2 2336/86/2 2280/117/2 2076/117/2
f 2074/210/4 1967/253/4 2142/163/4 2153/160/4
f 2206/41/2 2348/41/2 2285/44/2 2195/44/2
f 2233/70/1 2597/70/1 2467/93/1 1998/93/1
f 2176/142/1 2428/142/1 2477/141/1 2011/141/1
f 2016/126/1 2481/126/1 2480/90/1 2199/90/1
f 2058/113/6 2399/113/6 2405/112/6 2219/112/6
f 2066/265/4 1993/207/4 2146/153/4 2152/150/4
f 2161/48/6 2292/48/6 2293/73/6 2021/73/6
f 2111/266/5 2442/266/5 2571/267/5 2121/267/5
f 2000/268/2 2349/268/2 2350/103/2 2103/103/2
f 2021/73/4 2087/148/4 2171/224/4 2161/48/4
f 2022/147/4 2078/161/4 2170/218/4 2162/215/4
f 2175/60/1 2587/60/1 2475/227/1 2009/227/1
f 2024/152/4 2060/198/4 2168/31/4 2164/78/4
f 2020/191/4 2051/211/4 2167/193/4 2160/34/4
f 2025/212/4 2042/270/4 2166/9/4 2165/269/4
f 2051/211/4 2025/212/4 2165/269/4 2167/193/4
f 2069/151/4 2024/152/4 2164/78/4 2169/75/4
f 1973/238/2 2317/238/2 2272/204/2 2048/204/2
f 2066/265/2 2264/265/2 2265/207/2 1993/207/2
f 2196/271/5 2376/271/5 2378/226/5 2205/226/5
f 2231/24/1 2471/24/1 2447/66/1 1984/66/1
f 2042/270/4 2017/272/4 2157/12/4 2166/9/4
f 2019/162/5 2392/162/5 2394/161/5 2078/161/5
f 2063/273/1 2455/273/1 2538/209/1 2119/209/1
f 1986/68/4 2090/46/4 2189/136/4 2179/131/4
f 1976/47/4 2082/223/4 2188/132/4 2177/139/4
f 1980/216/4 2072/217/4 2187/213/4 2178/135/4
f 1962/21/4 2064/76/4 2186/59/4 2175/60/4
f 2110/250/5 2570/250/5 2572/241/5 2122/241/5
f 2070/208/5 2501/208/5 2496/175/5 2027/175/5
f 1995/8/4 2036/10/4 2183/143/4 2181/7/4
f 2072/217/4 1962/21/4 2175/60/4 2187/213/4
f 2036/10/4 1960/11/4 2182/146/4 2183/143/4
f 2229/52/1 2596/52/1 2432/51/1 1974/51/1
f 2090/46/4 1976/47/4 2177/139/4 2189/136/4
f 2082/223/4 1980/216/4 2178/135/4 2188/132/4
f 2009/227/2 2475/227/2 2536/127/2 2068/127/2
f 2147/274/2 2275/274/2 2315/260/2 2149/260/2
f 2072/217/2 2244/217/2 2245/21/2 1962/21/2
f 2041/144/6 2312/144/6 2374/143/6 2183/143/6
f 2014/130/4 2095/137/4 2206/41/4 2197/275/4
f 2012/138/4 2086/133/4 2205/226/4 2195/44/4
f 2168/31/2 2530/31/2 2488/34/2 2160/34/2
f 2009/227/4 2068/127/4 2203/79/4 2193/16/4
f 1992/81/5 2263/81/5 2262/80/5 2065/80/5
f 2011/141/1 2477/141/1 2476/30/1 2194/30/1
f 2001/118/2 2534/118/2 2535/99/2 2067/99/2
f 2050/125/4 2016/126/4 2199/90/4 2201/87/4
f 2068/127/4 2015/128/4 2198/82/4 2203/79/4
f 2104/84/4 2014/130/4 2197/275/4 2207/83/4
f 2226/159/1 2469/159/1 2407/159/1 1956/159/1
f 2074/210/5 2335/210/5 2257/55/5 1982/55/5
f 2059/140/4 2011/141/4 2194/30/4 2202/27/4
f 2041/144/4 2010/145/4 2191/20/4 2200/17/4
f 2162/215/5 2580/215/5 2585/224/5 2171/224/5
f 2193/16/6 2474/16/6 2475/227/6 2009/227/6
f 2218/94/2 2523/94/2 2468/97/2 2215/97/2
f 1977/43/4 2083/225/4 2222/106/4 2211/111/4
f 1981/222/4 2073/14/4 2221/116/4 2212/85/4
f 1965/15/4 2065/80/4 2220/98/4 2209/119/4
f 1962/21/2 2532/21/2 2533/76/2 2064/76/2
f 2111/266/2 2442/266/2 2545/172/2 2120/172/2
f 1996/89/4 2037/18/4 2217/120/4 2215/97/4
f 2037/18/4 1963/19/4 2216/123/4 2217/120/4
f 2073/14/4 1965/15/4 2209/119/4 2221/116/4
f 2165/269/5 2582/269/5 2584/193/5 2167/193/5
f 2091/42/4 1977/43/4 2211/111/4 2223/108/4
f 2121/267/5 2571/267/5 2570/250/5 2110/250/5
f 2101/235/4 1987/276/4 2213/105/4 2224/102/4
f 2197/275/5 2377/275/5 2353/83/5 2207/83/5
f 2166/9/5 2583/9/5 2582/269/5 2165/269/5
f 2222/106/2 2551/106/2 2445/85/2 2212/85/2
f 2005/104/4 2094/109/4 2240/49/4 2231/24/4
f 2003/110/4 2085/107/4 2239/61/4 2229/52/4
f 2004/86/4 2076/117/4 2238/220/4 2230/64/4
f 2001/118/4 2067/99/4 2237/188/4 2227/189/4
f 2006/100/4 2058/113/4 2236/203/4 2232/200/4
f 2002/114/4 2049/95/4 2235/91/4 2228/168/4
f 2237/188/1 2385/188/1 2328/259/1 2062/259/1
f 2049/95/4 2007/96/4 2233/70/4 2235/91/4
f 2067/99/4 2006/100/4 2232/200/4 2237/188/4
f 2061/196/1 2506/196/1 2531/186/1 2135/186/1
f 2085/107/4 2004/86/4 2230/64/4 2239/61/4
f 2094/109/4 2003/110/4 2229/52/4 2240/49/4
f 2058/113/4 2002/114/4 2228/168/4 2236/203/4
f 1991/77/5 2261/77/5 2260/76/5 2064/76/5
f 2128/40/1 2363/40/1 2342/39/1 1978/39/1
f 2372/218/4 2369/22/4 2245/21/4 2244/217/4
f 2365/185/4 2246/278/4 2247/277/4 2248/184/4
f 2378/226/4 2376/271/4 2254/222/4 2253/225/4
f 2353/83/4 2377/275/4 2259/276/4 2258/235/4
f 2385/188/4 2384/200/4 2327/201/4 2328/259/4
f 2334/264/4 2305/206/4 2265/207/4 2264/265/4
f 2366/262/4 2364/182/4 2273/183/4 2272/204/4
f 2375/213/4 2373/60/4 2291/227/4 2290/190/4
f 2318/205/4 2275/274/4 2299/212/4 2298/211/4
f 2324/197/4 2355/248/4 2310/279/4 2309/196/4
f 2357/167/4 2358/177/4 2314/178/4 2313/166/4
f 2274/7/4 2374/143/4 2312/144/4 2311/126/4
f 2362/239/4 2366/262/4 2272/204/4 2317/238/4
f 2370/78/4 2371/31/4 2321/32/4 2261/77/4
f 2287/82/4 2325/27/4 2322/28/4 2263/81/4
f 2361/254/4 2334/264/4 2264/265/4 2330/253/4
f 2255/266/4 2359/172/4 2339/26/4 2338/181/4
f 2256/280/4 2340/160/4 2337/161/4 2295/147/4
f 2380/85/4 2381/116/4 2280/117/4 2336/86/4
f 2363/40/4 2367/53/4 2343/54/4 2342/39/4
f 2356/171/4 2360/241/4 2346/256/4 2304/170/4
f 2379/281/4 2382/102/4 2350/103/4 2349/268/4
f 2250/251/4 2251/282/4 2344/267/4 2249/250/4
f 2243/246/4 2329/273/4 2331/209/4 2242/176/4
f 2269/214/4 2320/247/4 2324/197/4 2268/194/4
f 2251/282/4 2252/283/4 2255/266/4 2344/267/4
f 2306/195/4 2309/196/4 2326/186/4 2305/206/4
f 2307/208/4 2306/195/4 2305/206/4 2334/264/4
f 2308/149/4 2304/170/4 2303/72/4 2352/36/4
f 2257/55/4 2335/210/4 2340/160/4 2256/280/4
f 2273/183/4 2248/184/4 2315/260/4 2275/274/4
f 2248/184/4 2247/277/4 2368/261/4 2315/260/4
f 2272/204/4 2273/183/4 2275/274/4 2318/205/4
f 2297/155/4 2302/74/4 2347/45/4 2296/69/4
f 2300/57/4 2297/155/4 2296/69/4 2354/58/4
f 2301/148/4 2295/147/4 2294/215/4 2345/224/4
f 2302/74/4 2293/73/4 2292/48/4 2347/45/4
f 2260/76/4 2261/77/4 2267/5/4 2332/59/4
f 2270/192/4 2271/8/4 2274/7/4 2319/124/4
f 2284/232/4 2351/84/4 2353/83/4 2283/233/4
f 2288/128/4 2323/140/4 2325/27/4 2287/82/4
f 2289/137/4 2286/138/4 2285/44/4 2348/41/4
f 2262/80/4 2263/81/4 2266/101/4 2333/98/4
f 2279/96/4 2281/121/4 2316/1/4 2278/70/4
f 2280/117/4 2277/118/4 2276/189/4 2341/220/4
f 2281/121/4 2282/122/4 2383/4/4 2316/1/4
f 2076/117/1 2280/117/1 2341/220/1 2238/220/1
f 2232/200/5 2384/200/5 2385/188/5 2237/188/5
f 2138/53/5 2367/53/5 2363/40/5 2128/40/5
f 2053/159/5 2320/159/5 2269/159/5 1990/159/5
f 2081/159/5 2251/159/5 2250/159/5 1975/159/5
f 2183/143/5 2374/143/5 2274/7/5 2181/7/5
f 1991/77/2 2261/77/2 2321/32/2 2054/32/2
f 2029/279/6 2310/279/6 2355/248/6 2109/248/6
f 2136/264/5 2334/264/5 2361/254/5 2126/254/5
f 2175/60/5 2373/60/5 2375/213/5 2187/213/5
f 1992/81/2 2263/81/2 2322/28/2 2055/28/2
f 2164/78/1 2370/78/1 2261/77/1 1991/77/1
f 2131/206/2 2305/206/2 2326/186/2 2135/186/2
f 2227/189/6 2276/189/6 2277/118/6 2001/118/6
f 2111/266/1 2255/266/1 2338/181/1 2031/181/1
f 1978/39/2 2342/39/2 2343/54/2 2084/54/2
f 2134/262/5 2366/262/5 2362/239/5 2127/239/5
f 2238/220/2 2341/220/2 2276/189/2 2227/189/2
f 2112/171/1 2356/171/1 2304/170/1 2032/170/1
f 2076/117/6 2280/117/6 2381/116/6 2221/116/6
f 2234/1/2 2316/1/2 2383/4/2 2225/4/2
f 2132/182/5 2364/182/5 2366/262/5 2134/262/5
f 2059/140/5 2323/140/5 2288/128/5 2015/128/5
f 2114/167/1 2357/167/1 2313/166/1 2034/166/1
f 2054/32/6 2321/32/6 2371/31/6 2168/31/6
f 2130/72/6 2303/72/6 2304/170/6 2032/170/6
f 2103/103/6 2350/103/6 2382/102/6 2224/102/6
f 2140/36/2 2352/36/2 2303/72/2 2130/72/2
f 2186/59/2 2332/59/2 2267/5/2 2180/5/2
f 2061/196/5 2309/196/5 2306/195/5 2033/195/5
f 2043/178/6 2314/178/6 2358/177/6 2116/177/6
f 2170/218/1 2372/218/1 2244/217/1 2072/217/1
f 2224/102/5 2382/102/5 2379/281/5 2208/281/5
f 2007/96/1 2279/96/1 2278/70/1 2233/70/1
f 2184/124/2 2319/124/2 2274/7/2 2181/7/2
f 2118/197/6 2324/197/6 2320/247/6 2053/247/6
f 2118/197/1 2324/197/1 2309/196/1 2061/196/1
f 2033/195/5 2306/195/5 2307/208/5 2070/208/5
f 2032/170/5 2304/170/5 2308/149/5 2106/149/5
f 2221/116/5 2381/116/5 2380/85/5 2212/85/5
f 2079/26/6 2339/26/6 2359/172/6 2120/172/6
f 1975/251/1 2250/251/1 2249/250/1 2110/250/1
f 2124/278/5 2246/278/5 2365/185/5 2133/185/5
f 2163/69/2 2296/69/2 2347/45/2 2172/45/2
f 2087/148/1 2301/148/1 2345/224/1 2171/224/1
f 2097/256/6 2346/256/6 2360/241/6 2122/241/6
f 2061/196/2 2309/196/2 2310/279/2 2029/279/2
f 1981/222/6 2254/222/6 2376/271/6 2196/271/6
f 2202/27/6 2325/27/6 2323/140/6 2059/140/6
f 2001/118/5 2277/118/5 2280/117/5 2076/117/5
f 1987/276/6 2259/276/6 2377/275/6 2197/275/6
f 2135/186/6 2326/186/6 2309/196/6 2061/196/6
f 1979/159/5 2252/159/5 2251/159/5 2081/159/5
f 1999/122/5 2282/122/5 2281/121/5 2040/121/5
f 2198/82/1 2287/82/1 2263/81/1 1992/81/1
f 2062/159/2 2328/159/2 2327/159/2 1989/159/2
f 2122/241/5 2360/241/5 2356/171/5 2112/171/5
f 2168/31/5 2371/31/5 2370/78/5 2164/78/5
f 2144/280/1 2256/280/1 2295/147/1 2022/147/1
f 2008/159/1 2284/159/1 2283/159/1 2192/159/1
f 2063/159/5 2329/159/5 2243/159/5 1958/159/5
f 2083/225/2 2253/225/2 2254/222/2 1981/222/2
f 2110/250/2 2249/250/2 2344/267/2 2121/267/2
f 2120/172/5 2359/172/5 2255/266/5 2111/266/5
f 2108/176/2 2242/176/2 2331/209/2 2119/209/2
f 2038/184/5 2248/184/5 2273/183/5 1997/183/5
f 2025/212/6 2299/212/6 2275/274/6 2147/274/6
f 2055/28/6 2322/28/6 2325/27/6 2202/27/6
f 1967/253/2 2330/253/2 2264/265/2 2066/265/2
f 2111/266/6 2255/266/6 2252/283/6 1979/283/6
f 2113/194/2 2268/194/2 2324/197/2 2118/197/2
f 2148/159/6 2368/159/6 2247/159/6 1968/159/6
f 2195/44/6 2285/44/6 2286/138/6 2012/138/6
f 2173/58/2 2354/58/2 2296/69/2 2163/69/2
f 2040/121/5 2281/121/5 2279/96/5 2007/96/5
f 2220/98/2 2333/98/2 2266/101/2 2214/101/2
f 1982/55/1 2257/55/1 2256/280/1 2144/280/1
f 2116/177/5 2358/177/5 2357/167/5 2114/167/5
f 2171/224/2 2345/224/2 2294/215/2 2162/215/2
f 2016/126/2 2311/126/2 2312/144/2 2041/144/2
f 2096/74/5 2302/74/5 2297/155/5 2023/155/5
f 2150/205/1 2318/205/1 2298/211/1 2051/211/1
f 2205/226/1 2378/226/1 2253/225/1 2083/225/1
f 2172/45/2 2347/45/2 2292/48/2 2161/48/2
f 2225/159/6 2383/159/6 2282/159/6 1999/159/6
f 2032/170/2 2304/170/2 2346/256/2 2097/256/2
f 2015/128/1 2288/128/1 2287/82/1 2198/82/1
f 2034/166/2 2313/166/2 2314/178/2 2043/178/2
f 2207/83/1 2353/83/1 2258/235/1 2101/235/1
f 2119/209/6 2331/209/6 2329/273/6 2063/273/6
f 2109/248/5 2355/248/5 2324/197/5 2118/197/5
f 2078/161/6 2337/161/6 2340/160/6 2153/160/6
f 2192/233/2 2283/233/2 2353/83/2 2207/83/2
f 2159/22/5 2369/22/5 2372/218/5 2170/218/5
f 2064/76/1 2260/76/1 2332/59/1 2186/59/1
f 2101/235/2 2258/235/2 2259/276/2 1987/276/2
f 2121/267/2 2344/267/2 2255/266/2 2111/266/2
f 2065/80/1 2262/80/1 2333/98/1 2220/98/1
f 2009/227/6 2291/227/6 2373/60/6 2175/60/6
f 2070/208/1 2307/208/1 2334/264/1 2136/264/1
f 2012/138/5 2286/138/5 2289/137/5 2095/137/5
f 1989/201/6 2327/201/6 2384/200/6 2232/200/6
f 2095/137/1 2289/137/1 2348/41/1 2206/41/1
f 1958/246/1 2243/246/1 2242/176/1 2108/176/1
f 2077/190/2 2290/190/2 2291/227/2 2009/227/2
f 2126/254/1 2361/254/1 2330/253/1 1967/253/1
f 2127/239/1 2362/239/1 2317/238/1 1973/238/1
f 2181/7/1 2274/7/1 2311/126/1 2016/126/1
f 2403/260/4 2389/261/4 2390/272/4 2393/270/4
f 2404/101/4 2405/112/4 2399/113/4 2398/100/4
f 2397/256/4 2396/257/4 2395/40/4 2401/37/4
f 2386/35/4 2387/71/4 2388/156/4 2402/154/4
f 2394/161/4 2392/162/4 2391/22/4 2400/218/4
f 2148/261/5 2389/261/5 2403/260/5 2149/260/5
f 2214/101/1 2404/101/1 2398/100/1 2006/100/1
f 2097/256/1 2397/256/1 2401/37/1 2139/37/1
f 2145/156/6 2388/156/6 2387/71/6 1988/71/6
f 2170/218/2 2400/218/2 2391/22/2 2159/22/2
f 2219/112/5 2405/112/5 2404/101/5 2214/101/5
f 2078/161/1 2394/161/1 2400/218/1 2170/218/1
f 2128/40/6 2395/40/6 2396/257/6 2030/257/6
f 2006/100/2 2398/100/2 2399/113/2 2058/113/2
f 2156/154/2 2402/154/2 2388/156/2 2145/156/2
f 2017/159/6 2390/159/6 2389/159/6 2148/159/6
f 2042/270/2 2393/270/2 2390/272/2 2017/272/2
f 2102/35/1 2386/35/1 2402/154/1 2156/154/1
f 2030/257/5 2396/257/5 2397/256/5 2097/256/5
f 2149/260/1 2403/260/1 2393/270/1 2042/270/1
f 2602/220/4 2594/189/4 2411/284/4 2543/219/4
f 2546/25/4 2495/254/4 2417/253/4 2416/210/4
f 2531/186/4 2497/239/4 2425/238/4 2424/187/4
f 2600/203/4 2595/168/4 2419/285/4 2526/202/4
f 2585/224/4 2580/215/4 2437/216/4 2436/223/4
f 2584/193/4 2582/269/4 2463/8/4 2462/192/4
f 2550/221/4 2444/280/4 2491/147/4 2490/148/4
f 2527/199/4 2429/286/4 2489/191/4 2492/198/4
f 2538/209/4 2461/194/4 2502/195/4 2501/208/4
f 2571/267/4 2442/266/4 2500/181/4 2503/258/4
f 2572/241/4 2570/250/4 2505/257/4 2504/256/4
f 2577/274/4 2578/260/4 2512/270/4 2511/212/4
f 2582/269/4 2583/9/4 2509/10/4 2463/8/4
f 2597/70/4 2598/1/4 2466/2/4 2467/93/4
f 2426/248/4 2520/164/4 2519/165/4 2498/279/4
f 2429/286/4 2521/205/4 2518/211/4 2489/191/4
f 2428/142/4 2522/124/4 2517/125/4 2477/141/4
f 2595/168/4 2599/91/4 2418/92/4 2419/285/4
f 2576/163/4 2579/150/4 2537/151/4 2487/162/4
f 2587/60/4 2588/59/4 2536/127/4 2475/227/4
f 2591/119/4 2593/98/4 2535/99/4 2534/118/4
f 2486/22/4 2540/75/4 2533/76/4 2532/21/4
f 2594/189/4 2601/188/4 2410/259/4 2411/284/4
f 2499/56/4 2546/25/4 2416/210/4 2441/55/4
f 2478/271/4 2547/13/4 2542/14/4 2439/222/4
f 2570/250/4 2571/267/4 2503/258/4 2505/257/4
f 2592/111/4 2551/106/4 2549/107/4 2548/110/4
f 2596/52/4 2603/61/4 2431/62/4 2432/51/4
f 2471/24/4 2604/49/4 2446/50/4 2447/66/4
f 2581/69/4 2586/45/4 2554/46/4 2449/68/4
f 2589/275/4 2590/41/4 2555/42/4 2451/276/4
f 2574/72/4 2575/37/4 2433/38/4 2453/71/4
f 2493/287/4 2567/36/4 2561/35/4 2560/263/4
f 2469/288/4 2569/23/4 2406/65/4 2407/289/4
f 2409/290/4 2558/252/4 2564/169/4 2408/228/4
f 2443/283/4 2541/173/4 2545/172/4 2442/266/4
f 2427/249/4 2515/255/4 2520/164/4 2426/248/4
f 2455/273/4 2456/214/4 2461/194/4 2538/209/4
f 2494/229/4 2563/149/4 2567/36/4 2493/287/4
f 2500/181/4 2544/26/4 2546/25/4 2499/56/4
f 2496/175/4 2501/208/4 2539/264/4 2495/254/4
f 2498/279/4 2519/165/4 2525/262/4 2497/239/4
f 2503/258/4 2500/181/4 2499/56/4 2553/53/4
f 2506/196/4 2498/279/4 2497/239/4 2531/186/4
f 2507/178/4 2508/179/4 2573/278/4 2513/185/4
f 2453/71/4 2433/38/4 2556/157/4 2452/156/4
f 2434/39/4 2440/54/4 2550/221/4 2435/158/4
f 2425/238/4 2516/204/4 2521/205/4 2429/286/4
f 2424/187/4 2425/238/4 2429/286/4 2527/199/4
f 2433/38/4 2434/39/4 2435/158/4 2556/157/4
f 2440/54/4 2441/55/4 2444/280/4 2550/221/4
f 2485/231/4 2562/57/4 2568/58/4 2484/236/4
f 2487/162/4 2537/151/4 2540/75/4 2486/22/4
f 2492/198/4 2489/191/4 2488/34/4 2530/31/4
f 2413/237/4 2448/67/4 2565/129/4 2412/174/4
f 2460/77/4 2420/32/4 2528/6/4 2459/5/4
f 2421/33/4 2462/192/4 2522/124/4 2428/142/4
f 2420/32/4 2421/33/4 2428/142/4 2528/6/4
f 2448/67/4 2449/68/4 2454/131/4 2565/129/4
f 2479/134/4 2483/190/4 2547/13/4 2478/271/4
f 2477/141/4 2517/125/4 2524/87/4 2476/30/4
f 2481/126/4 2510/144/4 2514/17/4 2480/90/4
f 2482/133/4 2479/134/4 2478/271/4 2552/226/4
f 2483/190/4 2475/227/4 2474/16/4 2547/13/4
f 2415/234/4 2559/235/4 2566/102/4 2414/281/4
f 2451/276/4 2555/42/4 2557/108/4 2450/105/4
f 2458/81/4 2422/28/4 2529/112/4 2457/101/4
f 2423/29/4 2464/88/4 2523/94/4 2430/115/4
f 2422/28/4 2423/29/4 2430/115/4 2529/112/4
f 2438/225/4 2439/222/4 2445/85/4 2551/106/4
f 2464/88/4 2465/89/4 2468/97/4 2523/94/4
f 2470/268/4 2473/103/4 2569/23/4 2469/288/4
f 2473/103/4 2472/104/4 2471/24/4 2569/23/4
f 2087/148/2 2490/148/2 2491/147/2 2022/147/2
f 2139/37/5 2575/37/5 2574/72/5 2130/72/5
f 2228/168/5 2595/168/5 2600/203/5 2236/203/5
f 2227/189/5 2594/189/5 2602/220/5 2238/220/5
f 2074/210/2 2416/210/2 2417/253/2 1967/253/2
f 2126/254/2 2495/254/2 2539/264/2 2136/264/2
f 2185/6/2 2528/6/2 2428/142/2 2176/142/2
f 2026/159/1 2494/159/1 2493/159/1 2125/159/1
f 1970/159/2 2419/159/2 2418/159/2 2044/159/2
f 2127/239/2 2497/239/2 2525/262/2 2134/262/2
f 2027/175/1 2496/175/1 2495/254/1 2126/254/1
f 1971/33/5 2421/33/5 2420/32/5 2054/32/5
f 2084/54/5 2440/54/5 2434/39/5 1978/39/5
f 1972/29/5 2423/29/5 2422/28/5 2055/28/5
f 2190/129/2 2565/129/2 2454/131/2 2179/131/2
f 2003/110/2 2548/110/2 2549/107/2 2085/107/2
f 1969/249/1 2427/249/1 2426/248/1 2109/248/1
f 2138/53/2 2553/53/2 2499/56/2 2129/56/2
f 2030/257/2 2505/257/2 2503/258/2 2088/258/2
f 1974/159/2 2432/159/2 2431/159/2 2080/159/2
f 2126/254/5 2495/254/5 2546/25/5 2137/25/5
f 2133/185/2 2513/185/2 2573/278/2 2124/278/2
f 2083/225/1 2438/225/1 2551/106/1 2222/106/1
f 2070/208/2 2501/208/2 2502/195/2 2033/195/2
f 2196/271/1 2478/271/1 2439/222/1 1981/222/1
f 2197/275/1 2589/275/1 2451/276/1 1987/276/1
f 2142/163/1 2576/163/1 2487/162/1 2019/162/1
f 1978/39/5 2434/39/5 2433/38/5 2092/38/5
f 2086/133/1 2482/133/1 2552/226/1 2205/226/1
f 2097/256/2 2504/256/2 2505/257/2 2030/257/2
f 2088/258/1 2503/258/1 2553/53/1 2138/53/1
f 2029/279/5 2498/279/5 2506/196/5 2061/196/5
f 2022/147/6 2491/147/6 2444/280/6 2144/280/6
f 1986/68/2 2449/68/2 2554/46/2 2090/46/2
f 2028/179/5 2508/179/5 2507/178/5 2043/178/5
f 2147/274/1 2577/274/1 2511/212/1 2025/212/1
f 1995/8/2 2463/8/2 2509/10/2 2036/10/2
f 2082/223/2 2436/223/2 2437/216/2 1980/216/2
f 2073/14/6 2542/14/6 2547/13/6 2204/13/6
f 1981/222/5 2439/222/5 2438/225/5 2083/225/5
f 2042/270/6 2512/270/6 2578/260/6 2149/260/6
f 1982/55/5 2441/55/5 2440/54/5 2084/54/5
f 2091/42/6 2555/42/6 2590/41/6 2206/41/6
f 2051/211/6 2518/211/6 2521/205/6 2150/205/6
f 2151/199/1 2527/199/1 2492/198/1 2060/198/1
f 1979/283/1 2443/283/1 2442/266/1 2111/266/1
f 2069/151/6 2537/151/6 2579/150/6 2152/150/6
f 2041/144/5 2510/144/5 2481/126/5 2016/126/5
f 2206/41/5 2590/41/5 2589/275/5 2197/275/5
f 2025/212/2 2511/212/2 2512/270/2 2042/270/2
f 2144/280/6 2444/280/6 2441/55/6 1982/55/6
f 2154/221/1 2550/221/1 2490/148/1 2087/148/1
f 2212/85/6 2445/85/6 2439/222/6 1981/222/6
f 1984/159/2 2447/159/2 2446/159/2 2093/159/2
f 2223/108/6 2557/108/6 2555/42/6 2091/42/6
f 1986/68/5 2449/68/5 2448/67/5 2100/67/5
f 2194/30/2 2476/30/2 2524/87/2 2201/87/2
f 2145/156/2 2452/156/2 2556/157/2 2155/157/2
f 2199/90/2 2480/90/2 2514/17/2 2200/17/2
f 2143/158/2 2435/158/2 2550/221/2 2154/221/2
f 2043/178/1 2507/178/1 2513/185/1 2133/185/1
f 2200/17/6 2514/17/6 2510/144/6 2041/144/6
f 1987/276/1 2451/276/1 2450/105/1 2213/105/1
f 2152/150/5 2579/150/5 2576/163/5 2142/163/5
f 1988/71/1 2453/71/1 2452/156/1 2145/156/1
f 2099/159/5 2558/159/5 2409/159/5 1954/159/5
f 2179/131/6 2454/131/6 2449/68/6 1986/68/6
f 2205/226/2 2552/226/2 2478/271/2 2196/271/2
f 2100/67/5 2448/67/5 2413/237/5 1961/237/5
f 2149/260/5 2578/260/5 2577/274/5 2147/274/5
f 2101/235/5 2559/235/5 2415/234/5 1964/234/5
f 2045/159/5 2515/159/5 2427/159/5 1969/159/5
f 1966/263/2 2560/263/2 2561/35/2 2102/35/2
f 2046/192/5 2462/192/5 2421/33/5 1971/33/5
f 1990/159/5 2456/159/5 2455/159/5 2063/159/5
f 2103/103/5 2473/103/5 2470/268/5 2000/268/5
f 2047/88/5 2464/88/5 2423/29/5 1972/29/5
f 2204/13/2 2547/13/2 2474/16/2 2193/16/2
f 2048/204/5 2516/204/5 2425/238/5 1973/238/5
f 2155/157/2 2556/157/2 2435/158/2 2143/158/2
f 2105/57/5 2562/57/5 2485/231/5 2018/231/5
f 2209/119/1 2591/119/1 2534/118/1 2001/118/1
f 2106/149/5 2563/149/5 2494/229/5 2026/229/5
f 1992/81/1 2458/81/1 2457/101/1 2214/101/1
f 2123/169/6 2564/169/6 2558/252/6 2099/252/6
f 2020/191/2 2489/191/2 2518/211/2 2051/211/2
f 2211/111/1 2592/111/1 2548/110/1 2003/110/1
f 1991/77/1 2460/77/1 2459/5/1 2180/5/1
f 2117/164/6 2520/164/6 2515/255/6 2045/255/6
f 2113/194/6 2461/194/6 2456/214/6 1990/214/6
f 2224/102/6 2566/102/6 2559/235/6 2101/235/6
f 2150/205/6 2521/205/6 2516/204/6 2048/204/6
f 2140/36/6 2567/36/6 2563/149/6 2106/149/6
f 2184/124/6 2522/124/6 2462/192/6 2046/192/6
f 2046/192/2 2462/192/2 2463/8/2 1995/8/2
f 2159/22/1 2486/22/1 2532/21/1 1962/21/1
f 1996/89/5 2465/89/5 2464/88/5 2047/88/5
f 2173/58/6 2568/58/6 2562/57/6 2105/57/6
f 1998/159/2 2467/159/2 2466/159/2 2039/159/2
f 1980/216/6 2437/216/6 2580/215/6 2162/215/6
f 2201/87/6 2524/87/6 2517/125/6 2050/125/6
f 2163/69/1 2581/69/1 2449/68/1 1986/68/1
f 2134/262/6 2525/262/6 2519/165/6 2052/165/6
f 2067/99/6 2535/99/6 2593/98/6 2220/98/6
f 2109/248/1 2426/248/1 2498/279/1 2029/279/1
f 2054/32/5 2420/32/5 2460/77/5 1991/77/5
f 2215/97/6 2468/97/6 2465/89/6 1996/89/6
f 2085/107/6 2549/107/6 2551/106/6 2222/106/6
f 2036/10/6 2509/10/6 2583/9/6 2166/9/6
f 2031/181/6 2500/181/6 2442/266/6 2111/266/6
f 2055/28/5 2422/28/5 2458/81/5 1992/81/5
f 2167/193/1 2584/193/1 2462/192/1 2046/192/1
f 2000/159/1 2470/159/1 2469/159/1 2226/159/1
f 2033/195/6 2502/195/6 2461/194/6 2113/194/6
f 2057/159/2 2526/159/2 2419/159/2 1970/159/2
f 2208/281/2 2414/281/2 2566/102/2 2224/102/2
f 2064/76/6 2533/76/6 2540/75/6 2169/75/6
f 2213/105/2 2450/105/2 2557/108/2 2223/108/2
f 2222/106/5 2551/106/5 2592/111/5 2211/111/5
f 2171/224/1 2585/224/1 2436/223/1 2082/223/1
f 2090/46/6 2554/46/6 2586/45/6 2172/45/6
f 2052/165/6 2519/165/6 2520/164/6 2117/164/6
f 2231/24/6 2471/24/6 2472/104/6 2005/104/6
f 2220/98/5 2593/98/5 2591/119/5 2209/119/5
f 2214/101/2 2457/101/2 2529/112/2 2219/112/2
f 2158/236/2 2484/236/2 2568/58/2 2173/58/2
f 2119/209/1 2538/209/1 2501/208/1 2070/208/1
f 2056/187/1 2424/187/1 2527/199/1 2151/199/1
f 2210/115/2 2430/115/2 2523/94/2 2218/94/2
f 2172/45/5 2586/45/5 2581/69/5 2163/69/5
f 2122/241/1 2572/241/1 2504/256/1 2097/256/1
f 2005/104/5 2472/104/5 2473/103/5 2103/103/5
f 2060/198/1 2492/198/1 2530/31/1 2168/31/1
f 2219/112/2 2529/112/2 2430/115/2 2210/115/2
f 2107/228/2 2408/228/2 2564/169/2 2123/169/2
f 2885/1/2 2690/2/2 2608/3/2 2876/4/2
f 2831/5/4 2836/6/4 3179/6/4 3110/5/4
f 2832/7/6 2646/8/6 2922/8/6 2925/7/6
f 2817/9/2 2687/10/2 2611/11/2 2808/12/2
f 2855/13/2 2724/14/2 2616/15/2 2844/16/2
f 2851/17/2 2688/18/2 2614/19/2 2842/20/2
f 2613/21/6 2810/22/6 3020/22/6 2896/21/6
f 2892/23/4 2882/24/4 3122/24/4 3220/23/4
f 2788/25/6 2730/26/6 3195/26/6 3197/25/6
f 2853/27/2 2706/28/2 2623/29/2 2845/30/2
f 2819/31/2 2705/32/2 2622/33/2 2811/34/2
f 2753/35/6 2791/36/6 3218/36/6 3212/35/6
f 2790/37/2 2743/38/2 2629/39/2 2779/40/2
f 2857/41/2 2742/42/2 2628/43/2 2846/44/2
f 2823/45/2 2741/46/2 2627/47/2 2812/48/2
f 2891/49/2 2744/50/2 2625/51/2 2880/52/2
f 2789/53/2 2735/54/2 2633/55/2 2780/56/2
f 2756/57/1 2824/58/1 3005/58/1 2951/57/1
f 2837/59/3 2826/60/3 3238/60/3 3239/59/3
f 2890/61/2 2731/62/2 2634/63/2 2881/64/2
f 2892/23/2 2749/65/2 2635/66/2 2882/24/2
f 2824/58/2 2751/67/2 2637/68/2 2814/69/2
f 2884/70/4 2885/1/4 2967/1/4 2929/70/4
f 2791/36/2 2753/35/2 2639/71/2 2781/72/2
f 2672/73/3 2747/74/3 2953/74/3 2944/73/3
f 2820/75/2 2715/76/2 2642/77/2 2815/78/2
f 2854/79/2 2716/80/2 2643/81/2 2849/82/2
f 2858/83/6 2755/84/6 3002/84/6 3004/83/6
f 2863/85/1 2655/86/1 2987/86/1 3031/85/1
f 2852/87/2 2698/88/2 2647/89/2 2850/90/2
f 2743/38/6 2790/37/6 3226/37/6 3084/38/6
f 2886/91/2 2695/92/2 2649/93/2 2884/70/2
f 2869/94/2 2700/95/2 2658/96/2 2866/97/2
f 2871/98/2 2718/99/2 2657/100/2 2865/101/2
f 2875/102/2 2754/103/2 2656/104/2 2864/105/2
f 2873/106/2 2736/107/2 2655/86/2 2863/85/2
f 2874/108/2 2745/109/2 2654/110/2 2862/111/2
f 2870/112/2 2709/113/2 2653/114/2 2861/115/2
f 2872/116/2 2727/117/2 2652/118/2 2860/119/2
f 2868/120/2 2691/121/2 2650/122/2 2867/123/2
f 2835/124/2 2701/125/2 2667/126/2 2832/7/2
f 2837/59/2 2719/127/2 2666/128/2 2831/5/2
f 2841/129/2 2755/84/2 2665/130/2 2830/131/2
f 2839/132/2 2737/133/2 2664/134/2 2829/135/2
f 2840/136/2 2746/137/2 2663/138/2 2828/139/2
f 2836/6/2 2710/140/2 2662/141/2 2827/142/2
f 2834/143/2 2692/144/2 2661/145/2 2833/146/2
f 2673/147/3 2738/148/3 2952/148/3 2946/147/3
f 2757/149/1 2791/36/1 3003/36/1 2959/149/1
f 2803/150/2 2720/151/2 2675/152/2 2797/153/2
f 2807/154/2 2756/57/2 2674/155/2 2796/156/2
f 2885/1/3 2884/70/3 3248/70/3 3249/1/3
f 2806/157/2 2747/74/2 2672/73/2 2794/158/2
f 2615/159/1 2859/159/1 3065/159/1 3066/159/1
f 2790/37/4 2779/40/4 3046/40/4 3052/37/4
f 2804/160/2 2729/161/2 2670/162/2 2793/163/2
f 2768/164/2 2703/165/2 2685/166/2 2765/167/2
f 2886/91/3 2879/168/3 3246/168/3 3250/91/3
f 2774/169/2 2757/149/2 2683/170/2 2763/171/2
f 2771/172/6 2722/173/6 3192/173/6 3196/172/6
f 2825/174/4 2841/129/4 3216/129/4 3063/174/4
f 2619/159/6 2775/159/6 2897/159/6 2898/159/6
f 2771/172/2 2730/26/2 2678/175/2 2759/176/2
f 2767/177/2 2694/178/2 2679/179/2 2766/180/2
f 2735/54/6 2789/53/6 3018/53/6 2994/54/6
f 2730/26/3 2682/181/3 3151/181/3 3195/26/3
f 2674/155/3 2756/57/3 2951/57/3 2948/155/3
f 2866/97/2 2658/96/2 2691/121/2 2868/120/2
f 2783/182/2 2648/183/2 2689/184/2 2784/185/2
f 2850/90/2 2647/89/2 2688/18/2 2851/17/2
f 2786/186/1 2707/187/1 3075/187/1 3182/186/1
f 2888/188/3 2878/189/3 3245/189/3 3252/188/3
f 2728/190/3 2664/134/3 3130/134/3 3134/190/3
f 2890/61/3 2880/52/3 3247/52/3 3254/61/3
f 2811/34/6 2671/191/6 3140/191/6 3139/34/6
f 2861/115/2 2653/114/2 2700/95/2 2869/94/2
f 2612/159/1 2825/159/1 3063/159/1 3064/159/1
f 2811/34/2 2622/33/2 2697/192/2 2818/193/2
f 2845/30/2 2623/29/2 2698/88/2 2852/87/2
f 2697/192/1 2835/124/1 2970/124/1 2921/192/1
f 2764/194/2 2684/195/2 2712/196/2 2769/197/2
f 2797/153/2 2675/152/2 2711/198/2 2802/199/2
f 2831/5/2 2666/128/2 2710/140/2 2836/6/2
f 2639/71/3 2753/35/3 3037/35/3 3038/71/3
f 2883/200/2 2640/201/2 2708/202/2 2887/203/2
f 2699/204/1 2801/205/1 2969/205/1 2923/204/1
f 2646/8/3 2697/192/3 2921/192/3 2922/8/3
f 2782/206/2 2644/207/2 2707/187/2 2786/186/2
f 2759/176/2 2678/175/2 2721/208/2 2770/209/2
f 2891/49/3 2882/24/3 3122/24/3 3255/49/3
f 2670/162/1 2810/22/1 3137/22/1 3138/162/1
f 2726/159/4 2610/159/4 3062/159/4 3194/159/4
f 2804/160/6 2725/210/6 2986/210/6 2991/160/6
f 2844/16/2 2616/15/2 2716/80/2 2854/79/2
f 2719/127/6 2837/59/6 3239/59/6 3187/127/6
f 2669/159/1 2809/159/1 3135/159/1 3136/159/1
f 2702/211/4 2676/212/4 2950/212/4 2949/211/4
f 2859/159/1 2651/159/1 3000/159/1 3030/159/1
f 2829/135/2 2664/134/2 2728/190/2 2838/213/2
f 2641/214/1 2764/194/1 2919/194/1 2920/214/1
f 2633/55/4 2725/210/4 3067/210/4 3092/55/4
f 2781/72/1 2639/71/1 3104/71/1 3225/72/1
f 2813/215/2 2631/216/2 2723/217/2 2821/218/2
f 2881/64/2 2634/63/2 2726/219/2 2889/220/2
f 2749/65/6 2892/23/6 3220/23/6 3057/65/6
f 2794/158/2 2672/73/2 2738/148/2 2805/221/2
f 2828/139/2 2663/138/2 2737/133/2 2839/132/2
f 2632/222/4 2724/14/4 3193/14/4 3090/222/4
f 2780/56/1 2633/55/1 3092/55/1 3150/56/1
f 2812/48/2 2627/47/2 2733/223/2 2822/224/2
f 2846/44/2 2628/43/2 2734/225/2 2856/226/2
f 2682/181/4 2730/26/4 2990/26/4 2989/181/4
f 2838/213/1 2728/190/1 2941/190/1 3026/213/1
f 2796/156/2 2674/155/2 2747/74/2 2806/157/2
f 2830/131/2 2665/130/2 2746/137/2 2840/136/2
f 2864/105/2 2656/104/2 2745/109/2 2874/108/2
f 2701/125/6 2835/124/6 3173/124/6 3168/125/6
f 2610/159/4 2713/159/4 3061/159/4 3062/159/4
f 2744/50/6 2891/49/6 3255/49/6 3097/50/6
f 2660/227/3 2728/190/3 3134/190/3 3126/227/3
f 2758/228/2 2677/229/2 2757/149/2 2774/169/2
f 2792/230/2 2669/231/2 2756/57/2 2807/154/2
f 2825/174/2 2659/232/2 2755/84/2 2841/129/2
f 2784/185/1 2689/184/1 2899/184/1 3016/185/1
f 2731/62/6 2890/61/6 3254/61/6 3082/62/6
f 2843/233/2 2615/234/2 2752/235/2 2858/83/2
f 2809/236/2 2612/237/2 2751/67/2 2824/58/2
f 2722/159/3 2630/159/3 3094/159/3 3192/159/3
f 2624/238/6 2778/239/6 3148/239/6 3076/238/6
f 2636/240/2 2763/171/2 2773/241/2 2740/242/2
f 2831/5/6 2642/77/6 2912/77/6 2918/5/6
f 2605/159/1 2758/159/1 3059/159/1 3060/159/1
f 2673/147/4 2729/161/4 2988/161/4 2946/147/4
f 2648/183/6 2783/182/6 3015/182/6 2924/183/6
f 2889/220/1 2726/219/1 3194/219/1 3253/220/1
f 2645/243/2 2765/167/2 2767/177/2 2686/244/2
f 2686/244/2 2767/177/2 2766/180/2 2606/245/2
f 2722/173/2 2771/172/2 2759/176/2 2609/246/2
f 2704/247/2 2769/197/2 2760/248/2 2620/249/2
f 2740/242/2 2773/241/2 2761/250/2 2626/251/2
f 2813/215/6 2673/147/6 2946/147/6 2945/215/6
f 2750/252/2 2774/169/2 2763/171/2 2636/240/2
f 2618/253/6 2777/254/6 3146/254/6 3068/253/6
f 2696/255/2 2768/164/2 2765/167/2 2645/243/2
f 2607/159/4 2749/159/4 3057/159/4 3058/159/4
f 2683/170/2 2781/72/2 2790/37/2 2748/256/2
f 2681/257/2 2779/40/2 2789/53/2 2739/258/2
f 2713/259/6 2888/188/6 3252/188/6 3061/259/6
f 2820/75/6 2720/151/6 3188/151/6 3191/75/6
f 2800/260/4 2799/261/4 3019/261/4 2966/260/4
f 2776/159/1 2617/159/1 3211/159/1 3144/159/1
f 2685/166/2 2783/182/2 2784/185/2 2694/178/2
f 2703/165/2 2785/262/2 2783/182/2 2685/166/2
f 2755/84/3 2659/232/3 2935/232/3 3002/84/3
f 2865/101/6 2643/81/6 2914/81/6 2917/101/6
f 2887/203/1 2708/202/1 3177/202/1 3251/203/1
f 2810/22/6 2670/162/6 3043/162/6 3042/22/6
f 2664/134/3 2737/133/3 3133/133/3 3130/134/3
f 2730/26/2 2788/25/2 2777/254/2 2678/175/2
f 2775/159/6 2679/159/6 3159/159/6 3224/159/6
f 2617/263/2 2792/230/2 2807/154/2 2753/35/2
f 2695/92/6 2886/91/6 3250/91/6 3069/92/6
f 2787/264/6 2721/208/6 3152/208/6 3190/264/6
f 2644/207/6 2782/206/6 2956/206/6 2916/207/6
f 2618/253/2 2793/163/2 2803/150/2 2717/265/2
f 2644/207/2 2797/153/2 2802/199/2 2707/187/2
f 2690/2/6 2885/1/6 3249/1/6 3117/2/6
f 2655/86/4 2727/117/4 2931/117/4 2987/86/4
f 2725/210/2 2804/160/2 2793/163/2 2618/253/2
f 2857/41/4 2846/44/4 2936/44/4 2999/41/4
f 2884/70/1 2649/93/1 3118/93/1 3248/70/1
f 2827/142/1 2662/141/1 3128/141/1 3079/142/1
f 2667/126/1 2850/90/1 3131/90/1 3132/126/1
f 2709/113/6 2870/112/6 3056/112/6 3050/113/6
f 2717/265/2 2803/150/2 2797/153/2 2644/207/2
f 2812/48/6 2672/73/6 2944/73/6 2943/48/6
f 2762/266/3 2772/267/3 3222/267/3 3093/266/3
f 2651/268/4 2754/103/4 3001/103/4 3000/268/4
f 2672/73/2 2812/48/2 2822/224/2 2738/148/2
f 2673/147/2 2813/215/2 2821/218/2 2729/161/2
f 2826/60/1 2660/227/1 3126/227/1 3238/60/1
f 2675/152/2 2815/78/2 2819/31/2 2711/198/2
f 2671/191/2 2811/34/2 2818/193/2 2702/211/2
f 2676/212/2 2816/269/2 2817/9/2 2693/270/2
f 2702/211/2 2818/193/2 2816/269/2 2676/212/2
f 2720/151/2 2820/75/2 2815/78/2 2675/152/2
f 2624/238/4 2699/204/4 2923/204/4 2968/238/4
f 2717/265/4 2644/207/4 2916/207/4 2915/265/4
f 2847/271/3 2856/226/3 3029/226/3 3027/271/3
f 2882/24/1 2635/66/1 3098/66/1 3122/24/1
f 2693/270/2 2817/9/2 2808/12/2 2668/272/2
f 2670/162/3 2729/161/3 3045/161/3 3043/162/3
f 2714/273/1 2770/209/1 3189/209/1 3106/273/1
f 2637/68/2 2830/131/2 2840/136/2 2741/46/2
f 2627/47/2 2828/139/2 2839/132/2 2733/223/2
f 2631/216/2 2829/135/2 2838/213/2 2723/217/2
f 2613/21/2 2826/60/2 2837/59/2 2715/76/2
f 2761/250/3 2773/241/3 3223/241/3 3221/250/3
f 2721/208/3 2678/175/3 3147/175/3 3152/208/3
f 2646/8/2 2832/7/2 2834/143/2 2687/10/2
f 2723/217/2 2838/213/2 2826/60/2 2613/21/2
f 2687/10/2 2834/143/2 2833/146/2 2611/11/2
f 2880/52/1 2625/51/1 3083/51/1 3247/52/1
f 2741/46/2 2840/136/2 2828/139/2 2627/47/2
f 2733/223/2 2839/132/2 2829/135/2 2631/216/2
f 2660/227/4 2719/127/4 3187/127/4 3126/227/4
f 2798/274/4 2800/260/4 2966/260/4 2926/274/4
f 2723/217/4 2613/21/4 2896/21/4 2895/217/4
f 2692/144/6 2834/143/6 3025/143/6 2963/144/6
f 2665/130/2 2848/275/2 2857/41/2 2746/137/2
f 2663/138/2 2846/44/2 2856/226/2 2737/133/2
f 2819/31/4 2811/34/4 3139/34/4 3181/31/4
f 2660/227/2 2844/16/2 2854/79/2 2719/127/2
f 2643/81/3 2716/80/3 2913/80/3 2914/81/3
f 2662/141/1 2845/30/1 3127/30/1 3128/141/1
f 2652/118/4 2718/99/4 3186/99/4 3185/118/4
f 2701/125/2 2852/87/2 2850/90/2 2667/126/2
f 2719/127/2 2854/79/2 2849/82/2 2666/128/2
f 2755/84/2 2858/83/2 2848/275/2 2665/130/2
f 2877/159/1 2607/159/1 3058/159/1 3120/159/1
f 2725/210/3 2633/55/3 2908/55/3 2986/210/3
f 2710/140/2 2853/27/2 2845/30/2 2662/141/2
f 2692/144/2 2851/17/2 2842/20/2 2661/145/2
f 2813/215/3 2822/224/3 3236/224/3 3231/215/3
f 2844/16/6 2660/227/6 3126/227/6 3125/16/6
f 2869/94/4 2866/97/4 3119/97/4 3174/94/4
f 2628/43/2 2862/111/2 2873/106/2 2734/225/2
f 2632/222/2 2863/85/2 2872/116/2 2724/14/2
f 2616/15/2 2860/119/2 2871/98/2 2716/80/2
f 2613/21/4 2715/76/4 3184/76/4 3183/21/4
f 2762/266/4 2771/172/4 3196/172/4 3093/266/4
f 2647/89/2 2866/97/2 2868/120/2 2688/18/2
f 2688/18/2 2868/120/2 2867/123/2 2614/19/2
f 2724/14/2 2872/116/2 2860/119/2 2616/15/2
f 2816/269/3 2818/193/3 3235/193/3 3233/269/3
f 2742/42/2 2874/108/2 2862/111/2 2628/43/2
f 2772/267/3 2761/250/3 3221/250/3 3222/267/3
f 2752/235/2 2875/102/2 2864/105/2 2638/276/2
f 2848/275/3 2858/83/3 3004/83/3 3028/275/3
f 2817/9/3 2816/269/3 3233/269/3 3234/9/3
f 2873/106/4 2863/85/4 3096/85/4 3202/106/4
f 2656/104/2 2882/24/2 2891/49/2 2745/109/2
f 2654/110/2 2880/52/2 2890/61/2 2736/107/2
f 2655/86/2 2881/64/2 2889/220/2 2727/117/2
f 2652/118/2 2878/189/2 2888/188/2 2718/99/2
f 2657/100/2 2883/200/2 2887/203/2 2709/113/2
f 2653/114/2 2879/168/2 2886/91/2 2700/95/2
f 2888/188/1 2713/259/1 2979/259/1 3036/188/1
f 2700/95/2 2886/91/2 2884/70/2 2658/96/2
f 2718/99/2 2888/188/2 2883/200/2 2657/100/2
f 2712/196/1 2786/186/1 3182/186/1 3157/196/1
f 2736/107/2 2890/61/2 2881/64/2 2655/86/2
f 2745/109/2 2891/49/2 2880/52/2 2654/110/2
f 2709/113/2 2887/203/2 2879/168/2 2653/114/2
f 2642/77/3 2715/76/3 2911/76/3 2912/77/3
f 2779/40/1 2629/39/1 2993/39/1 3014/40/1
f 3023/218/2 2895/217/2 2896/21/2 3020/22/2
f 3016/185/2 2899/184/2 2898/277/2 2897/278/2
f 3029/226/2 2904/225/2 2905/222/2 3027/271/2
f 3004/83/2 2909/235/2 2910/276/2 3028/275/2
f 3036/188/2 2979/259/2 2978/201/2 3035/200/2
f 2985/264/2 2915/265/2 2916/207/2 2956/206/2
f 3017/262/2 2923/204/2 2924/183/2 3015/182/2
f 3026/213/2 2941/190/2 2942/227/2 3024/60/2
f 2969/205/2 2949/211/2 2950/212/2 2926/274/2
f 2975/197/2 2960/196/2 2961/279/2 3006/248/2
f 3008/167/2 2964/166/2 2965/178/2 3009/177/2
f 2925/7/2 2962/126/2 2963/144/2 3025/143/2
f 3013/239/2 2968/238/2 2923/204/2 3017/262/2
f 3021/78/2 2912/77/2 2972/32/2 3022/31/2
f 2938/82/2 2914/81/2 2973/28/2 2976/27/2
f 3012/254/2 2981/253/2 2915/265/2 2985/264/2
f 2906/266/2 2989/181/2 2990/26/2 3010/172/2
f 2907/280/2 2946/147/2 2988/161/2 2991/160/2
f 3031/85/2 2987/86/2 2931/117/2 3032/116/2
f 3014/40/2 2993/39/2 2994/54/2 3018/53/2
f 3007/171/2 2955/170/2 2997/256/2 3011/241/2
f 3030/281/2 3000/268/2 3001/103/2 3033/102/2
f 2901/251/2 2900/250/2 2995/267/2 2902/282/2
f 2894/246/2 2893/176/2 2982/209/2 2980/273/2
f 2920/214/2 2919/194/2 2975/197/2 2971/247/2
f 2902/282/2 2995/267/2 2906/266/2 2903/283/2
f 2957/195/2 2956/206/2 2977/186/2 2960/196/2
f 2958/208/2 2985/264/2 2956/206/2 2957/195/2
f 2959/149/2 3003/36/2 2954/72/2 2955/170/2
f 2908/55/2 2907/280/2 2991/160/2 2986/210/2
f 2924/183/2 2926/274/2 2966/260/2 2899/184/2
f 2899/184/2 2966/260/2 3019/261/2 2898/277/2
f 2923/204/2 2969/205/2 2926/274/2 2924/183/2
f 2948/155/2 2947/69/2 2998/45/2 2953/74/2
f 2951/57/2 3005/58/2 2947/69/2 2948/155/2
f 2952/148/2 2996/224/2 2945/215/2 2946/147/2
f 2953/74/2 2998/45/2 2943/48/2 2944/73/2
f 2911/76/2 2983/59/2 2918/5/2 2912/77/2
f 2921/192/2 2970/124/2 2925/7/2 2922/8/2
f 2935/232/2 2934/233/2 3004/83/2 3002/84/2
f 2939/128/2 2938/82/2 2976/27/2 2974/140/2
f 2940/137/2 2999/41/2 2936/44/2 2937/138/2
f 2913/80/2 2984/98/2 2917/101/2 2914/81/2
f 2930/96/2 2929/70/2 2967/1/2 2932/121/2
f 2931/117/2 2992/220/2 2927/189/2 2928/118/2
f 2932/121/2 2967/1/2 3034/4/2 2933/122/2
f 2727/117/1 2889/220/1 2992/220/1 2931/117/1
f 2883/200/3 2888/188/3 3036/188/3 3035/200/3
f 2789/53/3 2779/40/3 3014/40/3 3018/53/3
f 2704/159/3 2641/159/3 2920/159/3 2971/159/3
f 2732/159/3 2626/159/3 2901/159/3 2902/159/3
f 2834/143/3 2832/7/3 2925/7/3 3025/143/3
f 2642/77/4 2705/32/4 2972/32/4 2912/77/4
f 2680/279/6 2760/248/6 3006/248/6 2961/279/6
f 2787/264/3 2777/254/3 3012/254/3 2985/264/3
f 2826/60/3 2838/213/3 3026/213/3 3024/60/3
f 2643/81/4 2706/28/4 2973/28/4 2914/81/4
f 2815/78/1 2642/77/1 2912/77/1 3021/78/1
f 2782/206/4 2786/186/4 2977/186/4 2956/206/4
f 2878/189/6 2652/118/6 2928/118/6 2927/189/6
f 2762/266/1 2682/181/1 2989/181/1 2906/266/1
f 2629/39/4 2735/54/4 2994/54/4 2993/39/4
f 2785/262/3 2778/239/3 3013/239/3 3017/262/3
f 2889/220/4 2878/189/4 2927/189/4 2992/220/4
f 2763/171/1 2683/170/1 2955/170/1 3007/171/1
f 2727/117/6 2872/116/6 3032/116/6 2931/117/6
f 2885/1/4 2876/4/4 3034/4/4 2967/1/4
f 2783/182/3 2785/262/3 3017/262/3 3015/182/3
f 2710/140/3 2666/128/3 2939/128/3 2974/140/3
f 2765/167/1 2685/166/1 2964/166/1 3008/167/1
f 2705/32/6 2819/31/6 3022/31/6 2972/32/6
f 2781/72/6 2683/170/6 2955/170/6 2954/72/6
f 2754/103/6 2875/102/6 3033/102/6 3001/103/6
f 2791/36/4 2781/72/4 2954/72/4 3003/36/4
f 2837/59/4 2831/5/4 2918/5/4 2983/59/4
f 2712/196/3 2684/195/3 2957/195/3 2960/196/3
f 2694/178/6 2767/177/6 3009/177/6 2965/178/6
f 2821/218/1 2723/217/1 2895/217/1 3023/218/1
f 2875/102/3 2859/281/3 3030/281/3 3033/102/3
f 2658/96/1 2884/70/1 2929/70/1 2930/96/1
f 2835/124/4 2832/7/4 2925/7/4 2970/124/4
f 2769/197/6 2704/247/6 2971/247/6 2975/197/6
f 2769/197/1 2712/196/1 2960/196/1 2975/197/1
f 2684/195/3 2721/208/3 2958/208/3 2957/195/3
f 2683/170/3 2757/149/3 2959/149/3 2955/170/3
f 2872/116/3 2863/85/3 3031/85/3 3032/116/3
f 2730/26/6 2771/172/6 3010/172/6 2990/26/6
f 2626/251/1 2761/250/1 2900/250/1 2901/251/1
f 2775/278/3 2784/185/3 3016/185/3 2897/278/3
f 2814/69/4 2823/45/4 2998/45/4 2947/69/4
f 2738/148/1 2822/224/1 2996/224/1 2952/148/1
f 2748/256/6 2773/241/6 3011/241/6 2997/256/6
f 2712/196/4 2680/279/4 2961/279/4 2960/196/4
f 2632/222/6 2847/271/6 3027/271/6 2905/222/6
f 2853/27/6 2710/140/6 2974/140/6 2976/27/6
f 2652/118/3 2727/117/3 2931/117/3 2928/118/3
f 2638/276/6 2848/275/6 3028/275/6 2910/276/6
f 2786/186/6 2712/196/6 2960/196/6 2977/186/6
f 2630/159/3 2732/159/3 2902/159/3 2903/159/3
f 2650/122/3 2691/121/3 2932/121/3 2933/122/3
f 2849/82/1 2643/81/1 2914/81/1 2938/82/1
f 2713/159/4 2640/159/4 2978/159/4 2979/159/4
f 2773/241/3 2763/171/3 3007/171/3 3011/241/3
f 2819/31/3 2815/78/3 3021/78/3 3022/31/3
f 2795/280/1 2673/147/1 2946/147/1 2907/280/1
f 2659/159/1 2843/159/1 2934/159/1 2935/159/1
f 2714/159/3 2609/159/3 2894/159/3 2980/159/3
f 2734/225/4 2632/222/4 2905/222/4 2904/225/4
f 2761/250/4 2772/267/4 2995/267/4 2900/250/4
f 2771/172/3 2762/266/3 2906/266/3 3010/172/3
f 2759/176/4 2770/209/4 2982/209/4 2893/176/4
f 2689/184/3 2648/183/3 2924/183/3 2899/184/3
f 2676/212/6 2798/274/6 2926/274/6 2950/212/6
f 2706/28/6 2853/27/6 2976/27/6 2973/28/6
f 2618/253/4 2717/265/4 2915/265/4 2981/253/4
f 2762/266/6 2630/283/6 2903/283/6 2906/266/6
f 2764/194/4 2769/197/4 2975/197/4 2919/194/4
f 2799/159/6 2619/159/6 2898/159/6 3019/159/6
f 2846/44/6 2663/138/6 2937/138/6 2936/44/6
f 2824/58/4 2814/69/4 2947/69/4 3005/58/4
f 2691/121/3 2658/96/3 2930/96/3 2932/121/3
f 2871/98/4 2865/101/4 2917/101/4 2984/98/4
f 2633/55/1 2795/280/1 2907/280/1 2908/55/1
f 2767/177/3 2765/167/3 3008/167/3 3009/177/3
f 2822/224/4 2813/215/4 2945/215/4 2996/224/4
f 2667/126/4 2692/144/4 2963/144/4 2962/126/4
f 2747/74/3 2674/155/3 2948/155/3 2953/74/3
f 2801/205/1 2702/211/1 2949/211/1 2969/205/1
f 2856/226/1 2734/225/1 2904/225/1 3029/226/1
f 2823/45/4 2812/48/4 2943/48/4 2998/45/4
f 2876/159/6 2650/159/6 2933/159/6 3034/159/6
f 2683/170/4 2748/256/4 2997/256/4 2955/170/4
f 2666/128/1 2849/82/1 2938/82/1 2939/128/1
f 2685/166/4 2694/178/4 2965/178/4 2964/166/4
f 2858/83/1 2752/235/1 2909/235/1 3004/83/1
f 2770/209/6 2714/273/6 2980/273/6 2982/209/6
f 2760/248/3 2769/197/3 2975/197/3 3006/248/3
f 2729/161/6 2804/160/6 2991/160/6 2988/161/6
f 2843/233/4 2858/83/4 3004/83/4 2934/233/4
f 2810/22/3 2821/218/3 3023/218/3 3020/22/3
f 2715/76/1 2837/59/1 2983/59/1 2911/76/1
f 2752/235/4 2638/276/4 2910/276/4 2909/235/4
f 2772/267/4 2762/266/4 2906/266/4 2995/267/4
f 2716/80/1 2871/98/1 2984/98/1 2913/80/1
f 2660/227/6 2826/60/6 3024/60/6 2942/227/6
f 2721/208/1 2787/264/1 2985/264/1 2958/208/1
f 2663/138/3 2746/137/3 2940/137/3 2937/138/3
f 2640/201/6 2883/200/6 3035/200/6 2978/201/6
f 2746/137/1 2857/41/1 2999/41/1 2940/137/1
f 2609/246/1 2759/176/1 2893/176/1 2894/246/1
f 2728/190/4 2660/227/4 2942/227/4 2941/190/4
f 2777/254/1 2618/253/1 2981/253/1 3012/254/1
f 2778/239/1 2624/238/1 2968/238/1 3013/239/1
f 2832/7/1 2667/126/1 2962/126/1 2925/7/1
f 3054/260/2 3044/270/2 3041/272/2 3040/261/2
f 3055/101/2 3049/100/2 3050/113/2 3056/112/2
f 3048/256/2 3052/37/2 3046/40/2 3047/257/2
f 3037/35/2 3053/154/2 3039/156/2 3038/71/2
f 3045/161/2 3051/218/2 3042/22/2 3043/162/2
f 2799/261/3 2800/260/3 3054/260/3 3040/261/3
f 2865/101/1 2657/100/1 3049/100/1 3055/101/1
f 2748/256/1 2790/37/1 3052/37/1 3048/256/1
f 2796/156/6 2639/71/6 3038/71/6 3039/156/6
f 2821/218/4 2810/22/4 3042/22/4 3051/218/4
f 2870/112/3 2865/101/3 3055/101/3 3056/112/3
f 2729/161/1 2821/218/1 3051/218/1 3045/161/1
f 2779/40/6 2681/257/6 3047/257/6 3046/40/6
f 2657/100/4 2709/113/4 3050/113/4 3049/100/4
f 2807/154/4 2796/156/4 3039/156/4 3053/154/4
f 2668/159/6 2799/159/6 3040/159/6 3041/159/6
f 2693/270/4 2668/272/4 3041/272/4 3044/270/4
f 2753/35/1 2807/154/1 3053/154/1 3037/35/1
f 2681/257/3 2748/256/3 3048/256/3 3047/257/3
f 2800/260/1 2693/270/1 3044/270/1 3054/260/1
f 3253/220/2 3194/219/2 3062/284/2 3245/189/2
f 3197/25/2 3067/210/2 3068/253/2 3146/254/2
f 3182/186/2 3075/187/2 3076/238/2 3148/239/2
f 3251/203/2 3177/202/2 3070/285/2 3246/168/2
f 3236/224/2 3087/223/2 3088/216/2 3231/215/2
f 3235/193/2 3113/192/2 3114/8/2 3233/269/2
f 3201/221/2 3141/148/2 3142/147/2 3095/280/2
f 3178/199/2 3143/198/2 3140/191/2 3080/286/2
f 3189/209/2 3152/208/2 3153/195/2 3112/194/2
f 3222/267/2 3154/258/2 3151/181/2 3093/266/2
f 3223/241/2 3155/256/2 3156/257/2 3221/250/2
f 3228/274/2 3162/212/2 3163/270/2 3229/260/2
f 3233/269/2 3114/8/2 3160/10/2 3234/9/2
f 3248/70/2 3118/93/2 3117/2/2 3249/1/2
f 3077/248/2 3149/279/2 3170/165/2 3171/164/2
f 3080/286/2 3140/191/2 3169/211/2 3172/205/2
f 3079/142/2 3128/141/2 3168/125/2 3173/124/2
f 3246/168/2 3070/285/2 3069/92/2 3250/91/2
f 3227/163/2 3138/162/2 3188/151/2 3230/150/2
f 3238/60/2 3126/227/2 3187/127/2 3239/59/2
f 3242/119/2 3185/118/2 3186/99/2 3244/98/2
f 3137/22/2 3183/21/2 3184/76/2 3191/75/2
f 3245/189/2 3062/284/2 3061/259/2 3252/188/2
f 3150/56/2 3092/55/2 3067/210/2 3197/25/2
f 3129/271/2 3090/222/2 3193/14/2 3198/13/2
f 3221/250/2 3156/257/2 3154/258/2 3222/267/2
f 3243/111/2 3199/110/2 3200/107/2 3202/106/2
f 3247/52/2 3083/51/2 3082/62/2 3254/61/2
f 3122/24/2 3098/66/2 3097/50/2 3255/49/2
f 3232/69/2 3100/68/2 3205/46/2 3237/45/2
f 3240/275/2 3102/276/2 3206/42/2 3241/41/2
f 3225/72/2 3104/71/2 3084/38/2 3226/37/2
f 3144/287/2 3211/263/2 3212/35/2 3218/36/2
f 3120/288/2 3058/289/2 3057/65/2 3220/23/2
f 3060/290/2 3059/228/2 3215/169/2 3209/252/2
f 3094/283/2 3093/266/2 3196/172/2 3192/173/2
f 3078/249/2 3077/248/2 3171/164/2 3166/255/2
f 3106/273/2 3189/209/2 3112/194/2 3107/214/2
f 3145/229/2 3144/287/2 3218/36/2 3214/149/2
f 3151/181/2 3150/56/2 3197/25/2 3195/26/2
f 3147/175/2 3146/254/2 3190/264/2 3152/208/2
f 3149/279/2 3148/239/2 3176/262/2 3170/165/2
f 3154/258/2 3204/53/2 3150/56/2 3151/181/2
f 3157/196/2 3182/186/2 3148/239/2 3149/279/2
f 3158/178/2 3164/185/2 3224/278/2 3159/179/2
f 3104/71/2 3103/156/2 3207/157/2 3084/38/2
f 3085/39/2 3086/158/2 3201/221/2 3091/54/2
f 3076/238/2 3080/286/2 3172/205/2 3167/204/2
f 3075/187/2 3178/199/2 3080/286/2 3076/238/2
f 3084/38/2 3207/157/2 3086/158/2 3085/39/2
f 3091/54/2 3201/221/2 3095/280/2 3092/55/2
f 3136/231/2 3135/236/2 3219/58/2 3213/57/2
f 3138/162/2 3137/22/2 3191/75/2 3188/151/2
f 3143/198/2 3181/31/2 3139/34/2 3140/191/2
f 3064/237/2 3063/174/2 3216/129/2 3099/67/2
f 3111/77/2 3110/5/2 3179/6/2 3071/32/2
f 3072/33/2 3079/142/2 3173/124/2 3113/192/2
f 3071/32/2 3179/6/2 3079/142/2 3072/33/2
f 3099/67/2 3216/129/2 3105/131/2 3100/68/2
f 3130/134/2 3129/271/2 3198/13/2 3134/190/2
f 3128/141/2 3127/30/2 3175/87/2 3168/125/2
f 3132/126/2 3131/90/2 3165/17/2 3161/144/2
f 3133/133/2 3203/226/2 3129/271/2 3130/134/2
f 3134/190/2 3198/13/2 3125/16/2 3126/227/2
f 3066/234/2 3065/281/2 3217/102/2 3210/235/2
f 3102/276/2 3101/105/2 3208/108/2 3206/42/2
f 3109/81/2 3108/101/2 3180/112/2 3073/28/2
f 3074/29/2 3081/115/2 3174/94/2 3115/88/2
f 3073/28/2 3180/112/2 3081/115/2 3074/29/2
f 3089/225/2 3202/106/2 3096/85/2 3090/222/2
f 3115/88/2 3174/94/2 3119/97/2 3116/89/2
f 3121/268/2 3120/288/2 3220/23/2 3124/103/2
f 3124/103/2 3220/23/2 3122/24/2 3123/104/2
f 2738/148/4 2673/147/4 3142/147/4 3141/148/4
f 2790/37/3 2781/72/3 3225/72/3 3226/37/3
f 2879/168/3 2887/203/3 3251/203/3 3246/168/3
f 2878/189/3 2889/220/3 3253/220/3 3245/189/3
f 2725/210/4 2618/253/4 3068/253/4 3067/210/4
f 2777/254/4 2787/264/4 3190/264/4 3146/254/4
f 2836/6/4 2827/142/4 3079/142/4 3179/6/4
f 2677/159/1 2776/159/1 3144/159/1 3145/159/1
f 2621/159/4 2695/159/4 3069/159/4 3070/159/4
f 2778/239/4 2785/262/4 3176/262/4 3148/239/4
f 2678/175/1 2777/254/1 3146/254/1 3147/175/1
f 2622/33/3 2705/32/3 3071/32/3 3072/33/3
f 2735/54/3 2629/39/3 3085/39/3 3091/54/3
f 2623/29/3 2706/28/3 3073/28/3 3074/29/3
f 2841/129/4 2830/131/4 3105/131/4 3216/129/4
f 2654/110/4 2736/107/4 3200/107/4 3199/110/4
f 2620/249/1 2760/248/1 3077/248/1 3078/249/1
f 2789/53/4 2780/56/4 3150/56/4 3204/53/4
f 2681/257/4 2739/258/4 3154/258/4 3156/257/4
f 2625/159/4 2731/159/4 3082/159/4 3083/159/4
f 2777/254/3 2788/25/3 3197/25/3 3146/254/3
f 2784/185/4 2775/278/4 3224/278/4 3164/185/4
f 2734/225/1 2873/106/1 3202/106/1 3089/225/1
f 2721/208/4 2684/195/4 3153/195/4 3152/208/4
f 2847/271/1 2632/222/1 3090/222/1 3129/271/1
f 2848/275/1 2638/276/1 3102/276/1 3240/275/1
f 2793/163/1 2670/162/1 3138/162/1 3227/163/1
f 2629/39/3 2743/38/3 3084/38/3 3085/39/3
f 2737/133/1 2856/226/1 3203/226/1 3133/133/1
f 2748/256/4 2681/257/4 3156/257/4 3155/256/4
f 2739/258/1 2789/53/1 3204/53/1 3154/258/1
f 2680/279/3 2712/196/3 3157/196/3 3149/279/3
f 2673/147/6 2795/280/6 3095/280/6 3142/147/6
f 2637/68/4 2741/46/4 3205/46/4 3100/68/4
f 2679/179/3 2694/178/3 3158/178/3 3159/179/3
f 2798/274/1 2676/212/1 3162/212/1 3228/274/1
f 2646/8/4 2687/10/4 3160/10/4 3114/8/4
f 2733/223/4 2631/216/4 3088/216/4 3087/223/4
f 2724/14/6 2855/13/6 3198/13/6 3193/14/6
f 2632/222/3 2734/225/3 3089/225/3 3090/222/3
f 2693/270/6 2800/260/6 3229/260/6 3163/270/6
f 2633/55/3 2735/54/3 3091/54/3 3092/55/3
f 2742/42/6 2857/41/6 3241/41/6 3206/42/6
f 2702/211/6 2801/205/6 3172/205/6 3169/211/6
f 2802/199/1 2711/198/1 3143/198/1 3178/199/1
f 2630/283/1 2762/266/1 3093/266/1 3094/283/1
f 2720/151/6 2803/150/6 3230/150/6 3188/151/6
f 2692/144/3 2667/126/3 3132/126/3 3161/144/3
f 2857/41/3 2848/275/3 3240/275/3 3241/41/3
f 2676/212/4 2693/270/4 3163/270/4 3162/212/4
f 2795/280/6 2633/55/6 3092/55/6 3095/280/6
f 2805/221/1 2738/148/1 3141/148/1 3201/221/1
f 2863/85/6 2632/222/6 3090/222/6 3096/85/6
f 2635/159/4 2744/159/4 3097/159/4 3098/159/4
f 2874/108/6 2742/42/6 3206/42/6 3208/108/6
f 2637/68/3 2751/67/3 3099/67/3 3100/68/3
f 2845/30/4 2852/87/4 3175/87/4 3127/30/4
f 2796/156/4 2806/157/4 3207/157/4 3103/156/4
f 2850/90/4 2851/17/4 3165/17/4 3131/90/4
f 2794/158/4 2805/221/4 3201/221/4 3086/158/4
f 2694/178/1 2784/185/1 3164/185/1 3158/178/1
f 2851/17/6 2692/144/6 3161/144/6 3165/17/6
f 2638/276/1 2864/105/1 3101/105/1 3102/276/1
f 2803/150/3 2793/163/3 3227/163/3 3230/150/3
f 2639/71/1 2796/156/1 3103/156/1 3104/71/1
f 2750/159/3 2605/159/3 3060/159/3 3209/159/3
f 2830/131/6 2637/68/6 3100/68/6 3105/131/6
f 2856/226/4 2847/271/4 3129/271/4 3203/226/4
f 2751/67/3 2612/237/3 3064/237/3 3099/67/3
f 2800/260/3 2798/274/3 3228/274/3 3229/260/3
f 2752/235/3 2615/234/3 3066/234/3 3210/235/3
f 2696/159/3 2620/159/3 3078/159/3 3166/159/3
f 2617/263/4 2753/35/4 3212/35/4 3211/263/4
f 2697/192/3 2622/33/3 3072/33/3 3113/192/3
f 2641/159/3 2714/159/3 3106/159/3 3107/159/3
f 2754/103/3 2651/268/3 3121/268/3 3124/103/3
f 2698/88/3 2623/29/3 3074/29/3 3115/88/3
f 2855/13/4 2844/16/4 3125/16/4 3198/13/4
f 2699/204/3 2624/238/3 3076/238/3 3167/204/3
f 2806/157/4 2794/158/4 3086/158/4 3207/157/4
f 2756/57/3 2669/231/3 3136/231/3 3213/57/3
f 2860/119/1 2652/118/1 3185/118/1 3242/119/1
f 2757/149/3 2677/229/3 3145/229/3 3214/149/3
f 2643/81/1 2865/101/1 3108/101/1 3109/81/1
f 2774/169/6 2750/252/6 3209/252/6 3215/169/6
f 2671/191/4 2702/211/4 3169/211/4 3140/191/4
f 2862/111/1 2654/110/1 3199/110/1 3243/111/1
f 2642/77/1 2831/5/1 3110/5/1 3111/77/1
f 2768/164/6 2696/255/6 3166/255/6 3171/164/6
f 2764/194/6 2641/214/6 3107/214/6 3112/194/6
f 2875/102/6 2752/235/6 3210/235/6 3217/102/6
f 2801/205/6 2699/204/6 3167/204/6 3172/205/6
f 2791/36/6 2757/149/6 3214/149/6 3218/36/6
f 2835/124/6 2697/192/6 3113/192/6 3173/124/6
f 2697/192/4 2646/8/4 3114/8/4 3113/192/4
f 2810/22/1 2613/21/1 3183/21/1 3137/22/1
f 2647/89/3 2698/88/3 3115/88/3 3116/89/3
f 2824/58/6 2756/57/6 3213/57/6 3219/58/6
f 2649/159/4 2690/159/4 3117/159/4 3118/159/4
f 2631/216/6 2813/215/6 3231/215/6 3088/216/6
f 2852/87/6 2701/125/6 3168/125/6 3175/87/6
f 2814/69/1 2637/68/1 3100/68/1 3232/69/1
f 2785/262/6 2703/165/6 3170/165/6 3176/262/6
f 2718/99/6 2871/98/6 3244/98/6 3186/99/6
f 2760/248/1 2680/279/1 3149/279/1 3077/248/1
f 2705/32/3 2642/77/3 3111/77/3 3071/32/3
f 2866/97/6 2647/89/6 3116/89/6 3119/97/6
f 2736/107/6 2873/106/6 3202/106/6 3200/107/6
f 2687/10/6 2817/9/6 3234/9/6 3160/10/6
f 2682/181/6 2762/266/6 3093/266/6 3151/181/6
f 2706/28/3 2643/81/3 3109/81/3 3073/28/3
f 2818/193/1 2697/192/1 3113/192/1 3235/193/1
f 2651/159/1 2877/159/1 3120/159/1 3121/159/1
f 2684/195/6 2764/194/6 3112/194/6 3153/195/6
f 2708/159/4 2621/159/4 3070/159/4 3177/159/4
f 2859/281/4 2875/102/4 3217/102/4 3065/281/4
f 2715/76/6 2820/75/6 3191/75/6 3184/76/6
f 2864/105/4 2874/108/4 3208/108/4 3101/105/4
f 2873/106/3 2862/111/3 3243/111/3 3202/106/3
f 2822/224/1 2733/223/1 3087/223/1 3236/224/1
f 2741/46/6 2823/45/6 3237/45/6 3205/46/6
f 2703/165/6 2768/164/6 3171/164/6 3170/165/6
f 2882/24/6 2656/104/6 3123/104/6 3122/24/6
f 2871/98/3 2860/119/3 3242/119/3 3244/98/3
f 2865/101/4 2870/112/4 3180/112/4 3108/101/4
f 2809/236/4 2824/58/4 3219/58/4 3135/236/4
f 2770/209/1 2721/208/1 3152/208/1 3189/209/1
f 2707/187/1 2802/199/1 3178/199/1 3075/187/1
f 2861/115/4 2869/94/4 3174/94/4 3081/115/4
f 2823/45/3 2814/69/3 3232/69/3 3237/45/3
f 2773/241/1 2748/256/1 3155/256/1 3223/241/1
f 2656/104/3 2754/103/3 3124/103/3 3123/104/3
f 2711/198/1 2819/31/1 3181/31/1 3143/198/1
f 2870/112/4 2861/115/4 3081/115/4 3180/112/4
f 2758/228/4 2774/169/4 3215/169/4 3059/228/4
f 3536/1/5 3527/4/5 3259/3/5 3341/2/5
f 3482/5/4 3761/5/4 3830/6/4 3487/6/4
f 3483/7/6 3576/7/6 3573/8/6 3297/8/6
f 3468/9/5 3459/12/5 3262/11/5 3338/10/5
f 3506/13/5 3495/16/5 3267/15/5 3375/14/5
f 3502/17/5 3493/20/5 3265/19/5 3339/18/5
f 3264/21/6 3547/21/6 3671/22/6 3461/22/6
f 3543/23/4 3871/23/4 3773/24/4 3533/24/4
f 3439/25/6 3848/25/6 3846/26/6 3381/26/6
f 3504/27/5 3496/30/5 3274/29/5 3357/28/5
f 3470/31/5 3462/34/5 3273/33/5 3356/32/5
f 3404/35/6 3863/35/6 3869/36/6 3442/36/6
f 3441/37/5 3430/40/5 3280/39/5 3394/38/5
f 3508/41/5 3497/44/5 3279/43/5 3393/42/5
f 3474/45/5 3463/48/5 3278/47/5 3392/46/5
f 3542/49/5 3531/52/5 3276/51/5 3395/50/5
f 3440/53/5 3431/56/5 3284/55/5 3386/54/5
f 3407/57/1 3602/57/1 3656/58/1 3475/58/1
f 3488/59/3 3890/59/3 3889/60/3 3477/60/3
f 3541/61/5 3532/64/5 3285/63/5 3382/62/5
f 3543/23/5 3533/24/5 3286/66/5 3400/65/5
f 3475/58/5 3465/69/5 3288/68/5 3402/67/5
f 3535/70/4 3580/70/4 3618/1/4 3536/1/4
f 3442/36/5 3432/72/5 3290/71/5 3404/35/5
f 3323/73/3 3595/73/3 3604/74/3 3398/74/3
f 3471/75/5 3466/78/5 3293/77/5 3366/76/5
f 3505/79/5 3500/82/5 3294/81/5 3367/80/5
f 3509/83/6 3655/83/6 3653/84/6 3406/84/6
f 3514/85/1 3682/85/1 3638/86/1 3306/86/1
f 3503/87/5 3501/90/5 3298/89/5 3349/88/5
f 3394/38/6 3735/38/6 3877/37/6 3441/37/6
f 3537/91/5 3535/70/5 3300/93/5 3346/92/5
f 3520/94/5 3517/97/5 3309/96/5 3351/95/5
f 3522/98/5 3516/101/5 3308/100/5 3369/99/5
f 3526/102/5 3515/105/5 3307/104/5 3405/103/5
f 3524/106/5 3514/85/5 3306/86/5 3387/107/5
f 3525/108/5 3513/111/5 3305/110/5 3396/109/5
f 3521/112/5 3512/115/5 3304/114/5 3360/113/5
f 3523/116/5 3511/119/5 3303/118/5 3378/117/5
f 3519/120/5 3518/123/5 3301/122/5 3342/121/5
f 3486/124/5 3483/7/5 3318/126/5 3352/125/5
f 3488/59/5 3482/5/5 3317/128/5 3370/127/5
f 3492/129/5 3481/131/5 3316/130/5 3406/84/5
f 3490/132/5 3480/135/5 3315/134/5 3388/133/5
f 3491/136/5 3479/139/5 3314/138/5 3397/137/5
f 3487/6/5 3478/142/5 3313/141/5 3361/140/5
f 3485/143/5 3484/146/5 3312/145/5 3343/144/5
f 3324/147/3 3597/147/3 3603/148/3 3389/148/3
f 3408/149/1 3610/149/1 3654/36/1 3442/36/1
f 3454/150/5 3448/153/5 3326/152/5 3371/151/5
f 3458/154/5 3447/156/5 3325/155/5 3407/57/5
f 3536/1/3 3900/1/3 3899/70/3 3535/70/3
f 3457/157/5 3445/158/5 3323/73/5 3398/74/5
f 3266/159/1 3717/159/1 3716/159/1 3510/159/1
f 3441/37/4 3703/37/4 3697/40/4 3430/40/4
f 3455/160/5 3444/163/5 3321/162/5 3380/161/5
f 3419/164/5 3416/167/5 3336/166/5 3354/165/5
f 3537/91/3 3901/91/3 3897/168/3 3530/168/3
f 3425/169/5 3414/171/5 3334/170/5 3408/149/5
f 3422/172/6 3847/172/6 3843/173/6 3373/173/6
f 3476/174/4 3714/174/4 3867/129/4 3492/129/4
f 3270/159/6 3549/159/6 3548/159/6 3426/159/6
f 3422/172/5 3410/176/5 3329/175/5 3381/26/5
f 3418/177/5 3417/180/5 3330/179/5 3345/178/5
f 3386/54/6 3645/54/6 3669/53/6 3440/53/6
f 3381/26/3 3846/26/3 3802/181/3 3333/181/3
f 3325/155/3 3599/155/3 3602/57/3 3407/57/3
f 3517/97/5 3519/120/5 3342/121/5 3309/96/5
f 3434/182/5 3435/185/5 3340/184/5 3299/183/5
f 3501/90/5 3502/17/5 3339/18/5 3298/89/5
f 3437/186/1 3833/186/1 3726/187/1 3358/187/1
f 3539/188/3 3903/188/3 3896/189/3 3529/189/3
f 3379/190/3 3785/190/3 3781/134/3 3315/134/3
f 3541/61/3 3905/61/3 3898/52/3 3531/52/3
f 3462/34/6 3790/34/6 3791/191/6 3322/191/6
f 3512/115/5 3520/94/5 3351/95/5 3304/114/5
f 3263/159/1 3715/159/1 3714/159/1 3476/159/1
f 3462/34/5 3469/193/5 3348/192/5 3273/33/5
f 3496/30/5 3503/87/5 3349/88/5 3274/29/5
f 3348/192/1 3572/192/1 3621/124/1 3486/124/1
f 3415/194/5 3420/197/5 3363/196/5 3335/195/5
f 3448/153/5 3453/199/5 3362/198/5 3326/152/5
f 3482/5/5 3487/6/5 3361/140/5 3317/128/5
f 3290/71/3 3689/71/3 3688/35/3 3404/35/3
f 3534/200/5 3538/203/5 3359/202/5 3291/201/5
f 3350/204/1 3574/204/1 3620/205/1 3452/205/1
f 3297/8/3 3573/8/3 3572/192/3 3348/192/3
f 3433/206/5 3437/186/5 3358/187/5 3295/207/5
f 3410/176/5 3421/209/5 3372/208/5 3329/175/5
f 3542/49/3 3906/49/3 3773/24/3 3533/24/3
f 3321/162/1 3789/162/1 3788/22/1 3461/22/1
f 3377/159/4 3845/159/4 3713/159/4 3261/159/4
f 3455/160/6 3642/160/6 3637/210/6 3376/210/6
f 3495/16/5 3505/79/5 3367/80/5 3267/15/5
f 3370/127/6 3838/127/6 3890/59/6 3488/59/6
f 3320/159/1 3787/159/1 3786/159/1 3460/159/1
f 3353/211/4 3600/211/4 3601/212/4 3327/212/4
f 3510/159/1 3681/159/1 3651/159/1 3302/159/1
f 3480/135/5 3489/213/5 3379/190/5 3315/134/5
f 3292/214/1 3571/214/1 3570/194/1 3415/194/1
f 3284/55/4 3743/55/4 3718/210/4 3376/210/4
f 3432/72/1 3876/72/1 3755/71/1 3290/71/1
f 3464/215/5 3472/218/5 3374/217/5 3282/216/5
f 3532/64/5 3540/220/5 3377/219/5 3285/63/5
f 3400/65/6 3708/65/6 3871/23/6 3543/23/6
f 3445/158/5 3456/221/5 3389/148/5 3323/73/5
f 3479/139/5 3490/132/5 3388/133/5 3314/138/5
f 3283/222/4 3741/222/4 3844/14/4 3375/14/4
f 3431/56/1 3801/56/1 3743/55/1 3284/55/1
f 3463/48/5 3473/224/5 3384/223/5 3278/47/5
f 3497/44/5 3507/226/5 3385/225/5 3279/43/5
f 3333/181/4 3640/181/4 3641/26/4 3381/26/4
f 3489/213/1 3677/213/1 3592/190/1 3379/190/1
f 3447/156/5 3457/157/5 3398/74/5 3325/155/5
f 3481/131/5 3491/136/5 3397/137/5 3316/130/5
f 3515/105/5 3525/108/5 3396/109/5 3307/104/5
f 3352/125/6 3819/125/6 3824/124/6 3486/124/6
f 3261/159/4 3713/159/4 3712/159/4 3364/159/4
f 3395/50/6 3748/50/6 3906/49/6 3542/49/6
f 3311/227/3 3777/227/3 3785/190/3 3379/190/3
f 3409/228/5 3425/169/5 3408/149/5 3328/229/5
f 3443/230/5 3458/154/5 3407/57/5 3320/231/5
f 3476/174/5 3492/129/5 3406/84/5 3310/232/5
f 3435/185/1 3667/185/1 3550/184/1 3340/184/1
f 3382/62/6 3733/62/6 3905/61/6 3541/61/6
f 3494/233/5 3509/83/5 3403/235/5 3266/234/5
f 3460/236/5 3475/58/5 3402/67/5 3263/237/5
f 3373/159/3 3843/159/3 3745/159/3 3281/159/3
f 3275/238/6 3727/238/6 3799/239/6 3429/239/6
f 3287/240/5 3391/242/5 3424/241/5 3414/171/5
f 3482/5/6 3569/5/6 3563/77/6 3293/77/6
f 3256/159/1 3711/159/1 3710/159/1 3409/159/1
f 3324/147/4 3597/147/4 3639/161/4 3380/161/4
f 3299/183/6 3575/183/6 3666/182/6 3434/182/6
f 3540/220/1 3904/220/1 3845/219/1 3377/219/1
f 3296/243/5 3337/244/5 3418/177/5 3416/167/5
f 3337/244/5 3257/245/5 3417/180/5 3418/177/5
f 3373/173/5 3260/246/5 3410/176/5 3422/172/5
f 3355/247/5 3271/249/5 3411/248/5 3420/197/5
f 3391/242/5 3277/251/5 3412/250/5 3424/241/5
f 3464/215/6 3596/215/6 3597/147/6 3324/147/6
f 3401/252/5 3287/240/5 3414/171/5 3425/169/5
f 3269/253/6 3719/253/6 3797/254/6 3428/254/6
f 3347/255/5 3296/243/5 3416/167/5 3419/164/5
f 3258/159/4 3709/159/4 3708/159/4 3400/159/4
f 3334/170/5 3399/256/5 3441/37/5 3432/72/5
f 3332/257/5 3390/258/5 3440/53/5 3430/40/5
f 3364/259/6 3712/259/6 3903/188/6 3539/188/6
f 3471/75/6 3842/75/6 3839/151/6 3371/151/6
f 3451/260/4 3617/260/4 3670/261/4 3450/261/4
f 3427/159/1 3795/159/1 3862/159/1 3268/159/1
f 3336/166/5 3345/178/5 3435/185/5 3434/182/5
f 3354/165/5 3336/166/5 3434/182/5 3436/262/5
f 3406/84/3 3653/84/3 3586/232/3 3310/232/3
f 3516/101/6 3568/101/6 3565/81/6 3294/81/6
f 3538/203/1 3902/203/1 3828/202/1 3359/202/1
f 3461/22/6 3693/22/6 3694/162/6 3321/162/6
f 3315/134/3 3781/134/3 3784/133/3 3388/133/3
f 3381/26/5 3329/175/5 3428/254/5 3439/25/5
f 3426/159/6 3875/159/6 3810/159/6 3330/159/6
f 3268/263/5 3404/35/5 3458/154/5 3443/230/5
f 3346/92/6 3720/92/6 3901/91/6 3537/91/6
f 3438/264/6 3841/264/6 3803/208/6 3372/208/6
f 3295/207/6 3567/207/6 3607/206/6 3433/206/6
f 3269/253/5 3368/265/5 3454/150/5 3444/163/5
f 3295/207/5 3358/187/5 3453/199/5 3448/153/5
f 3341/2/6 3768/2/6 3900/1/6 3536/1/6
f 3306/86/4 3638/86/4 3582/117/4 3378/117/4
f 3376/210/5 3269/253/5 3444/163/5 3455/160/5
f 3508/41/4 3650/41/4 3587/44/4 3497/44/4
f 3535/70/1 3899/70/1 3769/93/1 3300/93/1
f 3478/142/1 3730/142/1 3779/141/1 3313/141/1
f 3318/126/1 3783/126/1 3782/90/1 3501/90/1
f 3360/113/6 3701/113/6 3707/112/6 3521/112/6
f 3368/265/5 3295/207/5 3448/153/5 3454/150/5
f 3463/48/6 3594/48/6 3595/73/6 3323/73/6
f 3413/266/3 3744/266/3 3873/267/3 3423/267/3
f 3302/268/4 3651/268/4 3652/103/4 3405/103/4
f 3323/73/5 3389/148/5 3473/224/5 3463/48/5
f 3324/147/5 3380/161/5 3472/218/5 3464/215/5
f 3477/60/1 3889/60/1 3777/227/1 3311/227/1
f 3326/152/5 3362/198/5 3470/31/5 3466/78/5
f 3322/191/5 3353/211/5 3469/193/5 3462/34/5
f 3327/212/5 3344/270/5 3468/9/5 3467/269/5
f 3353/211/5 3327/212/5 3467/269/5 3469/193/5
f 3371/151/5 3326/152/5 3466/78/5 3471/75/5
f 3275/238/4 3619/238/4 3574/204/4 3350/204/4
f 3368/265/4 3566/265/4 3567/207/4 3295/207/4
f 3498/271/3 3678/271/3 3680/226/3 3507/226/3
f 3533/24/1 3773/24/1 3749/66/1 3286/66/1
f 3344/270/5 3319/272/5 3459/12/5 3468/9/5
f 3321/162/3 3694/162/3 3696/161/3 3380/161/3
f 3365/273/1 3757/273/1 3840/209/1 3421/209/1
f 3288/68/5 3392/46/5 3491/136/5 3481/131/5
f 3278/47/5 3384/223/5 3490/132/5 3479/139/5
f 3282/216/5 3374/217/5 3489/213/5 3480/135/5
f 3264/21/5 3366/76/5 3488/59/5 3477/60/5
f 3412/250/3 3872/250/3 3874/241/3 3424/241/3
f 3372/208/3 3803/208/3 3798/175/3 3329/175/3
f 3297/8/5 3338/10/5 3485/143/5 3483/7/5
f 3374/217/5 3264/21/5 3477/60/5 3489/213/5
f 3338/10/5 3262/11/5 3484/146/5 3485/143/5
f 3531/52/1 3898/52/1 3734/51/1 3276/51/1
f 3392/46/5 3278/47/5 3479/139/5 3491/136/5
f 3384/223/5 3282/216/5 3480/135/5 3490/132/5
f 3311/227/4 3777/227/4 3838/127/4 3370/127/4
f 3449/274/4 3577/274/4 3617/260/4 3451/260/4
f 3374/217/4 3546/217/4 3547/21/4 3264/21/4
f 3343/144/6 3614/144/6 3676/143/6 3485/143/6
f 3316/130/5 3397/137/5 3508/41/5 3499/275/5
f 3314/138/5 3388/133/5 3507/226/5 3497/44/5
f 3470/31/4 3832/31/4 3790/34/4 3462/34/4
f 3311/227/5 3370/127/5 3505/79/5 3495/16/5
f 3294/81/3 3565/81/3 3564/80/3 3367/80/3
f 3313/141/1 3779/141/1 3778/30/1 3496/30/1
f 3303/118/4 3836/118/4 3837/99/4 3369/99/4
f 3352/125/5 3318/126/5 3501/90/5 3503/87/5
f 3370/127/5 3317/128/5 3500/82/5 3505/79/5
f 3406/84/5 3316/130/5 3499/275/5 3509/83/5
f 3528/159/1 3771/159/1 3709/159/1 3258/159/1
f 3376/210/3 3637/210/3 3559/55/3 3284/55/3
f 3361/140/5 3313/141/5 3496/30/5 3504/27/5
f 3343/144/5 3312/145/5 3493/20/5 3502/17/5
f 3464/215/3 3882/215/3 3887/224/3 3473/224/3
f 3495/16/6 3776/16/6 3777/227/6 3311/227/6
f 3520/94/4 3825/94/4 3770/97/4 3517/97/4
f 3279/43/5 3385/225/5 3524/106/5 3513/111/5
f 3283/222/5 3375/14/5 3523/116/5 3514/85/5
f 3267/15/5 3367/80/5 3522/98/5 3511/119/5
f 3264/21/4 3834/21/4 3835/76/4 3366/76/4
f 3413/266/4 3744/266/4 3847/172/4 3422/172/4
f 3298/89/5 3339/18/5 3519/120/5 3517/97/5
f 3339/18/5 3265/19/5 3518/123/5 3519/120/5
f 3375/14/5 3267/15/5 3511/119/5 3523/116/5
f 3467/269/3 3884/269/3 3886/193/3 3469/193/3
f 3393/42/5 3279/43/5 3513/111/5 3525/108/5
f 3423/267/3 3873/267/3 3872/250/3 3412/250/3
f 3403/235/5 3289/276/5 3515/105/5 3526/102/5
f 3499/275/3 3679/275/3 3655/83/3 3509/83/3
f 3468/9/3 3885/9/3 3884/269/3 3467/269/3
f 3524/106/4 3853/106/4 3747/85/4 3514/85/4
f 3307/104/5 3396/109/5 3542/49/5 3533/24/5
f 3305/110/5 3387/107/5 3541/61/5 3531/52/5
f 3306/86/5 3378/117/5 3540/220/5 3532/64/5
f 3303/118/5 3369/99/5 3539/188/5 3529/189/5
f 3308/100/5 3360/113/5 3538/203/5 3534/200/5
f 3304/114/5 3351/95/5 3537/91/5 3530/168/5
f 3539/188/1 3687/188/1 3630/259/1 3364/259/1
f 3351/95/5 3309/96/5 3535/70/5 3537/91/5
f 3369/99/5 3308/100/5 3534/200/5 3539/188/5
f 3363/196/1 3808/196/1 3833/186/1 3437/186/1
f 3387/107/5 3306/86/5 3532/64/5 3541/61/5
f 3396/109/5 3305/110/5 3531/52/5 3542/49/5
f 3360/113/5 3304/114/5 3530/168/5 3538/203/5
f 3293/77/3 3563/77/3 3562/76/3 3366/76/3
f 3430/40/1 3665/40/1 3644/39/1 3280/39/1
f 3674/218/5 3671/22/5 3547/21/5 3546/217/5
f 3667/185/5 3548/278/5 3549/277/5 3550/184/5
f 3680/226/5 3678/271/5 3556/222/5 3555/225/5
f 3655/83/5 3679/275/5 3561/276/5 3560/235/5
f 3687/188/5 3686/200/5 3629/201/5 3630/259/5
f 3636/264/5 3607/206/5 3567/207/5 3566/265/5
f 3668/262/5 3666/182/5 3575/183/5 3574/204/5
f 3677/213/5 3675/60/5 3593/227/5 3592/190/5
f 3620/205/5 3577/274/5 3601/212/5 3600/211/5
f 3626/197/5 3657/248/5 3612/279/5 3611/196/5
f 3659/167/5 3660/177/5 3616/178/5 3615/166/5
f 3576/7/5 3676/143/5 3614/144/5 3613/126/5
f 3664/239/5 3668/262/5 3574/204/5 3619/238/5
f 3672/78/5 3673/31/5 3623/32/5 3563/77/5
f 3589/82/5 3627/27/5 3624/28/5 3565/81/5
f 3663/254/5 3636/264/5 3566/265/5 3632/253/5
f 3557/266/5 3661/172/5 3641/26/5 3640/181/5
f 3558/280/5 3642/160/5 3639/161/5 3597/147/5
f 3682/85/5 3683/116/5 3582/117/5 3638/86/5
f 3665/40/5 3669/53/5 3645/54/5 3644/39/5
f 3658/171/5 3662/241/5 3648/256/5 3606/170/5
f 3681/281/5 3684/102/5 3652/103/5 3651/268/5
f 3552/251/5 3553/282/5 3646/267/5 3551/250/5
f 3545/246/5 3631/273/5 3633/209/5 3544/176/5
f 3571/214/5 3622/247/5 3626/197/5 3570/194/5
f 3553/282/5 3554/283/5 3557/266/5 3646/267/5
f 3608/195/5 3611/196/5 3628/186/5 3607/206/5
f 3609/208/5 3608/195/5 3607/206/5 3636/264/5
f 3610/149/5 3606/170/5 3605/72/5 3654/36/5
f 3559/55/5 3637/210/5 3642/160/5 3558/280/5
f 3575/183/5 3550/184/5 3617/260/5 3577/274/5
f 3550/184/5 3549/277/5 3670/261/5 3617/260/5
f 3574/204/5 3575/183/5 3577/274/5 3620/205/5
f 3599/155/5 3604/74/5 3649/45/5 3598/69/5
f 3602/57/5 3599/155/5 3598/69/5 3656/58/5
f 3603/148/5 3597/147/5 3596/215/5 3647/224/5
f 3604/74/5 3595/73/5 3594/48/5 3649/45/5
f 3562/76/5 3563/77/5 3569/5/5 3634/59/5
f 3572/192/5 3573/8/5 3576/7/5 3621/124/5
f 3586/232/5 3653/84/5 3655/83/5 3585/233/5
f 3590/128/5 3625/140/5 3627/27/5 3589/82/5
f 3591/137/5 3588/138/5 3587/44/5 3650/41/5
f 3564/80/5 3565/81/5 3568/101/5 3635/98/5
f 3581/96/5 3583/121/5 3618/1/5 3580/70/5
f 3582/117/5 3579/118/5 3578/189/5 3643/220/5
f 3583/121/5 3584/122/5 3685/4/5 3618/1/5
f 3378/117/1 3582/117/1 3643/220/1 3540/220/1
f 3534/200/3 3686/200/3 3687/188/3 3539/188/3
f 3440/53/3 3669/53/3 3665/40/3 3430/40/3
f 3355/159/3 3622/159/3 3571/159/3 3292/159/3
f 3383/159/3 3553/159/3 3552/159/3 3277/159/3
f 3485/143/3 3676/143/3 3576/7/3 3483/7/3
f 3293/77/4 3563/77/4 3623/32/4 3356/32/4
f 3331/279/6 3612/279/6 3657/248/6 3411/248/6
f 3438/264/3 3636/264/3 3663/254/3 3428/254/3
f 3477/60/3 3675/60/3 3677/213/3 3489/213/3
f 3294/81/4 3565/81/4 3624/28/4 3357/28/4
f 3466/78/1 3672/78/1 3563/77/1 3293/77/1
f 3433/206/4 3607/206/4 3628/186/4 3437/186/4
f 3529/189/6 3578/189/6 3579/118/6 3303/118/6
f 3413/266/1 3557/266/1 3640/181/1 3333/181/1
f 3280/39/4 3644/39/4 3645/54/4 3386/54/4
f 3436/262/3 3668/262/3 3664/239/3 3429/239/3
f 3540/220/4 3643/220/4 3578/189/4 3529/189/4
f 3414/171/1 3658/171/1 3606/170/1 3334/170/1
f 3378/117/6 3582/117/6 3683/116/6 3523/116/6
f 3536/1/4 3618/1/4 3685/4/4 3527/4/4
f 3434/182/3 3666/182/3 3668/262/3 3436/262/3
f 3361/140/3 3625/140/3 3590/128/3 3317/128/3
f 3416/167/1 3659/167/1 3615/166/1 3336/166/1
f 3356/32/6 3623/32/6 3673/31/6 3470/31/6
f 3432/72/6 3605/72/6 3606/170/6 3334/170/6
f 3405/103/6 3652/103/6 3684/102/6 3526/102/6
f 3442/36/4 3654/36/4 3605/72/4 3432/72/4
f 3488/59/4 3634/59/4 3569/5/4 3482/5/4
f 3363/196/3 3611/196/3 3608/195/3 3335/195/3
f 3345/178/6 3616/178/6 3660/177/6 3418/177/6
f 3472/218/1 3674/218/1 3546/217/1 3374/217/1
f 3526/102/3 3684/102/3 3681/281/3 3510/281/3
f 3309/96/1 3581/96/1 3580/70/1 3535/70/1
f 3486/124/4 3621/124/4 3576/7/4 3483/7/4
f 3420/197/6 3626/197/6 3622/247/6 3355/247/6
f 3420/197/1 3626/197/1 3611/196/1 3363/196/1
f 3335/195/3 3608/195/3 3609/208/3 3372/208/3
f 3334/170/3 3606/170/3 3610/149/3 3408/149/3
f 3523/116/3 3683/116/3 3682/85/3 3514/85/3
f 3381/26/6 3641/26/6 3661/172/6 3422/172/6
f 3277/251/1 3552/251/1 3551/250/1 3412/250/1
f 3426/278/3 3548/278/3 3667/185/3 3435/185/3
f 3465/69/4 3598/69/4 3649/45/4 3474/45/4
f 3389/148/1 3603/148/1 3647/224/1 3473/224/1
f 3399/256/6 3648/256/6 3662/241/6 3424/241/6
f 3363/196/4 3611/196/4 3612/279/4 3331/279/4
f 3283/222/6 3556/222/6 3678/271/6 3498/271/6
f 3504/27/6 3627/27/6 3625/140/6 3361/140/6
f 3303/118/3 3579/118/3 3582/117/3 3378/117/3
f 3289/276/6 3561/276/6 3679/275/6 3499/275/6
f 3437/186/6 3628/186/6 3611/196/6 3363/196/6
f 3281/159/3 3554/159/3 3553/159/3 3383/159/3
f 3301/122/3 3584/122/3 3583/121/3 3342/121/3
f 3500/82/1 3589/82/1 3565/81/1 3294/81/1
f 3364/159/4 3630/159/4 3629/159/4 3291/159/4
f 3424/241/3 3662/241/3 3658/171/3 3414/171/3
f 3470/31/3 3673/31/3 3672/78/3 3466/78/3
f 3446/280/1 3558/280/1 3597/147/1 3324/147/1
f 3310/159/1 3586/159/1 3585/159/1 3494/159/1
f 3365/159/3 3631/159/3 3545/159/3 3260/159/3
f 3385/225/4 3555/225/4 3556/222/4 3283/222/4
f 3412/250/4 3551/250/4 3646/267/4 3423/267/4
f 3422/172/3 3661/172/3 3557/266/3 3413/266/3
f 3410/176/4 3544/176/4 3633/209/4 3421/209/4
f 3340/184/3 3550/184/3 3575/183/3 3299/183/3
f 3327/212/6 3601/212/6 3577/274/6 3449/274/6
f 3357/28/6 3624/28/6 3627/27/6 3504/27/6
f 3269/253/4 3632/253/4 3566/265/4 3368/265/4
f 3413/266/6 3557/266/6 3554/283/6 3281/283/6
f 3415/194/4 3570/194/4 3626/197/4 3420/197/4
f 3450/159/6 3670/159/6 3549/159/6 3270/159/6
f 3497/44/6 3587/44/6 3588/138/6 3314/138/6
f 3475/58/4 3656/58/4 3598/69/4 3465/69/4
f 3342/121/3 3583/121/3 3581/96/3 3309/96/3
f 3522/98/4 3635/98/4 3568/101/4 3516/101/4
f 3284/55/1 3559/55/1 3558/280/1 3446/280/1
f 3418/177/3 3660/177/3 3659/167/3 3416/167/3
f 3473/224/4 3647/224/4 3596/215/4 3464/215/4
f 3318/126/4 3613/126/4 3614/144/4 3343/144/4
f 3398/74/3 3604/74/3 3599/155/3 3325/155/3
f 3452/205/1 3620/205/1 3600/211/1 3353/211/1
f 3507/226/1 3680/226/1 3555/225/1 3385/225/1
f 3474/45/4 3649/45/4 3594/48/4 3463/48/4
f 3527/159/6 3685/159/6 3584/159/6 3301/159/6
f 3334/170/4 3606/170/4 3648/256/4 3399/256/4
f 3317/128/1 3590/128/1 3589/82/1 3500/82/1
f 3336/166/4 3615/166/4 3616/178/4 3345/178/4
f 3509/83/1 3655/83/1 3560/235/1 3403/235/1
f 3421/209/6 3633/209/6 3631/273/6 3365/273/6
f 3411/248/3 3657/248/3 3626/197/3 3420/197/3
f 3380/161/6 3639/161/6 3642/160/6 3455/160/6
f 3494/233/4 3585/233/4 3655/83/4 3509/83/4
f 3461/22/3 3671/22/3 3674/218/3 3472/218/3
f 3366/76/1 3562/76/1 3634/59/1 3488/59/1
f 3403/235/4 3560/235/4 3561/276/4 3289/276/4
f 3423/267/4 3646/267/4 3557/266/4 3413/266/4
f 3367/80/1 3564/80/1 3635/98/1 3522/98/1
f 3311/227/6 3593/227/6 3675/60/6 3477/60/6
f 3372/208/1 3609/208/1 3636/264/1 3438/264/1
f 3314/138/3 3588/138/3 3591/137/3 3397/137/3
f 3291/201/6 3629/201/6 3686/200/6 3534/200/6
f 3397/137/1 3591/137/1 3650/41/1 3508/41/1
f 3260/246/1 3545/246/1 3544/176/1 3410/176/1
f 3379/190/4 3592/190/4 3593/227/4 3311/227/4
f 3428/254/1 3663/254/1 3632/253/1 3269/253/1
f 3429/239/1 3664/239/1 3619/238/1 3275/238/1
f 3483/7/1 3576/7/1 3613/126/1 3318/126/1
f 3705/260/5 3691/261/5 3692/272/5 3695/270/5
f 3706/101/5 3707/112/5 3701/113/5 3700/100/5
f 3699/256/5 3698/257/5 3697/40/5 3703/37/5
f 3688/35/5 3689/71/5 3690/156/5 3704/154/5
f 3696/161/5 3694/162/5 3693/22/5 3702/218/5
f 3450/261/3 3691/261/3 3705/260/3 3451/260/3
f 3516/101/1 3706/101/1 3700/100/1 3308/100/1
f 3399/256/1 3699/256/1 3703/37/1 3441/37/1
f 3447/156/6 3690/156/6 3689/71/6 3290/71/6
f 3472/218/4 3702/218/4 3693/22/4 3461/22/4
f 3521/112/3 3707/112/3 3706/101/3 3516/101/3
f 3380/161/1 3696/161/1 3702/218/1 3472/218/1
f 3430/40/6 3697/40/6 3698/257/6 3332/257/6
f 3308/100/4 3700/100/4 3701/113/4 3360/113/4
f 3458/154/4 3704/154/4 3690/156/4 3447/156/4
f 3319/159/6 3692/159/6 3691/159/6 3450/159/6
f 3344/270/4 3695/270/4 3692/272/4 3319/272/4
f 3404/35/1 3688/35/1 3704/154/1 3458/154/1
f 3332/257/3 3698/257/3 3699/256/3 3399/256/3
f 3451/260/1 3705/260/1 3695/270/1 3344/270/1
f 3904/220/5 3896/189/5 3713/284/5 3845/219/5
f 3848/25/5 3797/254/5 3719/253/5 3718/210/5
f 3833/186/5 3799/239/5 3727/238/5 3726/187/5
f 3902/203/5 3897/168/5 3721/285/5 3828/202/5
f 3887/224/5 3882/215/5 3739/216/5 3738/223/5
f 3886/193/5 3884/269/5 3765/8/5 3764/192/5
f 3852/221/5 3746/280/5 3793/147/5 3792/148/5
f 3829/199/5 3731/286/5 3791/191/5 3794/198/5
f 3840/209/5 3763/194/5 3804/195/5 3803/208/5
f 3873/267/5 3744/266/5 3802/181/5 3805/258/5
f 3874/241/5 3872/250/5 3807/257/5 3806/256/5
f 3879/274/5 3880/260/5 3814/270/5 3813/212/5
f 3884/269/5 3885/9/5 3811/10/5 3765/8/5
f 3899/70/5 3900/1/5 3768/2/5 3769/93/5
f 3728/248/5 3822/164/5 3821/165/5 3800/279/5
f 3731/286/5 3823/205/5 3820/211/5 3791/191/5
f 3730/142/5 3824/124/5 3819/125/5 3779/141/5
f 3897/168/5 3901/91/5 3720/92/5 3721/285/5
f 3878/163/5 3881/150/5 3839/151/5 3789/162/5
f 3889/60/5 3890/59/5 3838/127/5 3777/227/5
f 3893/119/5 3895/98/5 3837/99/5 3836/118/5
f 3788/22/5 3842/75/5 3835/76/5 3834/21/5
f 3896/189/5 3903/188/5 3712/259/5 3713/284/5
f 3801/56/5 3848/25/5 3718/210/5 3743/55/5
f 3780/271/5 3849/13/5 3844/14/5 3741/222/5
f 3872/250/5 3873/267/5 3805/258/5 3807/257/5
f 3894/111/5 3853/106/5 3851/107/5 3850/110/5
f 3898/52/5 3905/61/5 3733/62/5 3734/51/5
f 3773/24/5 3906/49/5 3748/50/5 3749/66/5
f 3883/69/5 3888/45/5 3856/46/5 3751/68/5
f 3891/275/5 3892/41/5 3857/42/5 3753/276/5
f 3876/72/5 3877/37/5 3735/38/5 3755/71/5
f 3795/287/5 3869/36/5 3863/35/5 3862/263/5
f 3771/288/5 3871/23/5 3708/65/5 3709/289/5
f 3711/290/5 3860/252/5 3866/169/5 3710/228/5
f 3745/283/5 3843/173/5 3847/172/5 3744/266/5
f 3729/249/5 3817/255/5 3822/164/5 3728/248/5
f 3757/273/5 3758/214/5 3763/194/5 3840/209/5
f 3796/229/5 3865/149/5 3869/36/5 3795/287/5
f 3802/181/5 3846/26/5 3848/25/5 3801/56/5
f 3798/175/5 3803/208/5 3841/264/5 3797/254/5
f 3800/279/5 3821/165/5 3827/262/5 3799/239/5
f 3805/258/5 3802/181/5 3801/56/5 3855/53/5
f 3808/196/5 3800/279/5 3799/239/5 3833/186/5
f 3809/178/5 3810/179/5 3875/278/5 3815/185/5
f 3755/71/5 3735/38/5 3858/157/5 3754/156/5
f 3736/39/5 3742/54/5 3852/221/5 3737/158/5
f 3727/238/5 3818/204/5 3823/205/5 3731/286/5
f 3726/187/5 3727/238/5 3731/286/5 3829/199/5
f 3735/38/5 3736/39/5 3737/158/5 3858/157/5
f 3742/54/5 3743/55/5 3746/280/5 3852/221/5
f 3787/231/5 3864/57/5 3870/58/5 3786/236/5
f 3789/162/5 3839/151/5 3842/75/5 3788/22/5
f 3794/198/5 3791/191/5 3790/34/5 3832/31/5
f 3715/237/5 3750/67/5 3867/129/5 3714/174/5
f 3762/77/5 3722/32/5 3830/6/5 3761/5/5
f 3723/33/5 3764/192/5 3824/124/5 3730/142/5
f 3722/32/5 3723/33/5 3730/142/5 3830/6/5
f 3750/67/5 3751/68/5 3756/131/5 3867/129/5
f 3781/134/5 3785/190/5 3849/13/5 3780/271/5
f 3779/141/5 3819/125/5 3826/87/5 3778/30/5
f 3783/126/5 3812/144/5 3816/17/5 3782/90/5
f 3784/133/5 3781/134/5 3780/271/5 3854/226/5
f 3785/190/5 3777/227/5 3776/16/5 3849/13/5
f 3717/234/5 3861/235/5 3868/102/5 3716/281/5
f 3753/276/5 3857/42/5 3859/108/5 3752/105/5
f 3760/81/5 3724/28/5 3831/112/5 3759/101/5
f 3725/29/5 3766/88/5 3825/94/5 3732/115/5
f 3724/28/5 3725/29/5 3732/115/5 3831/112/5
f 3740/225/5 3741/222/5 3747/85/5 3853/106/5
f 3766/88/5 3767/89/5 3770/97/5 3825/94/5
f 3772/268/5 3775/103/5 3871/23/5 3771/288/5
f 3775/103/5 3774/104/5 3773/24/5 3871/23/5
f 3389/148/4 3792/148/4 3793/147/4 3324/147/4
f 3441/37/3 3877/37/3 3876/72/3 3432/72/3
f 3530/168/3 3897/168/3 3902/203/3 3538/203/3
f 3529/189/3 3896/189/3 3904/220/3 3540/220/3
f 3376/210/4 3718/210/4 3719/253/4 3269/253/4
f 3428/254/4 3797/254/4 3841/264/4 3438/264/4
f 3487/6/4 3830/6/4 3730/142/4 3478/142/4
f 3328/159/1 3796/159/1 3795/159/1 3427/159/1
f 3272/159/4 3721/159/4 3720/159/4 3346/159/4
f 3429/239/4 3799/239/4 3827/262/4 3436/262/4
f 3329/175/1 3798/175/1 3797/254/1 3428/254/1
f 3273/33/3 3723/33/3 3722/32/3 3356/32/3
f 3386/54/3 3742/54/3 3736/39/3 3280/39/3
f 3274/29/3 3725/29/3 3724/28/3 3357/28/3
f 3492/129/4 3867/129/4 3756/131/4 3481/131/4
f 3305/110/4 3850/110/4 3851/107/4 3387/107/4
f 3271/249/1 3729/249/1 3728/248/1 3411/248/1
f 3440/53/4 3855/53/4 3801/56/4 3431/56/4
f 3332/257/4 3807/257/4 3805/258/4 3390/258/4
f 3276/159/4 3734/159/4 3733/159/4 3382/159/4
f 3428/254/3 3797/254/3 3848/25/3 3439/25/3
f 3435/185/4 3815/185/4 3875/278/4 3426/278/4
f 3385/225/1 3740/225/1 3853/106/1 3524/106/1
f 3372/208/4 3803/208/4 3804/195/4 3335/195/4
f 3498/271/1 3780/271/1 3741/222/1 3283/222/1
f 3499/275/1 3891/275/1 3753/276/1 3289/276/1
f 3444/163/1 3878/163/1 3789/162/1 3321/162/1
f 3280/39/3 3736/39/3 3735/38/3 3394/38/3
f 3388/133/1 3784/133/1 3854/226/1 3507/226/1
f 3399/256/4 3806/256/4 3807/257/4 3332/257/4
f 3390/258/1 3805/258/1 3855/53/1 3440/53/1
f 3331/279/3 3800/279/3 3808/196/3 3363/196/3
f 3324/147/6 3793/147/6 3746/280/6 3446/280/6
f 3288/68/4 3751/68/4 3856/46/4 3392/46/4
f 3330/179/3 3810/179/3 3809/178/3 3345/178/3
f 3449/274/1 3879/274/1 3813/212/1 3327/212/1
f 3297/8/4 3765/8/4 3811/10/4 3338/10/4
f 3384/223/4 3738/223/4 3739/216/4 3282/216/4
f 3375/14/6 3844/14/6 3849/13/6 3506/13/6
f 3283/222/3 3741/222/3 3740/225/3 3385/225/3
f 3344/270/6 3814/270/6 3880/260/6 3451/260/6
f 3284/55/3 3743/55/3 3742/54/3 3386/54/3
f 3393/42/6 3857/42/6 3892/41/6 3508/41/6
f 3353/211/6 3820/211/6 3823/205/6 3452/205/6
f 3453/199/1 3829/199/1 3794/198/1 3362/198/1
f 3281/283/1 3745/283/1 3744/266/1 3413/266/1
f 3371/151/6 3839/151/6 3881/150/6 3454/150/6
f 3343/144/3 3812/144/3 3783/126/3 3318/126/3
f 3508/41/3 3892/41/3 3891/275/3 3499/275/3
f 3327/212/4 3813/212/4 3814/270/4 3344/270/4
f 3446/280/6 3746/280/6 3743/55/6 3284/55/6
f 3456/221/1 3852/221/1 3792/148/1 3389/148/1
f 3514/85/6 3747/85/6 3741/222/6 3283/222/6
f 3286/159/4 3749/159/4 3748/159/4 3395/159/4
f 3525/108/6 3859/108/6 3857/42/6 3393/42/6
f 3288/68/3 3751/68/3 3750/67/3 3402/67/3
f 3496/30/4 3778/30/4 3826/87/4 3503/87/4
f 3447/156/4 3754/156/4 3858/157/4 3457/157/4
f 3501/90/4 3782/90/4 3816/17/4 3502/17/4
f 3445/158/4 3737/158/4 3852/221/4 3456/221/4
f 3345/178/1 3809/178/1 3815/185/1 3435/185/1
f 3502/17/6 3816/17/6 3812/144/6 3343/144/6
f 3289/276/1 3753/276/1 3752/105/1 3515/105/1
f 3454/150/3 3881/150/3 3878/163/3 3444/163/3
f 3290/71/1 3755/71/1 3754/156/1 3447/156/1
f 3401/159/3 3860/159/3 3711/159/3 3256/159/3
f 3481/131/6 3756/131/6 3751/68/6 3288/68/6
f 3507/226/4 3854/226/4 3780/271/4 3498/271/4
f 3402/67/3 3750/67/3 3715/237/3 3263/237/3
f 3451/260/3 3880/260/3 3879/274/3 3449/274/3
f 3403/235/3 3861/235/3 3717/234/3 3266/234/3
f 3347/159/3 3817/159/3 3729/159/3 3271/159/3
f 3268/263/4 3862/263/4 3863/35/4 3404/35/4
f 3348/192/3 3764/192/3 3723/33/3 3273/33/3
f 3292/159/3 3758/159/3 3757/159/3 3365/159/3
f 3405/103/3 3775/103/3 3772/268/3 3302/268/3
f 3349/88/3 3766/88/3 3725/29/3 3274/29/3
f 3506/13/4 3849/13/4 3776/16/4 3495/16/4
f 3350/204/3 3818/204/3 3727/238/3 3275/238/3
f 3457/157/4 3858/157/4 3737/158/4 3445/158/4
f 3407/57/3 3864/57/3 3787/231/3 3320/231/3
f 3511/119/1 3893/119/1 3836/118/1 3303/118/1
f 3408/149/3 3865/149/3 3796/229/3 3328/229/3
f 3294/81/1 3760/81/1 3759/101/1 3516/101/1
f 3425/169/6 3866/169/6 3860/252/6 3401/252/6
f 3322/191/4 3791/191/4 3820/211/4 3353/211/4
f 3513/111/1 3894/111/1 3850/110/1 3305/110/1
f 3293/77/1 3762/77/1 3761/5/1 3482/5/1
f 3419/164/6 3822/164/6 3817/255/6 3347/255/6
f 3415/194/6 3763/194/6 3758/214/6 3292/214/6
f 3526/102/6 3868/102/6 3861/235/6 3403/235/6
f 3452/205/6 3823/205/6 3818/204/6 3350/204/6
f 3442/36/6 3869/36/6 3865/149/6 3408/149/6
f 3486/124/6 3824/124/6 3764/192/6 3348/192/6
f 3348/192/4 3764/192/4 3765/8/4 3297/8/4
f 3461/22/1 3788/22/1 3834/21/1 3264/21/1
f 3298/89/3 3767/89/3 3766/88/3 3349/88/3
f 3475/58/6 3870/58/6 3864/57/6 3407/57/6
f 3300/159/4 3769/159/4 3768/159/4 3341/159/4
f 3282/216/6 3739/216/6 3882/215/6 3464/215/6
f 3503/87/6 3826/87/6 3819/125/6 3352/125/6
f 3465/69/1 3883/69/1 3751/68/1 3288/68/1
f 3436/262/6 3827/262/6 3821/165/6 3354/165/6
f 3369/99/6 3837/99/6 3895/98/6 3522/98/6
f 3411/248/1 3728/248/1 3800/279/1 3331/279/1
f 3356/32/3 3722/32/3 3762/77/3 3293/77/3
f 3517/97/6 3770/97/6 3767/89/6 3298/89/6
f 3387/107/6 3851/107/6 3853/106/6 3524/106/6
f 3338/10/6 3811/10/6 3885/9/6 3468/9/6
f 3333/181/6 3802/181/6 3744/266/6 3413/266/6
f 3357/28/3 3724/28/3 3760/81/3 3294/81/3
f 3469/193/1 3886/193/1 3764/192/1 3348/192/1
f 3302/159/1 3772/159/1 3771/159/1 3528/159/1
f 3335/195/6 3804/195/6 3763/194/6 3415/194/6
f 3359/159/4 3828/159/4 3721/159/4 3272/159/4
f 3510/281/4 3716/281/4 3868/102/4 3526/102/4
f 3366/76/6 3835/76/6 3842/75/6 3471/75/6
f 3515/105/4 3752/105/4 3859/108/4 3525/108/4
f 3524/106/3 3853/106/3 3894/111/3 3513/111/3
f 3473/224/1 3887/224/1 3738/223/1 3384/223/1
f 3392/46/6 3856/46/6 3888/45/6 3474/45/6
f 3354/165/6 3821/165/6 3822/164/6 3419/164/6
f 3533/24/6 3773/24/6 3774/104/6 3307/104/6
f 3522/98/3 3895/98/3 3893/119/3 3511/119/3
f 3516/101/4 3759/101/4 3831/112/4 3521/112/4
f 3460/236/4 3786/236/4 3870/58/4 3475/58/4
f 3421/209/1 3840/209/1 3803/208/1 3372/208/1
f 3358/187/1 3726/187/1 3829/199/1 3453/199/1
f 3512/115/4 3732/115/4 3825/94/4 3520/94/4
f 3474/45/3 3888/45/3 3883/69/3 3465/69/3
f 3424/241/1 3874/241/1 3806/256/1 3399/256/1
f 3307/104/3 3774/104/3 3775/103/3 3405/103/3
f 3362/198/1 3794/198/1 3832/31/1 3470/31/1
f 3521/112/4 3831/112/4 3732/115/4 3512/115/4
f 3409/228/4 3710/228/4 3866/169/4 3425/169/4
