# Blender 4.3.2
# www.blender.org
o Hair
v -0.018063 0.424079 0.090267
v 0.016366 0.425286 0.087879
v -0.018063 0.438045 0.056950
v 0.019492 0.438556 0.054425
v -0.023661 0.392121 0.108761
v 0.022977 0.390729 0.109284
v -0.023866 0.326572 0.115027
v 0.028813 0.326578 0.115027
v -0.011991 0.300215 0.106620
v 0.020483 0.296236 0.105208
v 0.004404 0.281837 0.096585
v 0.016816 0.268930 0.086484
v 0.028693 0.356626 0.118194
v -0.026839 0.356625 0.118196
v 0.042340 0.419946 0.085411
v 0.050676 0.431850 0.052338
v 0.081847 0.384790 0.085476
v 0.097179 0.398377 0.045046
v 0.095104 0.339253 0.065799
v 0.108533 0.351154 0.030388
v 0.108267 0.295565 0.041766
v 0.112719 0.325370 0.031101
v -0.049077 0.419877 0.088005
v -0.048459 0.436984 0.056193
v -0.084765 0.384525 0.086367
v -0.093299 0.401466 0.047422
v -0.097699 0.342857 0.076352
v -0.107549 0.356935 0.043124
v -0.104440 0.298165 0.054177
v -0.109468 0.324147 0.043870
v -0.045168 0.396569 0.100688
v 0.042663 0.394605 0.100920
v -0.065580 0.356885 0.102145
v -0.090823 0.340349 0.082432
v -0.077453 0.333343 0.095845
v -0.091277 0.317663 0.081377
v -0.086997 0.297022 0.082306
v 0.061242 0.362975 0.102754
v 0.091304 0.335670 0.077835
v 0.074628 0.326279 0.092481
v 0.089044 0.313132 0.083160
v 0.077780 0.295212 0.090490
v 0.047613 0.330068 0.109952
v 0.065507 0.333558 0.101463
v 0.057851 0.316948 0.105904
v 0.072664 0.307965 0.096554
v -0.041959 0.329292 0.109805
v -0.066259 0.333163 0.100095
v -0.056105 0.317619 0.105449
v -0.070714 0.307090 0.096374
v -0.019099 0.460322 0.024312
v 0.019492 0.460833 0.023859
v -0.017545 0.471201 -0.016615
v 0.019492 0.471712 -0.016032
v -0.018063 0.469129 -0.070494
v 0.019492 0.469640 -0.068875
v -0.018063 0.441671 -0.113493
v 0.019492 0.442182 -0.116018
v -0.016898 0.398616 -0.138018
v 0.020657 0.399127 -0.140544
v -0.016531 0.322893 -0.144980
v 0.020964 0.323808 -0.148190
v -0.018063 0.297764 -0.140950
v 0.019492 0.298275 -0.143476
v 0.053651 0.453347 0.018286
v 0.091421 0.417914 0.010567
v -0.051287 0.453739 0.022367
v -0.083221 0.421184 0.013082
v 0.103203 0.354689 -0.005983
v -0.106907 0.356351 0.005992
v 0.098823 0.317218 0.020171
v 0.094404 0.312972 -0.004518
v 0.095664 0.293175 0.016767
v 0.085133 0.268122 0.007534
v -0.102929 0.314101 0.035773
v -0.101228 0.306944 0.010033
v -0.099728 0.293411 0.025364
v -0.096259 0.273191 0.011203
v 0.058498 0.457961 -0.017751
v 0.098805 0.420149 -0.025988
v -0.053489 0.458380 -0.017022
v -0.087567 0.423638 -0.023304
v 0.111378 0.352677 -0.043650
v -0.112845 0.358595 -0.035129
v 0.102943 0.304854 -0.040322
v -0.107739 0.302420 -0.033060
v 0.050892 0.459766 -0.072414
v 0.086282 0.426567 -0.079646
v -0.047432 0.460134 -0.068590
v -0.077354 0.429631 -0.075735
v 0.097321 0.367327 -0.095153
v -0.099547 0.370179 -0.090456
v 0.096601 0.311386 -0.096421
v -0.101751 0.309430 -0.092752
v 0.061207 0.404969 -0.125596
v -0.057539 0.407192 -0.123886
v 0.069218 0.375769 -0.133567
v -0.073644 0.376899 -0.123517
v -0.041182 0.438163 -0.111994
v 0.042994 0.433843 -0.118489
v 0.099145 0.269077 -0.031902
v -0.103940 0.268000 -0.024599
v 0.091296 0.286188 -0.094876
v -0.096445 0.284977 -0.091131
v 0.021037 0.356146 -0.146315
v -0.016458 0.355231 -0.143105
v 0.064514 0.316406 -0.125100
v -0.071107 0.318699 -0.125309
v 0.064514 0.288096 -0.125100
v -0.071107 0.290389 -0.125309
v -0.018063 0.212039 -0.140950
v 0.019492 0.212550 -0.143476
v 0.099145 0.193144 -0.050408
v -0.103940 0.192067 -0.043105
v 0.091296 0.203611 -0.094876
v -0.096445 0.202401 -0.091131
v 0.064514 0.205519 -0.125100
v -0.071107 0.207812 -0.125309
v -0.096445 0.252032 -0.091131
v -0.103940 0.218370 -0.008570
v 0.064514 0.255150 -0.125100
v 0.019492 0.262180 -0.143476
v -0.018063 0.261670 -0.140950
v -0.071107 0.257443 -0.125309
v 0.091296 0.253242 -0.094876
v 0.099145 0.219447 -0.015874
v 0.108335 0.188639 -0.014525
v -0.116213 0.185393 -0.009111
v -0.098672 0.180468 0.022247
v 0.093877 0.179344 0.015338
v 0.091293 0.235883 -0.000109
v -0.096089 0.234889 0.006631
v -0.082719 0.190551 0.040082
v 0.077924 0.191403 0.034305
vn -0.0568 0.7429 0.6670
vn 0.1093 0.7659 0.6335
vn -0.0520 0.8794 0.4732
vn 0.1239 0.8685 0.4800
vn -0.1329 0.3705 0.9193
vn 0.1504 0.3874 0.9096
vn 0.0006 -0.1885 0.9821
vn 0.0007 -0.1976 0.9803
vn 0.0062 -0.3684 0.9297
vn 0.0099 -0.4168 0.9089
vn 0.0186 -0.5289 0.8485
vn 0.1818 0.1158 0.9765
vn -0.1726 0.0978 0.9801
vn 0.3654 0.6970 0.6169
vn 0.4417 0.7780 0.4467
vn 0.6850 0.3549 0.6363
vn 0.8628 0.4238 0.2758
vn 0.9113 0.0937 0.4009
vn 0.9879 0.0641 0.1412
vn 0.9016 0.0826 0.4247
vn -0.3656 0.6669 0.6493
vn -0.3941 0.8149 0.4249
vn -0.6979 0.3608 0.6187
vn -0.8463 0.4848 0.2210
vn -0.9338 0.1243 0.3355
vn -0.9785 0.1430 0.1487
vn -0.9425 0.0130 0.3340
vn -0.3120 0.3481 0.8840
vn 0.3391 0.4028 0.8501
vn -0.4711 0.1049 0.8758
vn -0.6583 0.0041 0.7527
vn -0.6609 -0.0017 0.7505
vn -0.6867 -0.0628 0.7242
vn 0.4862 0.1576 0.8595
vn 0.6224 0.0291 0.7822
vn 0.6107 0.0379 0.7910
vn 0.5801 0.0602 0.8123
vn 0.4439 0.0189 0.8959
vn 0.4540 0.0173 0.8908
vn 0.4804 0.0130 0.8769
vn -0.3983 -0.0431 0.9162
vn -0.4100 -0.0239 0.9118
vn -0.4379 0.0235 0.8987
vn -0.1046 0.9150 0.3897
vn 0.1330 0.9014 0.4120
vn -0.1533 0.9834 0.0975
vn 0.1463 0.9837 0.1046
vn -0.1484 0.9480 -0.2815
vn 0.1328 0.9552 -0.2646
vn -0.1268 0.6937 -0.7090
vn 0.0851 0.7036 -0.7055
vn -0.1590 0.2920 -0.9431
vn 0.0726 0.3132 -0.9469
vn -0.1964 -0.0367 -0.9798
vn 0.1599 -0.0711 -0.9846
vn -0.1871 -0.0575 -0.9807
vn 0.1655 -0.0706 -0.9837
vn 0.4641 0.8189 0.3376
vn 0.8380 0.5056 0.2054
vn -0.4617 0.8371 0.2934
vn -0.8190 0.5528 0.1540
vn 0.9975 -0.0042 0.0704
vn -0.9914 0.1154 0.0620
vn 0.9593 -0.2123 -0.1864
vn 0.9790 -0.2002 -0.0381
vn 0.9486 -0.2018 -0.2438
vn -0.9925 -0.1198 -0.0253
vn -0.9926 -0.1172 0.0310
vn -0.9892 -0.1434 -0.0298
vn 0.5220 0.8493 0.0791
vn 0.8909 0.4526 0.0380
vn -0.5308 0.8452 0.0627
vn -0.8498 0.5267 0.0201
vn 0.9999 0.0128 -0.0089
vn -0.9898 0.1421 -0.0143
vn 0.9877 -0.1496 -0.0465
vn -0.9927 -0.1057 -0.0582
vn 0.4616 0.8411 -0.2818
vn 0.7886 0.5189 -0.3299
vn -0.4863 0.8367 -0.2519
vn -0.7764 0.5585 -0.2921
vn 0.8957 0.1000 -0.4334
vn -0.8973 0.2023 -0.3923
vn 0.8844 -0.1100 -0.4535
vn -0.9053 -0.0714 -0.4187
vn 0.5103 0.4020 -0.7602
vn -0.4924 0.4002 -0.7729
vn 0.5643 0.1234 -0.8163
vn -0.6016 0.1848 -0.7771
vn -0.3748 0.6573 -0.6539
vn 0.3482 0.6270 -0.6968
vn 0.9964 -0.0547 -0.0640
vn -0.9971 -0.0550 -0.0532
vn 0.8963 -0.0808 -0.4360
vn -0.9170 -0.0808 -0.3907
vn 0.1235 0.0592 -0.9906
vn -0.1983 0.0783 -0.9770
vn 0.5671 -0.0873 -0.8190
vn -0.5531 -0.0254 -0.8327
vn 0.5695 -0.0438 -0.8208
vn -0.5595 -0.0421 -0.8278
vn -0.1791 -0.0000 -0.9838
vn 0.1685 -0.0000 -0.9857
vn 0.9925 0.1139 -0.0443
vn -0.9908 0.1314 -0.0330
vn 0.9242 0.0280 -0.3808
vn -0.9425 0.0258 -0.3333
vn 0.5901 -0.0000 -0.8073
vn -0.5900 -0.0000 -0.8074
vn -0.9319 0.0021 -0.3627
vn -0.9772 0.1335 0.1651
vn 0.5783 -0.0000 -0.8158
vn 0.1595 -0.0000 -0.9872
vn -0.1760 -0.0000 -0.9844
vn -0.5727 -0.0000 -0.8198
vn 0.9131 0.0021 -0.4078
vn 0.9806 0.1169 0.1572
vn 0.9476 0.2887 0.1365
vn -0.9292 0.3436 0.1359
vn 0.9213 0.0738 0.3819
vn -0.9171 0.0756 0.3915
vt 0.876392 0.697075
vt 0.897525 0.651192
vt 0.951895 0.661911
vt 0.928206 0.718206
vt 0.822517 0.685765
vt 0.845398 0.620544
vt 0.799728 0.589501
vt 0.766283 0.672135
vt 0.723105 0.649512
vt 0.754838 0.571125
vt 0.689087 0.615180
vt 0.702364 0.564314
vt 0.667737 0.578210
vt 0.650889 0.549830
vt 0.907831 0.613917
vt 0.962754 0.611276
vt 0.894225 0.534653
vt 0.964000 0.520573
vt 0.891399 0.454062
vt 0.952512 0.441731
vt 0.895261 0.373162
vt 0.933988 0.405110
vt 0.908223 0.763564
vt 0.857521 0.739042
vt 0.846319 0.836283
vt 0.795101 0.784994
vt 0.779500 0.877603
vt 0.736719 0.831915
vt 0.728100 0.897088
vt 0.680637 0.894769
vt 0.821841 0.721172
vt 0.867452 0.596349
vt 0.754081 0.739702
vt 0.721620 0.789296
vt 0.713084 0.757206
vt 0.684310 0.787531
vt 0.650889 0.778205
vt 0.839802 0.546680
vt 0.810442 0.488675
vt 0.844514 0.470131
vt 0.774725 0.453164
vt 0.810772 0.453871
vt 0.782116 0.538534
vt 0.804148 0.514994
vt 0.774096 0.512273
vt 0.777427 0.480888
vt 0.715387 0.734818
vt 0.717010 0.691538
vt 0.671680 0.736370
vt 0.693708 0.711777
vt 0.555005 0.447574
vt 0.557388 0.520558
vt 0.492037 0.514849
vt 0.490183 0.459214
vt 0.438137 0.512615
vt 0.436069 0.470170
vt 0.384217 0.511286
vt 0.380662 0.477196
vt 0.335740 0.512632
vt 0.335974 0.479947
vt 0.291260 0.516961
vt 0.290498 0.480762
vt 0.244133 0.479528
vt 0.246889 0.522018
vt 0.208096 0.526113
vt 0.204778 0.477898
vt 0.171637 0.529072
vt 0.169611 0.473091
vt 0.486512 0.292387
vt 0.538602 0.391247
vt 0.476957 0.413821
vt 0.446438 0.350956
vt 0.549699 0.584934
vt 0.504266 0.694096
vt 0.454181 0.640190
vt 0.479619 0.564588
vt 0.378952 0.725289
vt 0.435010 0.767740
vt 0.431714 0.222026
vt 0.377376 0.260298
vt 0.375708 0.814031
vt 0.329393 0.791625
vt 0.340962 0.849323
vt 0.291402 0.879548
vt 0.323167 0.188605
vt 0.368834 0.167274
vt 0.282752 0.138630
vt 0.328204 0.150330
vt 0.265334 0.747409
vt 0.327055 0.687207
vt 0.427249 0.426111
vt 0.398153 0.373051
vt 0.328098 0.306374
vt 0.257918 0.240926
vt 0.402300 0.622054
vt 0.431659 0.560553
vt 0.352520 0.414525
vt 0.293144 0.373545
vt 0.376552 0.449119
vt 0.228612 0.654491
vt 0.295234 0.618165
vt 0.353952 0.582959
vt 0.376421 0.541020
vt 0.221930 0.336402
vt 0.306055 0.441922
vt 0.279578 0.419577
vt 0.279059 0.567600
vt 0.306883 0.555180
vt 0.330101 0.533848
vt 0.334245 0.459309
vt 0.184959 0.321881
vt 0.204524 0.200537
vt 0.207153 0.790520
vt 0.189385 0.670035
vt 0.210868 0.400195
vt 0.210608 0.593624
vt 0.170949 0.389329
vt 0.169507 0.605766
vt 0.126940 0.137771
vt 0.131218 0.303136
vt 0.044531 0.275186
vt 0.056810 0.181552
vt 0.114022 0.534127
vt 0.115921 0.619340
vt 0.024820 0.640713
vt 0.021120 0.540679
vt 0.119121 0.376838
vt 0.112389 0.470248
vt 0.021120 0.464991
vt 0.031068 0.356622
vt 0.133797 0.689859
vt 0.043985 0.718596
vt 0.126359 0.855266
vt 0.053663 0.809441
vt 0.065054 0.112045
vt 0.095015 0.049815
vt 0.085607 0.947828
vt 0.068456 0.881810
vt 0.169818 0.875226
vt 0.115753 0.976444
vt 0.116783 0.023556
vt 0.168721 0.119739
s 1
f 1/1/1 2/2/2 4/3/4 3/4/3
f 2/2/2 1/1/1 5/5/5 6/6/6
f 13/7/12 14/8/13 7/9/7 8/10/8
f 8/10/8 7/9/7 9/11/9 10/12/10
f 10/12/10 9/11/9 11/13/11 12/14/11
f 6/6/6 5/5/5 14/8/13 13/7/12
f 4/3/4 2/2/2 15/15/14 16/16/15
f 16/16/15 15/15/14 17/17/16 18/18/17
f 18/18/17 17/17/16 19/19/18 20/20/19
f 20/20/19 19/19/18 21/21/20 22/22/20
f 1/1/1 3/4/3 24/23/22 23/24/21
f 23/24/21 24/23/22 26/25/24 25/26/23
f 25/26/23 26/25/24 28/27/26 27/28/25
f 27/28/25 28/27/26 30/29/27 29/30/27
f 5/5/5 1/1/1 23/24/21 31/31/28
f 32/32/29 15/15/14 2/2/2 6/6/6
f 33/33/30 31/31/28 23/24/21 25/26/23
f 33/33/30 25/26/23 34/34/31 35/35/32
f 35/35/32 34/34/31 36/36/33 37/37/33
f 17/17/16 15/15/14 32/32/29 38/38/34
f 17/17/16 38/38/34 40/39/36 39/40/35
f 39/40/35 40/39/36 42/41/37 41/42/37
f 14/8/13 5/5/5 31/31/28 33/33/30
f 13/7/12 38/38/34 32/32/29 6/6/6
f 38/38/34 13/7/12 43/43/38 44/44/39
f 44/44/39 43/43/38 45/45/40 46/46/40
f 14/8/13 33/33/30 48/47/42 47/48/41
f 47/48/41 48/47/42 50/49/43 49/50/43
f 3/51/3 4/52/4 52/53/45 51/54/44
f 51/54/44 52/53/45 54/55/47 53/56/46
f 53/56/46 54/55/47 56/57/49 55/58/48
f 55/58/48 56/57/49 58/59/51 57/60/50
f 57/60/50 58/59/51 60/61/53 59/62/52
f 106/63/97 105/64/96 62/65/55 61/66/54
f 61/66/54 62/65/55 64/67/57 63/68/56
f 26/69/24 24/70/22 67/71/60 68/72/61
f 16/73/15 18/74/17 66/75/59 65/76/58
f 16/73/15 65/76/58 52/53/45 4/52/4
f 24/70/22 3/51/3 51/54/44 67/71/60
f 69/77/62 66/75/59 18/74/17 20/78/19
f 28/79/26 26/69/24 68/72/61 70/80/63
f 69/77/62 20/78/19 71/81/64 72/82/65
f 72/82/65 71/81/64 73/83/66 74/84/66
f 28/79/26 70/80/63 76/85/68 75/86/67
f 75/86/67 76/85/68 78/87/69 77/88/69
f 69/77/62 72/82/65 85/89/76 83/90/74
f 68/72/61 67/71/60 81/91/72 82/92/73
f 76/85/68 70/80/63 84/93/75 86/94/77
f 66/75/59 69/77/62 83/90/74 80/95/71
f 65/76/58 66/75/59 80/95/71 79/96/70
f 70/80/63 68/72/61 82/92/73 84/93/75
f 84/93/75 82/92/73 90/97/81 92/98/83
f 82/92/73 81/91/72 89/99/80 90/97/81
f 83/90/74 85/89/76 93/100/84 91/101/82
f 80/95/71 83/90/74 91/101/82 88/102/79
f 79/96/70 80/95/71 88/102/79 87/103/78
f 86/94/77 84/93/75 92/98/83 94/104/85
f 54/55/47 79/96/70 87/103/78 56/57/49
f 52/53/45 65/76/58 79/96/70 54/55/47
f 53/56/46 81/91/72 67/71/60 51/54/44
f 55/58/48 89/99/80 81/91/72 53/56/46
f 92/98/83 90/97/81 96/105/87 98/106/89
f 88/102/79 91/101/82 97/107/88 95/108/86
f 58/59/51 56/57/49 87/103/78 100/109/91
f 99/110/90 89/99/80 55/58/48 57/60/50
f 89/99/80 99/110/90 96/105/87 90/97/81
f 87/103/78 88/102/79 95/108/86 100/109/91
f 58/59/51 100/109/91 95/108/86 60/61/53
f 57/60/50 59/62/52 96/105/87 99/110/90
f 86/94/77 94/104/85 104/111/95 102/112/93
f 93/100/84 85/89/76 101/113/92 103/114/94
f 59/62/52 60/61/53 105/64/96 106/63/97
f 97/107/88 105/64/96 60/61/53 95/108/86
f 106/63/97 98/106/89 96/105/87 59/62/52
f 108/115/99 98/106/89 106/63/97 61/66/54
f 94/104/85 92/98/83 98/106/89 108/115/99
f 62/65/55 105/64/96 97/107/88 107/116/98
f 93/100/84 107/116/98 97/107/88 91/101/82
f 110/117/101 108/115/99 61/66/54 63/68/56
f 104/111/95 94/104/85 108/115/99 110/117/101
f 64/67/57 62/65/55 107/116/98 109/118/100
f 103/114/94 109/118/100 107/116/98 93/100/84
f 120/119/111 119/120/110 116/121/107 114/122/105
f 122/123/113 121/124/112 117/125/108 112/126/103
f 124/127/115 123/128/114 111/129/102 118/130/109
f 123/128/114 122/123/113 112/126/103 111/129/102
f 121/124/112 125/131/116 115/132/106 117/125/108
f 125/131/116 126/133/117 113/134/104 115/132/106
f 119/120/110 124/127/115 118/130/109 116/121/107
f 104/111/95 110/117/101 124/127/115 119/120/110
f 103/114/94 101/113/92 126/133/117 125/131/116
f 109/118/100 103/114/94 125/131/116 121/124/112
f 63/68/56 64/67/57 122/123/113 123/128/114
f 110/117/101 63/68/56 123/128/114 124/127/115
f 64/67/57 109/118/100 121/124/112 122/123/113
f 102/112/93 104/111/95 119/120/110 120/119/111
f 120/119/111 114/122/105 128/135/119 129/136/119
f 113/134/104 126/133/117 130/137/118 127/138/118
f 126/133/117 101/113/92 131/139/120 134/140/120
f 102/112/93 120/119/111 133/141/121 132/142/121
o jacket2
v 0.000000 -0.138906 -0.097858
v 0.000279 -0.121642 -0.084618
v 0.054195 -0.140312 -0.098328
v 0.043035 -0.122108 -0.081978
v 0.089285 -0.146769 -0.084016
v 0.082429 -0.122619 -0.068370
v 0.117909 -0.154576 -0.054255
v 0.101948 -0.128624 -0.039439
v 0.000000 -0.174286 -0.115574
v 0.066507 -0.175415 -0.115430
v 0.103992 -0.182212 -0.095444
v 0.137951 -0.186232 -0.063593
v 0.000000 -0.020293 -0.082111
v 0.056495 -0.021714 -0.078739
v 0.099430 -0.021085 -0.037405
v 0.107855 -0.022488 0.001749
v 0.109145 0.017273 -0.033442
v 0.114958 0.016333 0.007795
v 0.114434 0.067986 -0.038268
v 0.119992 0.069814 0.014674
v 0.126294 0.016841 0.047119
v 0.127342 0.015021 0.090884
v 0.124463 0.058010 0.048429
v 0.122698 0.042843 0.092368
v 0.075048 0.098452 0.065872
v 0.086418 0.063275 0.100648
v 0.053644 0.094387 0.076110
v 0.069043 0.059847 0.108449
v 0.146712 -0.199273 -0.007185
v 0.128929 -0.208227 0.039254
v 0.049859 0.111804 0.059572
v 0.057506 0.132872 0.040126
v 0.104785 0.086566 0.054818
v 0.109081 0.055973 0.094835
v 0.101699 0.108258 0.026769
v 0.113538 0.015415 0.116354
v 0.112001 0.031576 0.115723
v 0.090789 0.043984 0.121597
v 0.084483 0.041313 0.125656
v 0.104252 0.040438 0.116410
v 0.060968 0.018377 -0.079997
v 0.071549 0.073769 -0.087592
v 0.000000 0.017118 -0.086790
v 0.000000 0.071639 -0.089686
v 0.121089 0.082357 -0.040353
v 0.076969 0.106626 -0.085392
v 0.063537 0.154379 0.021047
v 0.094648 0.146285 0.017767
v 0.056660 0.182582 -0.011421
v 0.096189 0.178206 -0.011660
v 0.052071 0.196535 -0.047971
v 0.089992 0.184574 -0.049033
v 0.038544 0.170593 -0.087120
v 0.073973 0.141291 -0.083806
v 0.000000 0.154426 -0.086018
v -0.000000 0.130107 -0.085437
v 0.140324 0.101758 0.014517
v 0.000000 0.102441 -0.087673
v 0.142198 0.088109 -0.043591
v 0.112568 0.103492 -0.075346
v 0.140526 0.144283 0.020190
v 0.140536 0.175808 -0.012203
v 0.134730 0.177144 -0.046186
v 0.119468 0.144635 -0.075249
v 0.278202 0.100944 0.011201
v 0.278282 0.089516 -0.041493
v 0.276707 0.106229 -0.060986
v 0.278234 0.142380 0.015597
v 0.278273 0.164663 -0.015194
v 0.278049 0.164262 -0.042135
v 0.277067 0.140381 -0.065556
v 0.090172 0.014725 0.132562
v 0.049707 0.152545 0.047041
v 0.054099 0.169640 0.031479
v 0.047699 0.143565 0.053526
v 0.059355 0.200632 -0.002393
v 0.075142 -0.213360 0.063820
v 0.005893 -0.215308 0.080587
v 0.115332 -0.022238 0.090364
v 0.114383 -0.021937 0.050756
v 0.102830 -0.021099 0.113370
v 0.088276 -0.021027 0.124112
v 0.095623 -0.142593 0.043207
v 0.063541 -0.144479 0.069985
v 0.114654 -0.133016 0.005256
v 0.005928 -0.145517 0.080201
v 0.116188 -0.175411 0.047420
v 0.071832 -0.177741 0.073948
v 0.133308 -0.164892 -0.000608
v 0.006189 -0.178818 0.079946
v 0.095999 -0.162571 -0.090719
v 0.060122 -0.158080 -0.108294
v 0.000000 -0.156000 -0.107902
v 0.129233 -0.169239 -0.059125
v 0.118267 -0.188551 0.040550
v 0.075142 -0.193445 0.066427
v 0.134580 -0.179732 -0.002143
v 0.006306 -0.195475 0.079844
v 0.052786 0.218164 -0.047971
v 0.038544 0.203145 -0.087120
v 0.000000 0.196406 -0.086018
v 0.044949 0.152545 0.047041
v 0.049189 0.169640 0.031479
v 0.043037 0.143565 0.053526
v 0.053069 0.200632 -0.002393
v 0.047735 0.217308 -0.047971
v 0.034912 0.203145 -0.080792
v -0.000000 0.196406 -0.079436
v 0.342237 0.105192 0.010045
v 0.357232 0.089446 -0.038866
v 0.355660 0.106229 -0.060986
v 0.342267 0.143654 0.014126
v 0.357226 0.164663 -0.015194
v 0.357002 0.164262 -0.042135
v 0.356020 0.140381 -0.062348
v 0.370950 0.105192 0.010045
v 0.370979 0.143654 0.014126
v 0.444681 0.087911 -0.040859
v 0.456348 0.101673 -0.067002
v 0.458198 0.170735 -0.012881
v 0.457934 0.170260 -0.044723
v 0.442739 0.142036 -0.069933
v 0.455914 0.100447 0.016948
v 0.439408 0.145904 0.026770
v 0.529414 0.102025 -0.036644
v 0.528161 0.111308 -0.054280
v 0.529409 0.157895 -0.017771
v 0.529231 0.157576 -0.039251
v 0.528448 0.138536 -0.055366
v 0.527868 0.110481 0.002350
v 0.527891 0.141145 0.005604
v 0.545473 0.102025 -0.036644
v 0.544219 0.111308 -0.054280
v 0.545468 0.157895 -0.017771
v 0.545290 0.157576 -0.039251
v 0.544506 0.138536 -0.055366
v 0.543927 0.110481 0.002350
v 0.543950 0.141145 0.005604
v 0.497514 0.080243 -0.040859
v 0.495223 0.100447 0.016948
v 0.495257 0.145904 0.021771
v 0.497243 0.170260 -0.044723
v 0.496082 0.145695 -0.073774
v 0.495656 0.101673 -0.067002
v 0.497507 0.175058 -0.007520
v -0.054195 -0.140312 -0.098328
v -0.042477 -0.122108 -0.081978
v -0.089196 -0.146769 -0.084016
v -0.073232 -0.123766 -0.060871
v -0.117820 -0.154576 -0.054255
v -0.105151 -0.128624 -0.039439
v -0.066507 -0.175415 -0.115430
v -0.103989 -0.182212 -0.095444
v -0.137949 -0.186232 -0.063593
v -0.056495 -0.021714 -0.078739
v -0.099430 -0.021085 -0.037405
v -0.107855 -0.022488 0.001749
v -0.109145 0.017273 -0.033442
v -0.114958 0.016333 0.007795
v -0.114434 0.067986 -0.038268
v -0.119992 0.069814 0.014674
v -0.126294 0.016841 0.047119
v -0.127341 0.015021 0.090884
v -0.124463 0.058010 0.048429
v -0.122698 0.042843 0.092368
v -0.075048 0.098452 0.065872
v -0.086418 0.063275 0.100648
v -0.053644 0.094387 0.076110
v -0.069043 0.059847 0.108449
v -0.146712 -0.199273 -0.007185
v -0.128929 -0.208227 0.039254
v -0.049859 0.111804 0.059572
v -0.057506 0.132872 0.040126
v -0.104785 0.086566 0.054818
v -0.109081 0.055973 0.094835
v -0.101699 0.108258 0.026769
v -0.113538 0.015415 0.116354
v -0.112001 0.031576 0.115723
v -0.090789 0.043984 0.121597
v -0.084483 0.041313 0.125656
v -0.104252 0.040438 0.116410
v -0.060968 0.018377 -0.079997
v -0.071549 0.073769 -0.087592
v -0.121089 0.082357 -0.040353
v -0.076969 0.106627 -0.085392
v -0.063537 0.154379 0.021047
v -0.094648 0.146285 0.017767
v -0.056660 0.182582 -0.011421
v -0.096189 0.178206 -0.011660
v -0.052071 0.196535 -0.047971
v -0.089992 0.184574 -0.049033
v -0.038544 0.170593 -0.087120
v -0.073973 0.141291 -0.083806
v -0.140324 0.101758 0.014517
v -0.142198 0.088109 -0.043591
v -0.112568 0.103492 -0.075346
v -0.140526 0.144283 0.020190
v -0.140536 0.175808 -0.012203
v -0.134730 0.177144 -0.046186
v -0.119468 0.144635 -0.075249
v -0.278202 0.100944 0.011201
v -0.278282 0.089516 -0.041493
v -0.276707 0.106229 -0.060986
v -0.278234 0.142380 0.015597
v -0.278273 0.164663 -0.015194
v -0.278049 0.164262 -0.042135
v -0.277067 0.140381 -0.065556
v -0.090172 0.014725 0.132562
v -0.049707 0.152545 0.047041
v -0.054099 0.169640 0.031479
v -0.047699 0.143565 0.053526
v -0.059355 0.200632 -0.002393
v -0.075142 -0.213360 0.063820
v -0.005893 -0.215308 0.080587
v -0.115332 -0.025829 0.090364
v -0.114383 -0.025528 0.050756
v -0.102830 -0.024690 0.113370
v -0.088276 -0.021027 0.121295
v -0.099049 -0.142593 0.043207
v -0.063708 -0.144479 0.069985
v -0.118080 -0.133016 0.005256
v -0.005927 -0.145517 0.080201
v -0.116188 -0.175411 0.047420
v -0.071832 -0.177741 0.073948
v -0.133308 -0.164892 -0.000608
v -0.006189 -0.178818 0.079946
v -0.095997 -0.162571 -0.090719
v -0.060122 -0.158080 -0.108294
v -0.129231 -0.169239 -0.059125
v -0.118267 -0.188551 0.040550
v -0.075142 -0.193445 0.066427
v -0.134580 -0.179732 -0.002143
v -0.006306 -0.195475 0.079844
v -0.052786 0.218164 -0.047971
v -0.038544 0.203145 -0.087120
v -0.044949 0.152545 0.047041
v -0.049189 0.169640 0.031479
v -0.043037 0.143565 0.053526
v -0.053069 0.200632 -0.002393
v -0.047735 0.217308 -0.047971
v -0.034912 0.203145 -0.080792
v -0.342237 0.105192 0.010045
v -0.357232 0.089446 -0.038866
v -0.355660 0.106229 -0.060986
v -0.342267 0.143654 0.014126
v -0.357226 0.164663 -0.015194
v -0.357002 0.164262 -0.042135
v -0.356020 0.140381 -0.062348
v -0.370950 0.105192 0.010045
v -0.370979 0.143654 0.014126
v -0.444681 0.087911 -0.040859
v -0.456348 0.101673 -0.067002
v -0.458198 0.170735 -0.012881
v -0.457934 0.170260 -0.044723
v -0.442739 0.142036 -0.069933
v -0.455914 0.100447 0.016948
v -0.439408 0.145904 0.026770
v -0.529414 0.102025 -0.036644
v -0.528161 0.111308 -0.054280
v -0.529409 0.157896 -0.017771
v -0.529231 0.157576 -0.039251
v -0.528448 0.138536 -0.055366
v -0.527868 0.110481 0.002350
v -0.527891 0.141145 0.005604
v -0.545473 0.102025 -0.036644
v -0.544219 0.111308 -0.054280
v -0.545468 0.157896 -0.017771
v -0.545290 0.157576 -0.039251
v -0.544506 0.138536 -0.055366
v -0.543927 0.110481 0.002350
v -0.543950 0.141145 0.005604
v -0.497514 0.080243 -0.040859
v -0.495223 0.100447 0.016948
v -0.495257 0.145904 0.021771
v -0.497243 0.170260 -0.044723
v -0.496082 0.145695 -0.073774
v -0.495656 0.101673 -0.067002
v -0.497507 0.175058 -0.007520
v 0.545473 0.105270 -0.035675
v 0.544219 0.113524 -0.051355
v 0.545468 0.154944 -0.018896
v 0.545290 0.154659 -0.037993
v 0.544506 0.137731 -0.052320
v 0.543927 0.112788 -0.001006
v 0.543950 0.140051 0.001887
v -0.545473 0.105270 -0.035675
v -0.544219 0.113524 -0.051355
v -0.545468 0.154944 -0.018896
v -0.545290 0.154659 -0.037993
v -0.544506 0.137731 -0.052320
v -0.543927 0.112788 -0.001006
v -0.543950 0.140051 0.001887
v 0.050471 0.093230 0.081375
v 0.064960 0.059116 0.111802
v 0.046909 0.110432 0.065816
v 0.079486 0.040811 0.127991
v 0.084839 0.014488 0.134488
v 0.083054 -0.020716 0.125790
v 0.000524 -0.144985 0.081084
v 0.000547 -0.177900 0.081542
v 0.000557 -0.194327 0.081533
v -0.050471 0.093230 0.081375
v -0.064960 0.059116 0.111802
v -0.046909 0.110432 0.065816
v -0.079486 0.040811 0.127991
v -0.084839 0.014488 0.134488
v -0.083054 -0.020716 0.122973
v -0.000524 -0.144985 0.081084
v -0.000547 -0.177900 0.081542
v -0.000557 -0.194327 0.081533
v 0.091000 -0.111561 -0.022356
v 0.000000 -0.103659 -0.077910
v 0.039191 -0.104545 -0.073054
v 0.075336 -0.107846 -0.055229
v 0.104077 -0.115347 0.017105
v 0.005559 -0.121673 0.080726
v 0.085466 -0.121039 0.048003
v 0.054752 -0.121116 0.068594
v -0.091000 -0.111561 -0.022356
v -0.039191 -0.104545 -0.073054
v -0.075336 -0.107846 -0.055229
v -0.104077 -0.115347 0.017105
v -0.005559 -0.121673 0.080726
v -0.085466 -0.121039 0.048003
v -0.054752 -0.121116 0.068594
v 0.000516 -0.117362 0.083551
v -0.000516 -0.117362 0.083551
v 0.091252 -0.076915 -0.008613
v 0.079339 -0.074312 -0.041648
v 0.105465 -0.080176 0.030467
v 0.045194 -0.083297 0.096473
v -0.091252 -0.076915 -0.008613
v -0.079339 -0.074312 -0.041648
v -0.105465 -0.080176 0.030467
v -0.045194 -0.083297 0.096473
v 0.039953 -0.081657 0.097300
v -0.039953 -0.081657 0.097300
v 0.000000 -0.069480 -0.075214
v 0.044458 -0.072450 -0.068974
v 0.093341 -0.083810 0.067048
v 0.082510 -0.083407 0.085219
v -0.044458 -0.072450 -0.068974
v -0.093341 -0.083810 0.067048
v -0.082510 -0.083407 0.085219
vn -0.0000 0.5834 -0.8122
vn 0.0001 0.5404 -0.8414
vn 0.1925 0.6009 -0.7758
vn 0.1945 0.5969 -0.7784
vn 0.5366 0.5868 -0.6064
vn 0.5303 0.6505 -0.5437
vn 0.7759 0.5456 -0.3167
vn 0.7502 0.6041 -0.2688
vn -0.0000 0.3851 -0.9229
vn 0.2832 0.4228 -0.8608
vn 0.5765 0.4446 -0.6855
vn 0.8161 0.5030 -0.2846
vn -0.0000 -0.1265 -0.9920
vn 0.3951 -0.1680 -0.9032
vn 0.8411 -0.2055 -0.5003
vn 0.9560 -0.1991 -0.2156
vn 0.8807 -0.1620 -0.4451
vn 0.9748 -0.1459 -0.1690
vn 0.9055 -0.1007 -0.4121
vn 0.9709 0.2374 0.0329
vn 0.9864 -0.1231 -0.1093
vn 0.9636 -0.1093 0.2440
vn 0.9463 0.3159 0.0690
vn 0.8558 0.3823 0.3485
vn 0.3414 0.7007 0.6265
vn 0.2969 0.7286 0.6172
vn 0.3772 0.6863 0.6219
vn 0.2675 0.7361 0.6218
vn 0.8587 0.4583 0.2291
vn 0.6846 0.2400 0.6883
vn 0.3170 0.6488 0.6918
vn 0.6246 0.3506 0.6978
vn 0.6583 0.6406 0.3954
vn 0.5806 0.6612 0.4751
vn 0.5072 0.2909 0.8112
vn 0.7492 -0.0563 0.6599
vn 0.6676 0.2651 0.6957
vn 0.2895 0.6757 0.6779
vn 0.3230 0.5454 0.7735
vn 0.5215 0.5007 0.6909
vn 0.4112 -0.1206 -0.9035
vn 0.4055 -0.1039 -0.9082
vn -0.0000 -0.0905 -0.9959
vn -0.0000 -0.0276 -0.9996
vn 0.7125 -0.6072 -0.3517
vn 0.1794 -0.2094 -0.9612
vn 0.5320 0.5210 0.6675
vn 0.1853 0.5112 0.8393
vn 0.5410 0.7888 0.2919
vn 0.1379 0.9305 0.3395
vn 0.8715 0.4539 -0.1854
vn 0.2167 0.9720 -0.0913
vn 0.2156 0.2901 -0.9324
vn 0.1308 0.1583 -0.9787
vn -0.0000 -0.0501 -0.9987
vn -0.0000 0.0234 -0.9997
vn 0.0514 -0.8635 0.5018
vn -0.0000 0.0631 -0.9980
vn 0.0605 -0.9861 -0.1545
vn 0.1112 -0.6764 -0.7281
vn 0.0590 0.4789 0.8759
vn 0.0818 0.9631 0.2565
vn 0.1070 0.9792 -0.1722
vn 0.1241 0.3975 -0.9092
vn 0.0203 -0.8587 0.5121
vn 0.0218 -0.9874 -0.1569
vn 0.0376 -0.5985 -0.8003
vn 0.0287 0.5164 0.8558
vn 0.0408 0.9736 0.2247
vn 0.0450 0.9732 -0.2257
vn 0.0493 0.3416 -0.9386
vn 0.4523 0.0130 0.8918
vn 0.4098 0.5193 0.7499
vn 0.4728 0.6230 0.6231
vn 0.4357 0.3489 0.8297
vn 0.3217 0.8457 0.4259
vn 0.3369 -0.0071 0.9415
vn 0.2146 -0.0480 0.9755
vn 0.8973 -0.3620 0.2525
vn 0.9651 -0.2546 -0.0609
vn 0.6435 -0.3895 0.6589
vn 0.3433 -0.3778 0.8599
vn 0.6965 0.3332 0.6355
vn 0.3813 0.1658 0.9095
vn 0.8541 0.5010 0.1398
vn 0.2096 0.0247 0.9775
vn 0.7542 0.1058 0.6481
vn 0.3511 -0.0059 0.9363
vn 0.9041 0.4026 0.1433
vn 0.2001 -0.0357 0.9791
vn 0.5521 0.5033 -0.6648
vn 0.2295 0.4733 -0.8505
vn -0.0000 0.4494 -0.8933
vn 0.8045 0.4986 -0.3228
vn 0.7473 0.0650 0.6613
vn 0.3435 -0.1324 0.9298
vn 0.9239 0.3436 0.1682
vn 0.2004 -0.1043 0.9741
vn 0.0892 0.9875 0.1299
vn 0.2067 0.8946 -0.3962
vn -0.0000 0.8344 -0.5512
vn -0.0000 0.6311 0.7757
vn -0.0000 0.7069 0.7073
vn -0.0000 0.4211 0.9070
vn -0.0468 0.8784 0.4755
vn -0.1700 0.9803 0.1008
vn -0.2324 0.9603 -0.1542
vn -0.0000 0.9986 -0.0520
vn 0.0159 -0.7749 0.6319
vn -0.0173 -0.9888 -0.1482
vn -0.0258 -0.5886 -0.8080
vn 0.0040 0.5827 0.8127
vn -0.0379 0.9772 0.2091
vn -0.0306 0.9737 -0.2257
vn -0.0286 0.3539 -0.9348
vn -0.0442 -0.7917 0.6093
vn -0.0646 0.5539 0.8301
vn -0.0671 -0.9864 -0.1500
vn -0.0626 -0.6607 -0.7480
vn -0.0583 0.9789 0.1958
vn -0.0597 0.9739 -0.2188
vn -0.0645 0.3344 -0.9402
vn -0.0588 -0.8313 0.5527
vn -0.0682 0.5981 0.7985
vn 0.2595 -0.9556 -0.1397
vn 0.2215 -0.5785 -0.7851
vn 0.2263 0.9462 0.2311
vn 0.1939 0.9316 -0.3073
vn 0.2441 0.2869 -0.9263
vn 0.2401 -0.7289 0.6411
vn 0.2356 0.4321 0.8705
vn 0.1572 -0.9775 -0.1406
vn 0.4570 -0.6239 -0.6339
vn 0.1649 0.9648 0.2048
vn 0.3153 0.9269 -0.2034
vn 0.6763 0.2442 -0.6950
vn 0.4877 -0.7382 0.4661
vn 0.5454 0.4627 0.6989
vn 0.0826 -0.9864 -0.1418
vn 0.2172 -0.8190 0.5311
vn 0.2358 0.5361 0.8105
vn 0.1574 0.9605 -0.2295
vn 0.2075 0.4554 -0.8658
vn 0.2073 -0.6610 -0.7212
vn 0.0968 0.9761 0.1945
vn -0.2243 0.6539 -0.7226
vn -0.2530 0.5990 -0.7597
vn -0.4991 0.6411 -0.5829
vn -0.5319 0.6116 -0.5857
vn -0.7575 0.5577 -0.3394
vn -0.7067 0.6246 -0.3323
vn -0.2832 0.4228 -0.8608
vn -0.5765 0.4446 -0.6855
vn -0.8161 0.5030 -0.2846
vn -0.3951 -0.1680 -0.9032
vn -0.8411 -0.2055 -0.5003
vn -0.9551 -0.2008 -0.2176
vn -0.8807 -0.1620 -0.4451
vn -0.9748 -0.1422 -0.1721
vn -0.9055 -0.1007 -0.4121
vn -0.9709 0.2374 0.0329
vn -0.9874 -0.1131 -0.1107
vn -0.9649 -0.0957 0.2445
vn -0.9463 0.3159 0.0690
vn -0.8558 0.3823 0.3485
vn -0.3414 0.7007 0.6265
vn -0.2969 0.7286 0.6172
vn -0.3772 0.6863 0.6219
vn -0.2675 0.7361 0.6218
vn -0.8587 0.4583 0.2291
vn -0.6846 0.2400 0.6883
vn -0.3170 0.6488 0.6918
vn -0.6246 0.3506 0.6978
vn -0.6583 0.6406 0.3954
vn -0.5806 0.6612 0.4751
vn -0.5072 0.2909 0.8112
vn -0.7364 -0.0569 0.6742
vn -0.6676 0.2651 0.6957
vn -0.2895 0.6757 0.6779
vn -0.3230 0.5454 0.7735
vn -0.5215 0.5007 0.6909
vn -0.4112 -0.1206 -0.9035
vn -0.4055 -0.1039 -0.9082
vn -0.7125 -0.6072 -0.3517
vn -0.1794 -0.2094 -0.9612
vn -0.5320 0.5210 0.6675
vn -0.1853 0.5112 0.8393
vn -0.5410 0.7888 0.2919
vn -0.1379 0.9305 0.3395
vn -0.8715 0.4539 -0.1854
vn -0.2167 0.9720 -0.0913
vn -0.2156 0.2901 -0.9324
vn -0.1308 0.1583 -0.9787
vn -0.0514 -0.8635 0.5018
vn -0.0605 -0.9861 -0.1545
vn -0.1112 -0.6764 -0.7281
vn -0.0590 0.4789 0.8759
vn -0.0818 0.9631 0.2565
vn -0.1070 0.9792 -0.1722
vn -0.1241 0.3975 -0.9092
vn -0.0203 -0.8587 0.5121
vn -0.0218 -0.9874 -0.1569
vn -0.0376 -0.5985 -0.8003
vn -0.0287 0.5164 0.8558
vn -0.0408 0.9736 0.2247
vn -0.0450 0.9732 -0.2257
vn -0.0493 0.3416 -0.9386
vn -0.4392 -0.0082 0.8983
vn -0.4098 0.5193 0.7499
vn -0.4728 0.6230 0.6231
vn -0.4357 0.3489 0.8297
vn -0.3217 0.8457 0.4259
vn -0.3369 -0.0071 0.9415
vn -0.2146 -0.0480 0.9755
vn -0.8971 -0.3624 0.2526
vn -0.9657 -0.2511 -0.0663
vn -0.5993 -0.4095 0.6879
vn -0.3313 -0.3562 0.8737
vn -0.6926 0.3310 0.6409
vn -0.3712 0.1685 0.9131
vn -0.8354 0.5315 0.1403
vn -0.2094 0.0248 0.9775
vn -0.7553 0.0785 0.6507
vn -0.3461 -0.0165 0.9380
vn -0.9218 0.3628 0.1365
vn -0.2001 -0.0358 0.9791
vn -0.5520 0.5043 -0.6641
vn -0.2296 0.4736 -0.8503
vn -0.8039 0.4997 -0.3224
vn -0.7473 0.0650 0.6613
vn -0.3435 -0.1324 0.9298
vn -0.9237 0.3442 0.1681
vn -0.2004 -0.1043 0.9741
vn -0.0892 0.9875 0.1299
vn -0.2067 0.8946 -0.3962
vn 0.0468 0.8784 0.4755
vn 0.1700 0.9803 0.1008
vn 0.2324 0.9603 -0.1542
vn -0.0159 -0.7749 0.6319
vn 0.0173 -0.9888 -0.1482
vn 0.0258 -0.5886 -0.8080
vn -0.0040 0.5827 0.8127
vn 0.0379 0.9772 0.2091
vn 0.0306 0.9737 -0.2257
vn 0.0286 0.3539 -0.9348
vn 0.0442 -0.7917 0.6093
vn 0.0646 0.5539 0.8301
vn 0.0671 -0.9864 -0.1500
vn 0.0626 -0.6607 -0.7480
vn 0.0583 0.9789 0.1958
vn 0.0597 0.9739 -0.2188
vn 0.0645 0.3344 -0.9402
vn 0.0588 -0.8313 0.5527
vn 0.0682 0.5981 0.7985
vn -0.2595 -0.9556 -0.1397
vn -0.2215 -0.5785 -0.7851
vn -0.2263 0.9462 0.2311
vn -0.1939 0.9316 -0.3073
vn -0.2441 0.2869 -0.9263
vn -0.2401 -0.7289 0.6411
vn -0.2356 0.4321 0.8705
vn -0.1572 -0.9775 -0.1406
vn -0.4570 -0.6239 -0.6339
vn -0.1649 0.9648 0.2048
vn -0.3153 0.9269 -0.2034
vn -0.6762 0.2442 -0.6950
vn -0.4877 -0.7382 0.4661
vn -0.5454 0.4627 0.6989
vn -0.0826 -0.9864 -0.1418
vn -0.2172 -0.8190 0.5311
vn -0.2358 0.5361 0.8105
vn -0.1574 0.9605 -0.2295
vn -0.2075 0.4554 -0.8658
vn -0.2073 -0.6610 -0.7212
vn -0.0968 0.9761 0.1945
vn 0.9996 0.0275 -0.0073
vn 1.0000 -0.0001 -0.0099
vn 0.9996 -0.0242 0.0161
vn 0.9997 -0.0182 -0.0181
vn 0.9998 -0.0164 -0.0066
vn 0.9999 0.0038 0.0102
vn 0.9999 -0.0116 0.0091
vn -0.9996 0.0275 -0.0073
vn -1.0000 -0.0001 -0.0099
vn -0.9996 -0.0242 0.0161
vn -0.9997 -0.0182 -0.0181
vn -0.9998 -0.0164 -0.0066
vn -0.9999 0.0038 0.0102
vn -0.9999 -0.0116 0.0091
vn 0.5294 0.6658 0.5258
vn 0.3478 0.7386 0.5775
vn 0.6576 0.5825 0.4778
vn 0.3128 0.5893 0.7449
vn 0.3427 0.0498 0.9381
vn 0.2362 -0.3408 0.9100
vn 0.2801 -0.0330 0.9594
vn 0.2355 0.0022 0.9719
vn 0.2766 -0.0022 0.9610
vn -0.5294 0.6658 0.5258
vn -0.3478 0.7386 0.5775
vn -0.6576 0.5825 0.4778
vn -0.3128 0.5893 0.7449
vn -0.3430 0.0168 0.9392
vn -0.2353 -0.3665 0.9002
vn -0.2801 -0.0330 0.9594
vn -0.2355 0.0022 0.9719
vn -0.2766 -0.0022 0.9610
vn 0.8583 0.4221 -0.2919
vn -0.0001 0.2556 -0.9668
vn 0.2850 0.3332 -0.8987
vn 0.6613 0.4624 -0.5907
vn 0.9784 0.1800 0.1016
vn 0.2549 -0.1836 0.9494
vn 0.7725 -0.0672 0.6315
vn 0.4210 -0.2791 0.8630
vn -0.8385 0.4340 -0.3295
vn -0.3198 0.2614 -0.9107
vn -0.6773 0.3372 -0.6539
vn -0.9619 0.2495 0.1115
vn -0.2548 -0.1835 0.9494
vn -0.7635 -0.0187 0.6455
vn -0.4176 -0.2717 0.8671
vn 0.0918 -0.4016 0.9112
vn -0.0918 -0.4016 0.9112
vn 0.9504 -0.0696 -0.3033
vn 0.8068 -0.0757 -0.5860
vn 0.9841 -0.1778 0.0009
vn 0.1853 -0.4933 0.8499
vn -0.9499 -0.0702 -0.3045
vn -0.8068 -0.0757 -0.5860
vn -0.9832 -0.1827 -0.0016
vn -0.1686 -0.4832 0.8591
vn 0.1061 -0.4673 0.8777
vn -0.1123 -0.4463 0.8878
vn -0.0000 -0.0626 -0.9980
vn 0.3673 -0.0297 -0.9296
vn 0.8009 -0.4280 0.4187
vn 0.5117 -0.5301 0.6761
vn -0.3673 -0.0297 -0.9296
vn -0.7976 -0.4360 0.4168
vn -0.4961 -0.5346 0.6841
vt 0.541224 0.499879
vt 0.518253 0.499945
vt 0.518287 0.472991
vt 0.542928 0.466469
vt 0.516192 0.447193
vt 0.547440 0.442251
vt 0.291611 0.065166
vt 0.261699 0.094614
vt 0.241901 0.089108
vt 0.270220 0.056871
vt 0.440154 0.139809
vt 0.480398 0.134893
vt 0.483239 0.159716
vt 0.436914 0.164747
vt 0.428423 0.218416
vt 0.433293 0.186324
vt 0.475296 0.182915
vt 0.472783 0.218416
vt 0.455882 0.471500
vt 0.453349 0.500085
vt 0.395646 0.500084
vt 0.396803 0.464832
vt 0.189522 0.155897
vt 0.213384 0.155370
vt 0.181859 0.220354
vt 0.153988 0.223174
vt 0.453696 0.443274
vt 0.389774 0.426929
vt 0.156462 0.273246
vt 0.127432 0.276549
vt 0.132310 0.326361
vt 0.093102 0.333658
vt 0.068811 0.283643
vt 0.098452 0.281216
vt 0.076684 0.322943
vt 0.055510 0.309751
vt 0.043524 0.325014
vt 0.051083 0.357374
vt 0.027594 0.373112
vt 0.027561 0.334378
vt 0.012257 0.369681
vt 0.015359 0.331379
vt 0.440770 0.108389
vt 0.441644 0.082909
vt 0.486675 0.075184
vt 0.487140 0.102573
vt 0.021080 0.411937
vt 0.012880 0.388914
vt 0.056357 0.380564
vt 0.043684 0.299369
vt 0.048629 0.286683
vt 0.022643 0.311422
vt 0.026850 0.314071
vt 0.036743 0.309483
vt 0.283416 0.414305
vt 0.337164 0.418348
vt 0.343088 0.461262
vt 0.284194 0.455461
vt 0.345689 0.500084
vt 0.287085 0.500083
vt 0.244681 0.451456
vt 0.266463 0.411851
vt 0.124568 0.343292
vt 0.046909 0.425553
vt 0.025692 0.435680
vt 0.049503 0.441154
vt 0.023984 0.449476
vt 0.055982 0.457135
vt 0.021071 0.472206
vt 0.190937 0.453314
vt 0.110727 0.475734
vt 0.222650 0.500082
vt 0.155263 0.500082
vt 0.250047 0.500083
vt 0.566834 0.712296
vt 0.586770 0.647880
vt 0.607398 0.637130
vt 0.586752 0.714937
vt 0.566172 0.866776
vt 0.544126 0.775749
vt 0.567562 0.780622
vt 0.583183 0.852306
vt 0.614087 0.581478
vt 0.622345 0.591940
vt 0.584996 0.929434
vt 0.601637 0.928510
vt 0.550868 0.761337
vt 0.569986 0.763772
vt 0.616784 0.959624
vt 0.622673 0.947410
vt 0.640629 0.767822
vt 0.641942 0.783571
vt 0.665558 0.650695
vt 0.647875 0.726954
vt 0.669400 0.900378
vt 0.678113 0.926612
vt 0.652862 0.838908
vt 0.677072 0.611402
vt 0.319354 0.097151
vt 0.301769 0.142745
vt 0.273220 0.165114
vt 0.294886 0.119182
vt 0.333406 0.062421
vt 0.306579 0.091926
vt 0.029510 0.287107
vt 0.313241 0.077610
vt 0.346444 0.027685
vt 0.436967 0.056232
vt 0.481557 0.043731
vt 0.427001 0.020131
vt 0.470208 0.007400
vt 0.061942 0.232997
vt 0.073146 0.232848
vt 0.092408 0.229358
vt 0.120333 0.225165
vt 0.140314 0.107844
vt 0.106788 0.105518
vt 0.120776 0.077087
vt 0.158159 0.079641
vt 0.166660 0.106852
vt 0.186066 0.079716
vt 0.190190 0.110795
vt 0.211074 0.087509
vt 0.135680 0.037461
vt 0.176766 0.041017
vt 0.209089 0.041884
vt 0.238003 0.049347
vt 0.218924 0.111744
vt 0.247932 0.031853
vt 0.282553 0.038767
vt 0.144480 0.017517
vt 0.188956 0.021535
vt 0.220246 0.025847
vt 0.567176 0.437225
vt 0.565556 0.462332
vt 0.563157 0.499644
vt 0.308075 0.046008
vt 0.378352 0.196903
vt 0.413475 0.216759
vt 0.313356 0.216760
vt 0.303956 0.196854
vt 0.303149 0.171028
vt 0.275678 0.181305
vt 0.304670 0.090927
vt 0.311428 0.076543
vt 0.301075 0.198041
vt 0.274330 0.182788
vt 0.271152 0.164728
vt 0.292942 0.118190
vt 0.309405 0.216760
vt 0.686450 0.830593
vt 0.702498 0.890851
vt 0.678432 0.768171
vt 0.678353 0.781388
vt 0.690322 0.664282
vt 0.675386 0.733357
vt 0.710943 0.916756
vt 0.708917 0.621851
vt 0.702022 0.667244
vt 0.687263 0.735043
vt 0.737700 0.671565
vt 0.712421 0.743019
vt 0.713291 0.767560
vt 0.721106 0.822552
vt 0.746153 0.886756
vt 0.713816 0.777424
vt 0.747964 0.908503
vt 0.745537 0.628991
vt 0.752584 0.675875
vt 0.771748 0.624964
vt 0.778250 0.667134
vt 0.763050 0.692039
vt 0.730333 0.747438
vt 0.747052 0.742261
vt 0.739635 0.811739
vt 0.723499 0.775066
vt 0.742233 0.779250
vt 0.755716 0.813487
vt 0.774165 0.912577
vt 0.761332 0.881955
vt 0.769894 0.858948
vt 0.778250 0.870771
vt 0.721601 0.767898
vt 0.740425 0.768540
vt 0.403121 0.270942
vt 0.413678 0.339285
vt 0.403542 0.338845
vt 0.394420 0.276563
vt 0.399546 0.397014
vt 0.377362 0.407575
vt 0.380776 0.392642
vt 0.391036 0.388632
vt 0.355951 0.290052
vt 0.382374 0.252919
vt 0.383426 0.267701
vt 0.365172 0.293061
vt 0.355951 0.369510
vt 0.366172 0.366770
vt 0.543073 0.533181
vt 0.518326 0.526991
vt 0.547659 0.557289
vt 0.515974 0.549997
vt 0.291605 0.935095
vt 0.270011 0.943231
vt 0.241978 0.911249
vt 0.263028 0.905027
vt 0.440154 0.297023
vt 0.436914 0.272085
vt 0.483239 0.277116
vt 0.480398 0.301939
vt 0.475296 0.253918
vt 0.433293 0.250509
vt 0.455882 0.528670
vt 0.396803 0.535336
vt 0.189508 0.844290
vt 0.153981 0.777013
vt 0.181847 0.779832
vt 0.213384 0.844805
vt 0.453696 0.556895
vt 0.389774 0.573239
vt 0.127425 0.723641
vt 0.156453 0.726944
vt 0.093098 0.666534
vt 0.132303 0.673832
vt 0.068807 0.716547
vt 0.055507 0.690440
vt 0.076680 0.677249
vt 0.098446 0.718974
vt 0.043522 0.675178
vt 0.027560 0.665814
vt 0.027593 0.627082
vt 0.051081 0.642820
vt 0.015358 0.668813
vt 0.012257 0.630513
vt 0.440770 0.328443
vt 0.487140 0.334259
vt 0.486675 0.361648
vt 0.441644 0.353923
vt 0.012880 0.611280
vt 0.021080 0.588258
vt 0.056356 0.619631
vt 0.048626 0.713507
vt 0.043682 0.700821
vt 0.026849 0.686121
vt 0.022642 0.688769
vt 0.036741 0.690709
vt 0.283416 0.585860
vt 0.284194 0.544705
vt 0.343088 0.538905
vt 0.337164 0.581819
vt 0.266463 0.588314
vt 0.244681 0.548709
vt 0.124563 0.656901
vt 0.025692 0.564516
vt 0.046909 0.574644
vt 0.023985 0.550721
vt 0.049502 0.559043
vt 0.021072 0.527991
vt 0.055982 0.543062
vt 0.110727 0.524430
vt 0.190937 0.546850
vt 0.495900 0.713341
vt 0.475982 0.715982
vt 0.455336 0.638175
vt 0.475964 0.648925
vt 0.496562 0.867821
vt 0.479551 0.853351
vt 0.495172 0.781667
vt 0.518608 0.776794
vt 0.440389 0.592985
vt 0.448647 0.582523
vt 0.477738 0.930479
vt 0.461097 0.929555
vt 0.511866 0.762382
vt 0.492748 0.764817
vt 0.445950 0.960669
vt 0.440061 0.948455
vt 0.420792 0.784616
vt 0.422105 0.768867
vt 0.414859 0.727999
vt 0.397176 0.651740
vt 0.384621 0.927657
vt 0.393334 0.901423
vt 0.409872 0.839953
vt 0.385662 0.612447
vt 0.319354 0.336368
vt 0.294886 0.314337
vt 0.273220 0.268405
vt 0.301769 0.290774
vt 0.333406 0.371098
vt 0.306579 0.341593
vt 0.029508 0.713083
vt 0.346444 0.405834
vt 0.313241 0.355909
vt 0.481557 0.393101
vt 0.436967 0.380600
vt 0.470209 0.429431
vt 0.427001 0.416700
vt 0.073142 0.767338
vt 0.061938 0.767189
vt 0.092403 0.770828
vt 0.120327 0.775021
vt 0.140211 0.892435
vt 0.157643 0.920629
vt 0.120317 0.923143
vt 0.106641 0.894713
vt 0.166612 0.893489
vt 0.186895 0.920499
vt 0.190334 0.889590
vt 0.211526 0.912830
vt 0.176361 0.959009
vt 0.135422 0.962612
vt 0.208661 0.958077
vt 0.237652 0.950640
vt 0.219233 0.888509
vt 0.281932 0.961335
vt 0.247401 0.968124
vt 0.188645 0.978418
vt 0.144335 0.982483
vt 0.219811 0.974096
vt 0.565705 0.536920
vt 0.567416 0.562000
vt 0.307457 0.954245
vt 0.378352 0.236616
vt 0.303956 0.236665
vt 0.303149 0.262491
vt 0.275678 0.252214
vt 0.311428 0.356976
vt 0.304670 0.342593
vt 0.274330 0.250731
vt 0.301075 0.235478
vt 0.292942 0.315329
vt 0.271152 0.268791
vt 0.360236 0.891896
vt 0.376284 0.831638
vt 0.384381 0.782433
vt 0.384302 0.769216
vt 0.387348 0.734402
vt 0.372412 0.665327
vt 0.351791 0.917800
vt 0.353816 0.622896
vt 0.375471 0.736088
vt 0.360712 0.668289
vt 0.350313 0.744064
vt 0.325034 0.672610
vt 0.349443 0.768605
vt 0.316581 0.887801
vt 0.341628 0.823597
vt 0.348918 0.778469
vt 0.314770 0.909548
vt 0.317197 0.630036
vt 0.310150 0.676920
vt 0.299684 0.693084
vt 0.284484 0.668179
vt 0.290986 0.626009
vt 0.332401 0.748483
vt 0.315682 0.743306
vt 0.323099 0.812784
vt 0.307018 0.814532
vt 0.320501 0.780295
vt 0.339235 0.776111
vt 0.288569 0.913622
vt 0.284484 0.871816
vt 0.292840 0.859993
vt 0.301402 0.883000
vt 0.341133 0.768943
vt 0.322309 0.769585
vt 0.361847 0.046013
vt 0.370548 0.051633
vt 0.361426 0.113916
vt 0.351290 0.114355
vt 0.365421 0.172085
vt 0.373932 0.163702
vt 0.384191 0.167713
vt 0.387606 0.182646
vt 0.409016 0.065122
vt 0.399796 0.068132
vt 0.381541 0.042772
vt 0.382593 0.027989
vt 0.409016 0.144580
vt 0.398796 0.141840
vt 0.381093 0.047713
vt 0.371342 0.057472
vt 0.401755 0.338020
vt 0.393626 0.282401
vt 0.367175 0.296944
vt 0.368026 0.363138
vt 0.374337 0.157594
vt 0.383641 0.162531
vt 0.363212 0.113090
vt 0.381327 0.387460
vt 0.383875 0.272643
vt 0.396941 0.138208
vt 0.397793 0.072014
vt 0.390631 0.382524
vt 0.965170 0.712818
vt 0.953129 0.776260
vt 0.944505 0.775466
vt 0.956219 0.712691
vt 0.985063 0.571230
vt 0.976213 0.572679
vt 0.935252 0.828137
vt 0.927201 0.826810
vt 0.869948 0.073443
vt 0.863052 0.022176
vt 0.873046 0.026169
vt 0.879641 0.076693
vt 0.891484 0.924109
vt 0.876306 0.828137
vt 0.884357 0.826810
vt 0.900406 0.921865
vt 0.883797 0.175953
vt 0.892681 0.177732
vt 0.894059 0.249490
vt 0.904935 0.263722
vt 0.920075 0.924109
vt 0.916515 0.972302
vt 0.906624 0.969621
vt 0.911152 0.921865
vt 0.948505 0.022176
vt 0.941610 0.073443
vt 0.931917 0.076693
vt 0.938512 0.026169
vt 0.927761 0.175953
vt 0.918877 0.177733
vt 0.955098 0.377012
vt 0.945797 0.382091
vt 0.858429 0.776260
vt 0.867053 0.775466
vt 0.846388 0.712818
vt 0.855340 0.712691
vt 0.826495 0.571229
vt 0.835345 0.572678
vt 0.895043 0.972303
vt 0.904935 0.969622
vt 0.917499 0.249491
vt 0.906623 0.263723
vt 0.856461 0.377011
vt 0.865763 0.382091
vt 0.161371 0.843815
vt 0.135413 0.844142
vt 0.120004 0.841840
vt 0.094240 0.843257
vt 0.496205 0.550651
vt 0.495530 0.525181
vt 0.243172 0.886759
vt 0.495356 0.500094
vt 0.161349 0.156377
vt 0.135401 0.156050
vt 0.120000 0.158348
vt 0.094251 0.156925
vt 0.495539 0.475002
vt 0.496210 0.449517
vt 0.242889 0.113417
s 1
f 135/143/122 136/144/123 138/145/125 137/146/124
f 137/146/124 138/145/125 140/147/127 139/148/126
f 139/149/126 140/150/127 142/151/129 141/152/128
f 228/153/215 146/154/133 145/155/132 225/156/212
f 227/157/214 226/158/213 144/159/131 143/160/130
f 226/158/213 225/156/212 145/155/132 144/159/131
f 473/161/457 472/162/456 147/163/134 148/164/135
f 462/165/446 463/166/447 149/167/136 150/168/137
f 463/169/447 473/161/457 148/164/135 149/170/136
f 150/168/137 149/167/136 151/171/138 152/172/139
f 152/172/139 151/171/138 153/173/140 154/174/141
f 156/175/143 155/176/142 157/177/144 158/178/145
f 154/174/141 157/177/144 155/176/142 152/172/139
f 168/179/155 167/180/154 159/181/146 160/182/147
f 160/182/147 159/181/146 161/183/148 162/184/149
f 231/185/218 229/186/216 164/187/151 163/188/150
f 159/181/146 166/189/153 165/190/152 161/183/148
f 158/178/145 157/177/144 167/180/154 168/179/155
f 169/191/156 166/189/153 159/181/146 167/180/154
f 154/174/141 169/191/156 167/180/154 157/177/144
f 156/175/143 158/178/145 171/192/158 170/193/157
f 160/182/147 162/184/149 173/194/160 172/195/159
f 158/178/145 168/179/155 174/196/161 171/192/158
f 168/179/155 160/182/147 172/195/159 174/196/161
f 153/197/140 151/198/138 175/199/162 176/200/163
f 176/200/163 175/199/162 177/201/164 178/202/165
f 147/163/134 177/201/164 175/199/162 148/164/135
f 148/164/135 175/199/162 151/198/138 149/170/136
f 153/197/140 176/200/163 180/203/167 179/204/166
f 153/173/140 179/205/166 169/191/156 154/174/141
f 166/189/153 169/191/156 182/206/169 181/207/168
f 181/207/168 182/206/169 184/208/171 183/209/170
f 183/209/170 184/208/171 186/210/173 185/211/172
f 185/211/172 186/210/173 188/212/175 187/213/174
f 187/213/174 188/212/175 190/214/177 189/215/176
f 190/214/177 188/212/175 180/203/167 192/216/179
f 178/202/165 192/216/179 180/203/167 176/200/163
f 182/217/169 169/218/156 191/219/178 195/220/182
f 188/221/175 186/222/173 197/223/184 198/224/185
f 169/218/156 179/225/166 193/226/180 191/219/178
f 180/227/167 188/221/175 198/224/185 194/228/181
f 184/229/171 182/217/169 195/220/182 196/230/183
f 186/222/173 184/229/171 196/230/183 197/223/184
f 179/231/166 180/227/167 194/228/181 193/232/180
f 197/223/184 196/230/183 203/233/190 204/234/191
f 195/220/182 191/219/178 199/235/186 202/236/189
f 193/232/180 194/228/181 201/237/188 200/238/187
f 198/224/185 197/223/184 204/234/191 205/239/192
f 196/230/183 195/220/182 202/236/189 203/233/190
f 191/219/178 193/226/180 200/240/187 199/235/186
f 194/228/181 198/224/185 205/239/192 201/237/188
f 181/241/168 183/242/170 210/243/197 208/244/195
f 166/245/153 181/241/168 208/244/195 207/246/194
f 172/195/159 173/194/160 206/247/193
f 170/193/157 171/192/158 206/247/193
f 174/196/161 172/195/159 206/247/193
f 171/192/158 174/196/161 206/247/193
f 207/246/194 209/248/196 165/249/152 166/245/153
f 229/186/216 230/250/217 211/251/198 164/187/151
f 230/250/217 232/252/219 212/253/199 211/251/198
f 170/193/157 206/247/193 216/254/203 215/255/202
f 156/175/143 170/193/157 215/255/202 213/256/200
f 155/176/142 156/175/143 213/256/200 214/257/201
f 452/258/436 450/259/434 220/260/207 218/261/205
f 451/262/435 452/258/436 218/261/205 217/263/204
f 449/264/433 451/262/435 217/263/204 219/265/206
f 218/261/205 220/260/207 224/266/211 222/267/209
f 217/263/204 218/261/205 222/267/209 221/268/208
f 219/265/206 217/263/204 221/268/208 223/269/210
f 152/172/139 155/176/142 214/257/201 150/168/137
f 445/270/429 449/264/433 219/265/206 142/151/129
f 142/151/129 219/265/206 223/269/210 141/152/128
f 228/153/215 231/185/218 163/188/150 146/154/133
f 141/152/128 223/269/210 231/271/218 228/272/215
f 222/267/209 224/266/211 232/273/219 230/274/217
f 221/268/208 222/267/209 230/274/217 229/275/216
f 223/269/210 221/268/208 229/275/216 231/271/218
f 137/146/124 139/148/126 225/276/212 226/277/213
f 135/143/122 137/146/124 226/277/213 227/278/214
f 141/152/128 228/272/215 225/279/212 139/149/126
f 187/280/174 189/281/176 235/282/222 234/283/221
f 185/284/172 187/280/174 234/283/221 233/285/220
f 185/284/172 233/285/220 210/243/197 183/242/170
f 209/248/196 207/246/194 236/286/223 238/287/225
f 233/285/220 234/283/221 241/288/228 240/289/227
f 208/244/195 210/243/197 239/290/226 237/291/224
f 210/243/197 233/285/220 240/289/227 239/290/226
f 207/246/194 208/244/195 237/291/224 236/286/223
f 234/283/221 235/282/222 242/292/229 241/288/228
f 209/248/196 238/287/225 165/249/152
f 201/237/188 205/239/192 249/293/236 245/294/232
f 204/234/191 203/233/190 247/295/234 248/296/235
f 202/236/189 199/235/186 243/297/230 246/298/233
f 200/238/187 201/237/188 245/294/232 244/299/231
f 205/239/192 204/234/191 248/296/235 249/293/236
f 203/233/190 202/236/189 246/298/233 247/295/234
f 199/235/186 200/240/187 244/300/231 243/297/230
f 246/298/233 243/297/230 250/301/237 251/302/238
f 246/298/233 251/302/238 247/295/234
f 244/300/231 250/301/237 243/297/230
f 251/302/238 250/301/237 257/303/244 258/304/245
f 247/295/234 251/302/238 258/304/245 254/305/241
f 245/294/232 249/293/236 256/306/243 253/307/240
f 248/296/235 247/295/234 254/305/241 255/308/242
f 244/299/231 245/294/232 253/307/240 252/309/239
f 250/301/237 244/300/231 252/310/239 257/303/244
f 249/293/236 248/296/235 255/308/242 256/306/243
f 274/311/261 273/312/260 259/313/246 264/314/251
f 275/315/262 274/311/261 264/314/251 265/316/252
f 277/317/264 276/318/263 262/319/249 263/320/250
f 273/321/260 278/322/265 260/323/247 259/324/246
f 279/325/266 275/315/262 265/316/252 261/326/248
f 278/322/265 277/317/264 263/320/250 260/323/247
f 276/318/263 279/325/266 261/326/248 262/319/249
f 260/327/247 263/328/250 270/329/257 267/330/254
f 262/331/249 261/332/248 268/333/255 269/334/256
f 264/335/251 259/336/246 266/337/253 271/338/258
f 265/339/252 264/335/251 271/338/258 272/340/259
f 263/328/250 262/331/249 269/334/256 270/329/257
f 259/336/246 260/327/247 267/330/254 266/337/253
f 261/332/248 265/339/252 272/340/259 268/333/255
f 255/308/242 254/305/241 279/325/266 276/318/263
f 253/307/240 256/306/243 277/317/264 278/322/265
f 254/305/241 258/304/245 275/315/262 279/325/266
f 252/309/239 253/307/240 278/322/265 273/321/260
f 256/306/243 255/308/242 276/318/263 277/317/264
f 258/304/245 257/303/244 274/311/261 275/315/262
f 257/303/244 252/310/239 273/312/260 274/311/261
f 135/143/122 280/341/267 281/342/268 136/144/123
f 280/341/267 282/343/269 283/344/270 281/342/268
f 282/345/269 284/346/271 285/347/272 283/348/270
f 363/349/350 361/350/348 287/351/274 288/352/275
f 227/157/214 143/160/130 286/353/273 362/354/349
f 362/354/349 286/353/273 287/351/274 361/350/348
f 476/355/460 289/356/276 147/163/134 472/162/456
f 466/357/450 291/358/278 290/359/277 467/360/451
f 467/361/451 290/362/277 289/356/276 476/355/460
f 291/358/278 293/363/280 292/364/279 290/359/277
f 293/363/280 295/365/282 294/366/281 292/364/279
f 297/367/284 299/368/286 298/369/285 296/370/283
f 295/365/282 293/363/280 296/370/283 298/369/285
f 309/371/296 301/372/288 300/373/287 308/374/295
f 301/372/288 303/375/290 302/376/289 300/373/287
f 366/377/353 304/378/291 305/379/292 364/380/351
f 300/373/287 302/376/289 306/381/293 307/382/294
f 299/368/286 309/371/296 308/374/295 298/369/285
f 310/383/297 308/374/295 300/373/287 307/382/294
f 295/365/282 298/369/285 308/374/295 310/383/297
f 297/367/284 311/384/298 312/385/299 299/368/286
f 301/372/288 313/386/300 314/387/301 303/375/290
f 299/368/286 312/385/299 315/388/302 309/371/296
f 309/371/296 315/388/302 313/386/300 301/372/288
f 294/389/281 317/390/304 316/391/303 292/392/279
f 317/390/304 178/202/165 177/201/164 316/391/303
f 147/163/134 289/356/276 316/391/303 177/201/164
f 289/356/276 290/362/277 292/392/279 316/391/303
f 294/389/281 318/393/305 319/394/306 317/390/304
f 294/366/281 295/365/282 310/383/297 318/395/305
f 307/382/294 320/396/307 321/397/308 310/383/297
f 320/396/307 322/398/309 323/399/310 321/397/308
f 322/398/309 324/400/311 325/401/312 323/399/310
f 324/400/311 326/402/313 327/403/314 325/401/312
f 326/402/313 189/215/176 190/214/177 327/403/314
f 190/214/177 192/216/179 319/394/306 327/403/314
f 178/202/165 317/390/304 319/394/306 192/216/179
f 321/404/308 331/405/318 328/406/315 310/407/297
f 327/408/314 334/409/321 333/410/320 325/411/312
f 310/407/297 328/406/315 329/412/316 318/413/305
f 319/414/306 330/415/317 334/409/321 327/408/314
f 323/416/310 332/417/319 331/405/318 321/404/308
f 325/411/312 333/410/320 332/417/319 323/416/310
f 318/418/305 329/419/316 330/415/317 319/414/306
f 333/410/320 340/420/327 339/421/326 332/417/319
f 331/405/318 338/422/325 335/423/322 328/406/315
f 329/419/316 336/424/323 337/425/324 330/415/317
f 334/409/321 341/426/328 340/420/327 333/410/320
f 332/417/319 339/421/326 338/422/325 331/405/318
f 328/406/315 335/423/322 336/427/323 329/412/316
f 330/415/317 337/425/324 341/426/328 334/409/321
f 320/428/307 344/429/331 346/430/333 322/431/309
f 307/432/294 343/433/330 344/429/331 320/428/307
f 313/386/300 342/434/329 314/387/301
f 311/384/298 342/434/329 312/385/299
f 315/388/302 342/434/329 313/386/300
f 312/385/299 342/434/329 315/388/302
f 343/433/330 307/432/294 306/435/293 345/436/332
f 364/380/351 305/379/292 347/437/334 365/438/352
f 365/438/352 347/437/334 348/439/335 367/440/354
f 311/384/298 351/441/338 352/442/339 342/434/329
f 297/367/284 349/443/336 351/441/338 311/384/298
f 296/370/283 350/444/337 349/443/336 297/367/284
f 459/445/443 354/446/341 356/447/343 457/448/441
f 458/449/442 353/450/340 354/446/341 459/445/443
f 456/451/440 355/452/342 353/450/340 458/449/442
f 354/446/341 358/453/345 360/454/347 356/447/343
f 353/450/340 357/455/344 358/453/345 354/446/341
f 355/452/342 359/456/346 357/455/344 353/450/340
f 293/363/280 291/358/278 350/444/337 296/370/283
f 453/457/437 285/347/272 355/452/342 456/451/440
f 285/347/272 284/346/271 359/456/346 355/452/342
f 363/349/350 288/352/275 304/378/291 366/377/353
f 284/346/271 363/458/350 366/459/353 359/456/346
f 358/453/345 365/460/352 367/461/354 360/454/347
f 357/455/344 364/462/351 365/460/352 358/453/345
f 359/456/346 366/459/353 364/462/351 357/455/344
f 280/341/267 362/463/349 361/464/348 282/343/269
f 135/143/122 227/278/214 362/463/349 280/341/267
f 284/346/271 282/345/269 361/465/348 363/458/350
f 326/466/313 369/467/356 235/282/222 189/281/176
f 324/468/311 368/469/355 369/467/356 326/466/313
f 324/468/311 322/431/309 346/430/333 368/469/355
f 345/436/332 372/470/225 370/471/223 343/433/330
f 368/469/355 374/472/358 375/473/359 369/467/356
f 344/429/331 371/474/224 373/475/357 346/430/333
f 346/430/333 373/475/357 374/472/358 368/469/355
f 343/433/330 370/471/223 371/474/224 344/429/331
f 369/467/356 375/473/359 242/292/229 235/282/222
f 345/436/332 306/435/293 372/470/225
f 337/425/324 378/476/362 382/477/366 341/426/328
f 340/420/327 381/478/365 380/479/364 339/421/326
f 338/422/325 379/480/363 376/481/360 335/423/322
f 336/424/323 377/482/361 378/476/362 337/425/324
f 341/426/328 382/477/366 381/478/365 340/420/327
f 339/421/326 380/479/364 379/480/363 338/422/325
f 335/423/322 376/481/360 377/483/361 336/427/323
f 379/480/363 384/484/368 383/485/367 376/481/360
f 379/480/363 380/479/364 384/484/368
f 377/483/361 376/481/360 383/485/367
f 384/484/368 391/486/375 390/487/374 383/485/367
f 380/479/364 387/488/371 391/486/375 384/484/368
f 378/476/362 386/489/370 389/490/373 382/477/366
f 381/478/365 388/491/372 387/488/371 380/479/364
f 377/482/361 385/492/369 386/489/370 378/476/362
f 383/485/367 390/487/374 385/493/369 377/483/361
f 382/477/366 389/490/373 388/491/372 381/478/365
f 407/494/391 397/495/381 392/496/376 406/497/390
f 408/498/392 398/499/382 397/495/381 407/494/391
f 410/500/394 396/501/380 395/502/379 409/503/393
f 406/504/390 392/505/376 393/506/377 411/507/395
f 412/508/396 394/509/378 398/499/382 408/498/392
f 411/507/395 393/506/377 396/501/380 410/500/394
f 409/503/393 395/502/379 394/509/378 412/508/396
f 393/510/377 400/511/384 403/512/387 396/513/380
f 395/514/379 402/515/386 401/516/385 394/517/378
f 397/518/381 404/519/388 399/520/383 392/521/376
f 398/522/382 405/523/389 404/519/388 397/518/381
f 396/513/380 403/512/387 402/515/386 395/514/379
f 392/521/376 399/520/383 400/511/384 393/510/377
f 394/517/378 401/516/385 405/523/389 398/522/382
f 388/491/372 409/503/393 412/508/396 387/488/371
f 386/489/370 411/507/395 410/500/394 389/490/373
f 387/488/371 412/508/396 408/498/392 391/486/375
f 385/492/369 406/504/390 411/507/395 386/489/370
f 389/490/373 410/500/394 409/503/393 388/491/372
f 391/486/375 408/498/392 407/494/391 390/487/374
f 390/487/374 407/494/391 406/497/390 385/493/369
f 400/511/384 399/520/383 420/524/404 421/525/405
f 267/330/254 270/329/257 417/526/401 414/527/398
f 272/340/259 271/338/258 418/528/402 419/529/403
f 401/516/385 402/515/386 423/530/407 422/531/406
f 402/515/386 403/512/387 424/532/408 423/530/407
f 268/333/255 272/340/259 419/529/403 415/533/399
f 403/512/387 400/511/384 421/525/405 424/532/408
f 271/338/258 266/337/253 413/534/397 418/528/402
f 404/519/388 405/523/389 426/535/410 425/536/409
f 266/337/253 267/330/254 414/527/398 413/534/397
f 405/523/389 401/516/385 422/531/406 426/535/410
f 269/334/256 268/333/255 415/533/399 416/537/400
f 399/520/383 404/519/388 425/536/409 420/524/404
f 270/329/257 269/334/256 416/537/400 417/526/401
f 206/538/193 173/539/160 430/540/414 431/541/415
f 216/542/203 206/538/193 431/541/415 432/543/416
f 173/539/160 162/544/149 428/545/412 430/540/414
f 360/546/347 367/547/354 444/548/428 443/549/427
f 302/550/289 303/551/290 437/552/421 436/553/420
f 356/554/343 360/546/347 443/549/427 442/555/426
f 457/556/441 356/554/343 442/555/426 461/557/445
f 161/558/148 165/559/152 429/560/413 427/561/411
f 232/562/219 224/563/211 434/564/418 435/565/419
f 224/563/211 220/566/207 433/567/417 434/564/418
f 465/568/449 216/542/203 432/543/416 470/569/454
f 303/551/290 314/570/301 439/571/423 437/552/421
f 162/544/149 161/558/148 427/561/411 428/545/412
f 314/570/301 342/572/329 440/573/424 439/571/423
f 342/572/329 352/574/339 441/575/425 440/573/424
f 306/576/293 302/550/289 436/553/420 438/577/422
f 220/566/207 450/578/434 460/579/444 433/567/417
f 469/580/453 457/556/441 461/557/445 471/581/455
f 466/357/450 453/457/437 456/451/440 468/582/452
f 468/582/452 456/451/440 458/449/442 477/583/461
f 477/583/461 458/449/442 459/445/443 478/584/462
f 478/584/462 459/445/443 457/448/441 469/585/453
f 283/344/270 455/586/439 454/587/438 281/342/268
f 285/347/272 453/457/437 455/588/439 283/348/270
f 281/342/268 454/587/438 446/589/430 136/144/123
f 462/165/446 464/590/448 449/264/433 445/270/429
f 464/590/448 474/591/458 451/262/435 449/264/433
f 474/591/458 475/592/459 452/258/436 451/262/435
f 475/592/459 465/593/449 450/259/434 452/258/436
f 140/147/127 138/145/125 447/594/431 448/595/432
f 142/151/129 140/150/127 448/596/432 445/270/429
f 138/145/125 136/144/123 446/589/430 447/594/431
f 215/255/202 216/254/203 465/593/449 475/592/459
f 213/256/200 215/255/202 475/592/459 474/591/458
f 214/257/201 213/256/200 474/591/458 464/590/448
f 150/168/137 214/257/201 464/590/448 462/165/446
f 351/441/338 478/584/462 469/585/453 352/442/339
f 349/443/336 477/583/461 478/584/462 351/441/338
f 350/444/337 468/582/452 477/583/461 349/443/336
f 291/358/278 466/357/450 468/582/452 350/444/337
f 352/574/339 469/580/453 471/581/455 441/575/425
f 450/578/434 465/568/449 470/569/454 460/579/444
f 455/586/439 467/361/451 476/355/460 454/587/438
f 453/457/437 466/357/450 467/360/451 455/588/439
f 454/587/438 476/355/460 472/162/456 446/589/430
f 448/595/432 447/594/431 473/161/457 463/169/447
f 445/270/429 448/596/432 463/166/447 462/165/446
f 447/594/431 446/589/430 472/162/456 473/161/457
o shorts
v -0.000000 -0.210530 -0.119007
v 0.079562 -0.209695 -0.120434
v 0.136042 -0.218499 -0.079055
v 0.143026 -0.228664 -0.030721
v 0.126695 -0.236622 0.019219
v 0.090595 -0.242725 0.051935
v 0.015045 -0.245671 0.066111
v 0.166111 -0.276970 -0.045238
v 0.146317 -0.283181 0.016547
v 0.153903 -0.250047 -0.039836
v 0.135283 -0.257145 0.017426
v 0.119027 -0.296413 0.047663
v 0.102050 -0.271363 0.048468
v 0.080479 -0.314623 0.056628
v 0.068373 -0.294506 0.058115
v 0.033893 -0.340173 0.050856
v 0.026306 -0.312920 0.057982
v 0.000000 -0.346424 0.047449
v 0.000000 -0.315765 0.060560
v 0.004795 -0.367009 -0.049779
v 0.004068 -0.360254 -0.001117
v -0.000000 -0.360214 -0.049041
v -0.000000 -0.359511 -0.000833
v 0.161152 -0.282515 -0.108516
v 0.148375 -0.250572 -0.100670
v 0.103277 -0.311813 -0.154219
v 0.094897 -0.259055 -0.149709
v 0.022735 -0.331949 -0.144760
v 0.029545 -0.273550 -0.154463
v -0.000000 -0.339056 -0.128889
v -0.000000 -0.278936 -0.150065
v 0.055997 -0.273474 0.060059
v 0.021107 -0.286657 0.062679
v 0.000000 -0.285682 0.064853
v 0.000000 -0.245837 0.066345
v 0.043999 -0.245604 0.061254
v 0.180638 -0.335048 -0.045238
v 0.162569 -0.337294 0.012945
v 0.130408 -0.343526 0.046061
v 0.088775 -0.352701 0.060575
v 0.033257 -0.369831 0.050902
v 0.003331 -0.374262 -0.049779
v 0.003357 -0.373799 -0.001117
v 0.167543 -0.339350 -0.103142
v 0.103614 -0.353421 -0.150131
v 0.029578 -0.360476 -0.137040
v -0.000000 -0.175249 -0.097774
v 0.078398 -0.174566 -0.091034
v 0.117552 -0.181137 -0.053203
v 0.124629 -0.188578 -0.018272
v 0.113317 -0.194127 0.022343
v 0.084444 -0.198336 0.048811
v 0.022558 -0.200702 0.065953
v 0.000000 -0.200838 0.066159
v 0.047618 -0.200774 0.061749
v 0.077646 -0.244014 0.053474
v 0.077921 -0.260592 0.055111
v 0.074886 -0.199561 0.053350
v 0.109183 -0.180546 -0.062398
v 0.125776 -0.216871 -0.087830
v 0.129156 -0.212643 -0.091389
v 0.139293 -0.214401 -0.082741
v 0.112563 -0.176319 -0.065958
v 0.120932 -0.176910 -0.056762
v 0.091787 -0.242439 0.056465
v 0.085635 -0.198051 0.053341
v 0.078837 -0.243729 0.058004
v 0.076077 -0.199276 0.057880
v -0.000000 -0.203758 -0.117618
v 0.079780 -0.203300 -0.119119
v 0.139643 -0.213477 -0.072060
v 0.144145 -0.223227 -0.031573
v 0.126640 -0.228744 0.020297
v 0.095398 -0.230742 0.050888
v 0.020505 -0.232962 0.068594
v 0.000000 -0.232160 0.068836
v 0.042986 -0.232920 0.063569
v 0.000000 -0.180630 -0.103649
v 0.080121 -0.180034 -0.100333
v 0.125285 -0.188764 -0.056154
v 0.129862 -0.196677 -0.018710
v 0.117053 -0.201496 0.022249
v 0.090819 -0.204073 0.048948
v 0.020804 -0.204382 0.068430
v 0.000000 -0.205374 0.068644
v 0.046730 -0.204428 0.064081
v 0.073397 -0.232737 0.056329
v 0.071655 -0.203992 0.056006
v 0.112128 -0.186056 -0.075323
v 0.120439 -0.209497 -0.093556
v 0.020572 -0.232925 0.074707
v 0.000000 -0.232125 0.074949
v 0.000000 -0.205339 0.074757
v 0.020871 -0.204345 0.074543
v 0.010258 -0.233015 0.068715
v 0.010492 -0.204426 0.068537
v 0.010325 -0.232977 0.074828
v 0.010559 -0.204388 0.074650
v 0.182192 -0.359915 -0.045238
v 0.164123 -0.362161 0.012945
v 0.131962 -0.368393 0.045672
v 0.090329 -0.377568 0.060575
v 0.034516 -0.394698 0.050171
v 0.004885 -0.399129 -0.049779
v 0.004912 -0.398666 -0.001117
v 0.169097 -0.364217 -0.103142
v 0.105168 -0.378288 -0.150131
v 0.031132 -0.385343 -0.137040
v 0.183246 -0.334134 -0.045575
v 0.164649 -0.336445 0.014305
v 0.088703 -0.352301 0.063255
v 0.132241 -0.342859 0.048255
v 0.031567 -0.369931 0.053266
v 0.000796 -0.374015 -0.000167
v 0.000769 -0.374491 -0.050248
v 0.169973 -0.338561 -0.105324
v 0.104003 -0.353043 -0.153714
v 0.027728 -0.360303 -0.140139
v 0.184817 -0.359726 -0.045575
v 0.166220 -0.362037 0.014305
v 0.090275 -0.377894 0.063255
v 0.133812 -0.368451 0.048255
v 0.033138 -0.395523 0.053266
v 0.002367 -0.399607 -0.000167
v 0.002340 -0.400083 -0.050248
v 0.171544 -0.364154 -0.105324
v 0.105574 -0.378635 -0.153714
v 0.029299 -0.385895 -0.140139
v -0.079562 -0.209695 -0.120434
v -0.136042 -0.218499 -0.079055
v -0.143026 -0.228665 -0.030721
v -0.126695 -0.236622 0.019219
v -0.090595 -0.242725 0.051935
v -0.015045 -0.245671 0.066111
v -0.166111 -0.276970 -0.045238
v -0.146317 -0.283181 0.016547
v -0.153903 -0.250047 -0.039836
v -0.135283 -0.257145 0.017425
v -0.119027 -0.296413 0.047663
v -0.102050 -0.271363 0.048468
v -0.080479 -0.314623 0.056628
v -0.068373 -0.294506 0.058115
v -0.033893 -0.340174 0.050856
v -0.026306 -0.312920 0.057982
v -0.004795 -0.367009 -0.049779
v -0.004068 -0.360254 -0.001117
v -0.161152 -0.282515 -0.108516
v -0.148375 -0.250572 -0.100670
v -0.103277 -0.311813 -0.154219
v -0.094897 -0.259055 -0.149709
v -0.022735 -0.331949 -0.144760
v -0.029545 -0.273550 -0.154463
v -0.055997 -0.273474 0.060059
v -0.021107 -0.286657 0.062679
v -0.043999 -0.245604 0.061254
v -0.180638 -0.335048 -0.045238
v -0.162568 -0.337294 0.012945
v -0.130408 -0.343526 0.046060
v -0.088775 -0.352701 0.060575
v -0.033257 -0.369831 0.050902
v -0.003331 -0.374262 -0.049779
v -0.003357 -0.373799 -0.001117
v -0.167543 -0.339350 -0.103142
v -0.103614 -0.353421 -0.150131
v -0.029578 -0.360476 -0.137040
v -0.078398 -0.174566 -0.091034
v -0.117552 -0.181138 -0.053203
v -0.124629 -0.188578 -0.018272
v -0.113317 -0.194127 0.022343
v -0.084444 -0.198336 0.048811
v -0.022558 -0.200702 0.065953
v -0.047618 -0.200774 0.061749
v -0.077646 -0.244014 0.053474
v -0.077921 -0.260592 0.055111
v -0.074886 -0.199562 0.053350
v -0.109183 -0.180546 -0.062398
v -0.125776 -0.216871 -0.087830
v -0.129156 -0.212643 -0.091389
v -0.139293 -0.214401 -0.082741
v -0.112563 -0.176319 -0.065958
v -0.120932 -0.176910 -0.056762
v -0.091787 -0.242440 0.056465
v -0.085635 -0.198051 0.053341
v -0.078837 -0.243729 0.058004
v -0.076077 -0.199276 0.057880
v -0.079780 -0.203300 -0.119119
v -0.139643 -0.213477 -0.072060
v -0.144145 -0.223227 -0.031573
v -0.126640 -0.228744 0.020297
v -0.095398 -0.230742 0.050888
v -0.020505 -0.232962 0.068594
v -0.042986 -0.232920 0.063569
v -0.080121 -0.180034 -0.100333
v -0.125285 -0.188764 -0.056154
v -0.129862 -0.196677 -0.018710
v -0.117053 -0.201496 0.022249
v -0.090819 -0.204073 0.048948
v -0.020804 -0.204382 0.068430
v -0.046730 -0.204428 0.064081
v -0.073397 -0.232737 0.056329
v -0.071655 -0.203992 0.056006
v -0.112128 -0.186056 -0.075323
v -0.120439 -0.209497 -0.093556
v -0.020572 -0.232925 0.074707
v -0.020871 -0.204345 0.074543
v -0.010258 -0.233015 0.068715
v -0.010492 -0.204426 0.068537
v -0.010325 -0.232977 0.074828
v -0.010559 -0.204388 0.074650
v -0.182192 -0.359915 -0.045238
v -0.164123 -0.362161 0.012945
v -0.131962 -0.368393 0.045672
v -0.090329 -0.377568 0.060575
v -0.034516 -0.394698 0.050171
v -0.004885 -0.399129 -0.049779
v -0.004912 -0.398666 -0.001117
v -0.169097 -0.364217 -0.103142
v -0.105168 -0.378288 -0.150131
v -0.031132 -0.385343 -0.137040
v -0.183246 -0.334134 -0.045575
v -0.164649 -0.336445 0.014305
v -0.088703 -0.352301 0.063255
v -0.132241 -0.342859 0.048255
v -0.031567 -0.369931 0.053266
v -0.000796 -0.374015 -0.000167
v -0.000769 -0.374491 -0.050248
v -0.169973 -0.338562 -0.105324
v -0.104003 -0.353043 -0.153714
v -0.027728 -0.360303 -0.140139
v -0.184817 -0.359726 -0.045575
v -0.166220 -0.362038 0.014305
v -0.090275 -0.377894 0.063255
v -0.133812 -0.368451 0.048255
v -0.033138 -0.395523 0.053266
v -0.002367 -0.399607 -0.000167
v -0.002340 -0.400083 -0.050248
v -0.171544 -0.364154 -0.105324
v -0.105574 -0.378635 -0.153714
v -0.029299 -0.385895 -0.140138
vn -0.0000 -0.0945 0.9955
vn 0.0874 -0.1030 0.9908
vn 0.0905 -0.0273 0.9955
vn -0.0000 -0.0271 0.9996
vn 0.9127 0.3890 0.1250
vn 0.7830 0.2869 0.5519
vn 0.7909 0.2947 0.5364
vn 0.9390 0.3289 0.1004
vn 0.9148 0.3811 0.1341
vn 0.7970 0.2431 0.5529
vn 0.4438 0.1578 0.8821
vn 0.4708 0.1510 0.8692
vn 0.1399 -0.0245 0.9899
vn 0.1246 -0.0238 0.9919
vn 0.0535 -0.1906 0.9802
vn -0.0985 -0.3224 0.9415
vn -0.0000 -0.2601 0.9656
vn -0.0000 -0.9105 0.4136
vn -0.8436 -0.4923 -0.2142
vn -0.6899 -0.6530 0.3123
vn -0.0000 -0.9717 0.2363
vn -0.0000 -0.9772 -0.2122
vn 0.8322 0.2403 -0.4997
vn 0.7685 0.4847 -0.4178
vn 0.3005 -0.0381 -0.9530
vn 0.2816 0.3735 -0.8838
vn -0.2931 -0.3944 -0.8709
vn -0.1332 0.1594 -0.9782
vn -0.0000 -0.9079 -0.4191
vn -0.0000 -0.0342 -0.9994
vn 0.9110 0.1317 -0.3907
vn 0.5655 0.1496 -0.8111
vn 0.2816 0.5841 -0.7613
vn -0.0000 0.5357 -0.8444
vn 0.5051 -0.7169 0.4806
vn 0.1753 -0.0131 0.9844
vn 0.2172 0.0390 0.9754
vn 0.1858 -0.0004 0.9826
vn 0.1088 -0.5960 0.7956
vn -0.2657 0.9277 0.2624
vn -0.0811 0.9687 0.2346
vn -0.1442 0.9832 -0.1116
vn -0.2070 0.9783 0.0005
vn -0.3273 0.9403 0.0934
vn -0.0449 0.9844 -0.1704
vn 0.0403 0.9916 0.1227
vn -0.2767 0.9607 0.0224
vn -0.3069 0.9516 0.0165
vn 0.0597 0.9979 -0.0238
vn -0.6399 -0.0521 0.7667
vn 0.2105 -0.0155 0.9775
vn 0.8046 0.2244 0.5498
vn 0.9689 0.1501 0.1968
vn 0.8965 0.1401 0.4204
vn 0.9157 0.3828 0.1221
vn -0.0000 0.5841 -0.8117
vn 0.3097 0.6123 -0.7274
vn 0.0884 -0.0106 0.9960
vn -0.2857 0.4241 -0.8594
vn 0.4057 0.6458 -0.6468
vn -0.0125 -0.0712 -0.9974
vn -0.0000 0.0028 1.0000
vn 0.7388 0.1137 0.6643
vn 0.6114 -0.7392 0.2825
vn 0.9328 -0.3080 -0.1871
vn 0.7627 0.5738 -0.2983
vn -0.4577 0.7577 0.4652
vn -0.1918 0.0289 0.9810
vn -0.1844 -0.9339 0.3063
vn -0.1391 0.9899 -0.0257
vn 0.2308 -0.0158 0.9729
vn 0.2768 0.0285 0.9605
vn 0.2760 0.0250 0.9608
vn 0.2267 -0.0162 0.9738
vn 0.5058 0.1310 0.8527
vn 0.8278 0.2603 0.4970
vn 0.8019 0.2443 0.5452
vn 0.4787 0.1236 0.8692
vn 0.8995 0.4035 0.1678
vn 0.8051 0.5606 -0.1935
vn 0.7867 0.5722 -0.2317
vn 0.8993 0.4048 0.1656
vn 0.2908 0.6029 -0.7430
vn -0.0000 0.5767 -0.8169
vn 0.2724 0.6028 -0.7500
vn 0.6303 -0.0205 0.7761
vn 0.8591 -0.0183 0.5115
vn 0.5545 -0.0008 0.8322
vn 0.8035 -0.0048 0.5952
vn 0.5989 0.6017 -0.5284
vn 0.6076 0.6039 -0.5158
vn 0.0110 0.0062 0.9999
vn 0.0052 -1.0000 0.0061
vn -0.0899 0.9959 -0.0054
vn -1.0000 -0.0000 -0.0000
vn -0.0043 1.0000 -0.0061
vn -0.0825 -0.9966 0.0064
vn 0.0109 0.0066 0.9999
vn -0.3829 0.9185 0.0985
vn -0.3272 0.8938 0.3066
vn 0.1133 -0.9876 0.1086
vn -0.4454 0.8952 0.0154
vn 0.1327 -0.9846 0.1140
vn -0.1562 0.9410 0.3001
vn 0.0777 -0.9954 0.0565
vn -0.0098 0.9667 0.2556
vn 0.0782 0.9841 0.1597
vn 0.3133 -0.9435 -0.1081
vn -0.2960 0.9409 -0.1645
vn -0.0080 0.9600 -0.2801
vn 0.0937 0.9867 -0.1331
vn 0.7233 0.0444 -0.6891
vn 0.0468 0.0029 -0.9989
vn -0.9822 -0.0603 -0.1778
vn -0.9860 -0.0605 0.1551
vn 0.1211 0.9923 0.0251
vn 0.8662 0.0532 0.4969
vn 0.9971 0.0612 -0.0447
vn -0.7117 -0.0437 -0.7012
vn -0.7577 -0.0465 0.6510
vn -0.0311 -0.0019 0.9995
vn 0.4928 0.0303 0.8696
vn 0.0697 -0.9974 -0.0168
vn 0.3547 -0.9341 -0.0410
vn 0.1684 -0.9773 -0.1287
vn 0.1038 -0.9908 -0.0874
vn 0.3106 -0.9440 -0.1111
vn 0.3496 -0.9369 0.0087
vn -0.0905 -0.0273 0.9955
vn -0.0874 -0.1030 0.9908
vn -0.9127 0.3890 0.1250
vn -0.9390 0.3289 0.1004
vn -0.7909 0.2947 0.5364
vn -0.7830 0.2869 0.5519
vn -0.9148 0.3811 0.1341
vn -0.7970 0.2431 0.5529
vn -0.4708 0.1510 0.8692
vn -0.4438 0.1578 0.8821
vn -0.1246 -0.0238 0.9919
vn -0.1399 -0.0245 0.9899
vn 0.0985 -0.3224 0.9415
vn -0.0535 -0.1906 0.9802
vn 0.8436 -0.4923 -0.2142
vn 0.6900 -0.6530 0.3123
vn -0.7685 0.4847 -0.4178
vn -0.8322 0.2403 -0.4997
vn -0.2816 0.3735 -0.8838
vn -0.3005 -0.0381 -0.9530
vn 0.1331 0.1594 -0.9782
vn 0.2931 -0.3944 -0.8709
vn -0.9110 0.1317 -0.3907
vn -0.5655 0.1495 -0.8111
vn -0.2816 0.5841 -0.7613
vn -0.5051 -0.7169 0.4806
vn -0.1753 -0.0131 0.9844
vn -0.2172 0.0390 0.9754
vn -0.1858 -0.0004 0.9826
vn -0.1088 -0.5960 0.7956
vn 0.0811 0.9687 0.2346
vn 0.2657 0.9277 0.2624
vn 0.2070 0.9783 0.0005
vn 0.1442 0.9832 -0.1116
vn 0.3273 0.9403 0.0934
vn 0.0449 0.9844 -0.1704
vn -0.0403 0.9916 0.1227
vn 0.3069 0.9516 0.0165
vn 0.2767 0.9607 0.0224
vn -0.0597 0.9979 -0.0238
vn -0.2105 -0.0155 0.9775
vn 0.6399 -0.0521 0.7667
vn -0.9689 0.1501 0.1968
vn -0.8046 0.2244 0.5498
vn -0.9157 0.3828 0.1221
vn -0.8965 0.1401 0.4204
vn -0.3097 0.6123 -0.7274
vn -0.0884 -0.0106 0.9960
vn 0.0125 -0.0712 -0.9974
vn -0.4057 0.6458 -0.6468
vn 0.2857 0.4241 -0.8594
vn -0.6114 -0.7392 0.2825
vn -0.7388 0.1137 0.6643
vn -0.9328 -0.3080 -0.1871
vn -0.7627 0.5738 -0.2983
vn 0.4577 0.7577 0.4652
vn 0.1918 0.0289 0.9810
vn 0.1844 -0.9339 0.3063
vn 0.1391 0.9899 -0.0257
vn -0.2308 -0.0158 0.9729
vn -0.2267 -0.0162 0.9738
vn -0.2760 0.0250 0.9608
vn -0.2768 0.0285 0.9605
vn -0.5058 0.1310 0.8527
vn -0.4787 0.1236 0.8692
vn -0.8019 0.2443 0.5452
vn -0.8278 0.2603 0.4970
vn -0.8995 0.4035 0.1678
vn -0.8993 0.4048 0.1656
vn -0.7867 0.5722 -0.2317
vn -0.8051 0.5606 -0.1935
vn -0.2908 0.6029 -0.7430
vn -0.2724 0.6028 -0.7500
vn -0.6303 -0.0205 0.7761
vn -0.8591 -0.0183 0.5115
vn -0.8035 -0.0048 0.5952
vn -0.5545 -0.0008 0.8322
vn -0.5989 0.6017 -0.5284
vn -0.6076 0.6039 -0.5158
vn -0.0110 0.0062 0.9999
vn -0.0052 -1.0000 0.0061
vn 0.0899 0.9959 -0.0054
vn 0.0043 1.0000 -0.0061
vn 0.0825 -0.9966 0.0064
vn -0.0109 0.0066 0.9999
vn 0.3272 0.8938 0.3066
vn 0.3829 0.9185 0.0985
vn -0.1133 -0.9876 0.1086
vn 0.4454 0.8952 0.0154
vn -0.1327 -0.9846 0.1140
vn 0.1563 0.9410 0.3001
vn -0.0777 -0.9954 0.0564
vn -0.0782 0.9841 0.1597
vn 0.0098 0.9667 0.2556
vn -0.3133 -0.9435 -0.1081
vn 0.2960 0.9409 -0.1645
vn 0.0080 0.9600 -0.2801
vn -0.0468 0.0029 -0.9989
vn -0.7233 0.0444 -0.6891
vn -0.0937 0.9867 -0.1331
vn 0.9860 -0.0605 0.1551
vn 0.9822 -0.0603 -0.1778
vn -0.1211 0.9923 0.0251
vn -0.9971 0.0612 -0.0447
vn -0.8662 0.0532 0.4969
vn 0.7117 -0.0437 -0.7012
vn 0.7577 -0.0465 0.6510
vn -0.4928 0.0303 0.8696
vn 0.0311 -0.0019 0.9995
vn -0.0697 -0.9974 -0.0168
vn -0.3547 -0.9341 -0.0410
vn -0.1684 -0.9773 -0.1287
vn -0.1038 -0.9908 -0.0874
vn -0.3106 -0.9440 -0.1111
vn -0.3496 -0.9369 0.0087
vt 0.000000 0.000000
vt 0.750000 0.500000
vt 0.666667 0.500000
vt 0.750000 0.500000
vt 0.833333 0.500000
vt 0.849006 0.500000
vt 0.916667 0.500000
vt 1.000000 0.500000
vt 0.583333 0.500000
vt 0.269812 0.231267
vt 0.291938 0.250232
vt 0.290065 0.248627
vt 0.852060 0.500000
s 1
f 512/597/463 511/597/464 485/597/465 513/597/466
f 488/598/467 489/599/468 487/599/469 486/600/470
f 482/600/471 483/599/472 489/599/468 488/598/467
f 487/599/469 489/599/468 491/599/473 490/599/474
f 490/599/474 491/599/473 493/599/475 492/599/476
f 492/599/476 493/599/475 495/599/477 494/599/478
f 494/599/478 495/599/477 497/599/479 496/599/480
f 498/600/481 499/600/482 501/600/483 500/600/484
f 496/599/480 501/600/483 499/600/482 494/599/478
f 488/598/467 486/600/470 502/600/485 503/598/486
f 503/598/486 502/600/485 504/600/487 505/598/488
f 505/598/488 504/600/487 506/600/489 507/598/490
f 507/598/490 506/600/489 508/600/491 509/598/492
f 500/600/484 508/600/491 506/600/489 498/600/481
f 482/600/471 488/598/467 503/598/486 481/601/493
f 481/601/493 503/598/486 538/602/494
f 480/603/495 505/598/488 507/598/490 479/604/496
f 507/598/490 509/598/492 479/604/496
f 484/605/497 491/599/473 489/599/468 483/599/472
f 497/599/479 495/599/477 511/597/464 512/597/463
f 495/599/477 493/599/475 510/597/498 511/597/464
f 493/599/475 491/599/473 535/606/499 510/597/498
f 510/597/498 514/597/500 485/597/465 511/597/464
f 510/597/498 535/606/499 534/607/501 514/597/500
f 490/599/474 492/599/476 518/599/502 517/599/503
f 506/600/489 504/600/487 523/600/504 524/600/505
f 492/599/476 494/599/478 519/599/506 518/599/502
f 504/600/487 502/600/485 522/600/507 523/600/504
f 487/599/469 490/599/474 517/599/503 516/599/508
f 499/600/482 498/600/481 520/600/509 521/600/510
f 502/600/485 486/600/470 515/600/511 522/600/507
f 486/600/470 487/599/469 516/599/508 515/600/511
f 494/599/478 499/600/482 521/600/510 519/599/506
f 498/600/481 506/600/489 524/600/505 520/600/509
f 514/597/500 534/607/501 536/608/512 533/597/513
f 484/605/497 483/599/472 529/599/514 530/605/515
f 482/600/471 481/601/493 527/601/516 528/600/517
f 480/603/495 479/604/496 525/604/518 526/603/519
f 483/599/472 482/600/471 528/600/517 529/599/514
f 485/597/465 514/597/500 533/597/513 531/597/520
f 538/602/494 537/609/521 541/609/522 539/602/523
f 513/597/466 485/597/465 531/597/520 532/597/524
f 484/605/497 530/605/515 544/605/525 543/605/526
f 491/599/473 484/605/497 534/607/501 535/606/499
f 538/602/494 503/598/486 505/598/488 480/603/495
f 537/609/521 538/602/494 480/603/495 526/603/519
f 540/601/527 539/602/523 541/609/522 542/601/528
s 0
f 537/597/529 527/597/529 542/597/529 541/597/529
s 1
f 527/601/516 481/601/493 540/601/527 542/601/528
f 481/601/493 538/602/494 539/602/523 540/601/527
f 546/608/530 545/607/531 543/605/526 544/605/525
s 0
f 530/597/532 536/597/532 546/597/532 544/597/532
s 1
f 534/607/501 484/605/497 543/605/526 545/607/531
f 536/608/512 534/607/501 545/607/531 546/608/530
f 555/597/533 565/607/534 566/608/535 564/597/536
f 552/605/537 551/599/538 560/599/539 561/605/540
f 550/600/541 549/601/542 558/601/543 559/600/544
f 548/603/545 547/604/546 556/604/546 557/603/547
f 551/599/538 550/600/541 559/600/544 560/599/539
f 553/597/548 555/597/533 564/597/536 562/597/549
f 553/597/548 562/597/549 572/597/550 569/597/551
f 567/609/552 568/602/553 548/603/545 557/603/547
f 549/601/542 568/602/553 567/609/552 558/601/543
f 552/605/537 561/605/540 566/608/535 565/607/534
f 575/597/554 569/597/551 572/597/550 576/597/554
s 0
f 573/597/555 553/597/555 569/597/555 575/597/555
f 574/597/556 563/597/556 571/597/556 576/597/556
f 563/597/557 554/597/557 570/597/557 571/597/557
f 562/597/558 574/597/558 576/597/558 572/597/558
f 554/597/559 573/597/559 575/597/559 570/597/559
s 1
f 570/597/560 575/597/554 576/597/554 571/597/560
f 519/599/506 521/600/510 592/600/561 591/599/562
s 0
f 585/597/563 586/597/563 606/597/563 605/597/563
s 1
f 521/600/510 520/600/509 593/600/564 592/600/561
s 0
f 584/597/565 585/597/565 605/597/565 604/597/565
s 1
f 518/599/502 519/599/506 591/599/562 589/599/566
s 0
f 577/597/567 584/597/567 604/597/567 597/597/567
s 1
f 516/599/508 517/599/503 590/599/568 588/599/569
f 517/599/503 518/599/502 589/599/566 590/599/568
s 0
f 583/597/570 581/597/570 601/597/570 602/597/570
s 1
f 520/600/509 524/600/505 596/600/571 593/600/564
f 595/600/572 594/600/573 604/600/574 605/600/575
f 592/600/561 593/600/564 603/600/576 602/600/577
f 587/600/578 588/599/569 598/599/579 597/600/580
f 596/600/571 595/600/572 605/600/575 606/600/581
f 591/599/562 592/600/561 602/600/577 601/599/582
f 590/599/568 589/599/566 599/599/583 600/599/584
f 593/600/564 596/600/571 606/600/581 603/600/576
f 594/600/573 587/600/578 597/600/580 604/600/574
f 589/599/566 591/599/562 601/599/582 599/599/583
f 588/599/569 590/599/568 600/599/584 598/599/579
s 0
f 578/597/585 577/597/585 597/597/585 598/597/585
f 586/597/586 582/597/586 603/597/586 606/597/586
s 1
f 522/600/507 515/600/511 587/600/578 594/600/573
s 0
f 580/597/587 579/597/587 600/597/587 599/597/587
f 579/597/588 578/597/588 598/597/588 600/597/588
s 1
f 523/600/504 522/600/507 594/600/573 595/600/572
s 0
f 581/597/589 580/597/589 599/597/589 601/597/589
s 1
f 524/600/505 523/600/504 595/600/572 596/600/571
s 0
f 582/597/590 583/597/590 602/597/590 603/597/590
s 1
f 515/600/511 516/599/508 588/599/569 587/600/578
f 512/597/463 513/597/466 612/597/591 632/597/592
f 615/598/593 613/600/594 614/599/595 616/599/596
f 609/600/597 615/598/593 616/599/596 610/599/598
f 614/599/595 617/599/599 618/599/600 616/599/596
f 617/599/599 619/599/601 620/599/602 618/599/600
f 619/599/601 621/599/603 622/599/604 620/599/602
f 621/599/603 496/599/480 497/599/479 622/599/604
f 623/600/605 500/600/484 501/600/483 624/600/606
f 496/599/480 621/599/603 624/600/606 501/600/483
f 615/598/593 626/598/607 625/600/608 613/600/594
f 626/598/607 628/598/609 627/600/610 625/600/608
f 628/598/609 630/598/611 629/600/612 627/600/610
f 630/598/611 509/598/492 508/600/491 629/600/612
f 500/600/484 623/600/605 629/600/612 508/600/491
f 609/600/597 608/601/613 626/598/607 615/598/593
f 608/601/613 655/602/614 626/598/607
f 607/603/615 479/604/496 630/598/611 628/598/609
f 630/598/611 479/604/496 509/598/492
f 611/605/616 610/599/598 616/599/596 618/599/600
f 497/599/479 512/597/463 632/597/592 622/599/604
f 622/599/604 632/597/592 631/597/617 620/599/602
f 620/599/602 631/597/617 652/606/618 618/599/600
f 631/597/617 632/597/592 612/597/591 633/597/619
f 631/597/617 633/597/619 651/607/620 652/606/618
f 617/599/599 636/599/621 637/599/622 619/599/601
f 629/600/612 643/600/623 642/600/624 627/600/610
f 619/599/601 637/599/622 638/599/625 621/599/603
f 627/600/610 642/600/624 641/600/626 625/600/608
f 614/599/595 635/599/627 636/599/621 617/599/599
f 624/600/606 640/600/628 639/600/629 623/600/605
f 625/600/608 641/600/626 634/600/630 613/600/594
f 613/600/594 634/600/630 635/599/627 614/599/595
f 621/599/603 638/599/625 640/600/628 624/600/606
f 623/600/605 639/600/629 643/600/623 629/600/612
f 633/597/619 650/597/631 653/608/632 651/607/620
f 611/605/616 648/605/633 647/599/634 610/599/598
f 609/600/597 646/600/635 645/601/636 608/601/613
f 607/603/615 644/603/637 525/604/518 479/604/496
f 610/599/598 647/599/634 646/600/635 609/600/597
f 612/597/591 649/597/638 650/597/631 633/597/619
f 655/602/614 656/602/639 658/609/640 654/609/641
f 513/597/466 532/597/524 649/597/638 612/597/591
f 611/605/616 660/605/642 661/605/643 648/605/633
f 618/599/600 652/606/618 651/607/620 611/605/616
f 655/602/614 607/603/615 628/598/609 626/598/607
f 654/609/641 644/603/637 607/603/615 655/602/614
f 657/601/644 659/601/645 658/609/640 656/602/639
s 0
f 654/597/646 658/597/646 659/597/646 645/597/646
s 1
f 645/601/636 659/601/645 657/601/644 608/601/613
f 608/601/613 657/601/644 656/602/639 655/602/614
f 663/608/647 661/605/643 660/605/642 662/607/648
s 0
f 648/597/649 661/597/649 663/597/649 653/597/649
s 1
f 651/607/620 662/607/648 660/605/642 611/605/616
f 653/608/632 663/608/647 662/607/648 651/607/620
f 670/597/650 677/597/651 679/608/652 678/607/653
f 668/605/654 675/605/655 674/599/656 667/599/657
f 666/600/658 673/600/659 672/601/660 665/601/661
f 664/603/662 671/603/663 556/604/546 547/604/546
f 667/599/657 674/599/656 673/600/659 666/600/658
f 669/597/664 676/597/665 677/597/651 670/597/650
f 669/597/664 682/597/666 683/597/667 676/597/665
f 680/609/668 671/603/663 664/603/662 681/602/669
f 665/601/661 672/601/660 680/609/668 681/602/669
f 668/605/654 678/607/653 679/608/652 675/605/655
f 686/597/670 687/597/670 683/597/667 682/597/666
s 0
f 684/597/671 686/597/671 682/597/671 669/597/671
f 685/597/672 687/597/672 571/597/672 563/597/672
f 676/597/673 683/597/673 687/597/673 685/597/673
f 554/597/674 570/597/674 686/597/674 684/597/674
s 1
f 570/597/675 571/597/675 687/597/670 686/597/670
f 638/599/625 702/599/676 703/600/677 640/600/628
s 0
f 696/597/678 716/597/678 717/597/678 697/597/678
s 1
f 640/600/628 703/600/677 704/600/679 639/600/629
s 0
f 695/597/680 715/597/680 716/597/680 696/597/680
s 1
f 637/599/622 700/599/681 702/599/676 638/599/625
s 0
f 688/597/682 708/597/682 715/597/682 695/597/682
s 1
f 635/599/627 699/599/683 701/599/684 636/599/621
f 636/599/621 701/599/684 700/599/681 637/599/622
s 0
f 694/597/685 713/597/685 712/597/685 692/597/685
s 1
f 639/600/629 704/600/679 707/600/686 643/600/623
f 706/600/687 716/600/688 715/600/689 705/600/690
f 703/600/677 713/600/691 714/600/692 704/600/679
f 698/600/693 708/600/694 709/599/695 699/599/683
f 707/600/686 717/600/696 716/600/688 706/600/687
f 702/599/676 712/599/697 713/600/691 703/600/677
f 701/599/684 711/599/698 710/599/699 700/599/681
f 704/600/679 714/600/692 717/600/696 707/600/686
f 705/600/690 715/600/689 708/600/694 698/600/693
f 700/599/681 710/599/699 712/599/697 702/599/676
f 699/599/683 709/599/695 711/599/698 701/599/684
s 0
f 689/597/700 709/597/700 708/597/700 688/597/700
f 697/597/701 717/597/701 714/597/701 693/597/701
s 1
f 641/600/626 705/600/690 698/600/693 634/600/630
s 0
f 691/597/702 710/597/702 711/597/702 690/597/702
f 690/597/703 711/597/703 709/597/703 689/597/703
s 1
f 642/600/624 706/600/687 705/600/690 641/600/626
s 0
f 692/597/704 712/597/704 710/597/704 691/597/704
s 1
f 643/600/623 707/600/686 706/600/687 642/600/624
s 0
f 693/597/705 714/597/705 713/597/705 694/597/705
s 1
f 634/600/630 698/600/693 699/599/683 635/599/627
o tanktop2
v 0.051423 -0.030968 0.113614
v 0.084665 -0.032720 0.088401
v 0.000000 -0.012911 -0.072837
v 0.048476 -0.014141 -0.068858
v 0.088373 -0.013556 -0.033337
v 0.097607 -0.011394 0.008245
v 0.103499 0.026799 -0.030079
v 0.108901 0.025926 0.008240
v 0.110548 0.060026 -0.030810
v 0.113579 0.070910 0.014633
v 0.073998 -0.015025 0.125171
v 0.093617 -0.016668 0.110166
v 0.034359 -0.019317 0.128860
v 0.058122 -0.006275 0.134473
v 0.107458 -0.010245 0.054066
v 0.119434 0.026398 0.044781
v 0.112099 -0.001494 0.093530
v 0.120408 0.022396 0.085450
v 0.117733 0.059942 0.045999
v 0.116093 0.045848 0.086828
v 0.071814 0.093789 0.062207
v 0.082380 0.064833 0.094522
v 0.053452 0.095558 0.069169
v 0.061978 0.061272 0.103912
v 0.044844 0.046502 0.118011
v 0.041272 0.027440 0.129200
v 0.046466 0.011427 0.132663
v 0.068428 0.121292 0.041060
v 0.099447 0.086477 0.051935
v 0.103439 0.058049 0.089121
v 0.096579 0.111709 0.017568
v 0.082948 0.002307 0.129294
v 0.094722 0.003463 0.121286
v 0.073025 0.007421 0.133321
v 0.103194 0.010598 0.113914
v 0.107581 0.021607 0.109117
v 0.106153 0.035378 0.108531
v 0.086442 0.046908 0.113989
v 0.076324 0.044049 0.119902
v 0.066718 0.037694 0.126287
v 0.064357 0.027234 0.132200
v 0.066423 0.015959 0.135016
v 0.098952 0.043613 0.109170
v 0.058731 0.027825 -0.073339
v 0.073226 0.074585 -0.079584
v 0.000000 0.028846 -0.079064
v 0.000000 0.074061 -0.082006
v 0.072826 0.105117 -0.078352
v 0.070657 0.147778 0.014423
v 0.087295 0.143213 0.009203
v 0.067907 0.175698 -0.009616
v 0.086775 0.172875 -0.009837
v 0.063642 0.180955 -0.043580
v 0.085989 0.177548 -0.044566
v 0.051073 0.164557 -0.079958
v 0.070042 0.137329 -0.076878
v 0.000000 0.158152 -0.078280
v 0.000000 0.133450 -0.077690
v 0.000000 0.105348 -0.079961
v 0.088486 0.024432 0.128107
v 0.028151 0.078511 0.085459
v 0.025920 0.061893 0.103912
v 0.026194 0.047124 0.118012
v 0.025878 0.028061 0.129200
v 0.027815 0.012049 0.132663
v 0.000000 -0.019317 0.128860
v 0.000000 0.072283 0.094001
v 0.000000 0.061893 0.103912
v 0.000000 0.047124 0.118012
v 0.000000 0.028061 0.129200
v 0.000000 0.012049 0.132663
v 0.056756 -0.047680 0.099492
v 0.082264 -0.044744 0.081401
v 0.000000 -0.037009 -0.071275
v 0.048622 -0.036864 -0.063602
v 0.082509 -0.038256 -0.029846
v 0.091961 -0.038538 0.009769
v 0.033458 -0.048426 0.109450
v 0.096280 -0.040696 0.045601
v 0.000000 -0.048606 0.112042
v 0.056961 -0.071307 0.080957
v 0.080451 -0.070235 0.062599
v 0.000000 -0.061975 -0.069174
v 0.048405 -0.062145 -0.059613
v 0.079724 -0.064025 -0.030938
v 0.085371 -0.065214 0.006440
v 0.034731 -0.072305 0.090243
v 0.086825 -0.068127 0.033210
v 0.000000 -0.072891 0.094070
v 0.056961 -0.111094 0.054473
v 0.080451 -0.110022 0.039388
v -0.000000 -0.101762 -0.071954
v 0.048405 -0.101932 -0.061033
v 0.080583 -0.103812 -0.030868
v 0.086008 -0.106245 -0.008866
v 0.034731 -0.112092 0.062103
v 0.088187 -0.107915 0.015240
v -0.000000 -0.112678 0.065248
v 0.058360 -0.141557 0.048809
v 0.083121 -0.140484 0.034415
v -0.000000 -0.132224 -0.076928
v 0.050612 -0.132394 -0.067674
v 0.088860 -0.134275 -0.042444
v 0.096402 -0.136707 -0.013839
v 0.034574 -0.142554 0.057680
v 0.098557 -0.138377 0.010266
v -0.000000 -0.143140 0.060275
v 0.068464 -0.167320 0.050379
v 0.093225 -0.166248 0.034025
v -0.000000 -0.157988 -0.087880
v 0.060715 -0.158158 -0.081965
v 0.098964 -0.160039 -0.053299
v 0.107768 -0.162471 -0.020800
v 0.044678 -0.168318 0.060458
v 0.111607 -0.164141 0.006588
v -0.000000 -0.168904 0.064085
v -0.051423 -0.030968 0.113614
v -0.084665 -0.032720 0.088401
v -0.048476 -0.014141 -0.068858
v -0.088373 -0.013556 -0.033337
v -0.097607 -0.011394 0.008245
v -0.103499 0.026799 -0.030079
v -0.108901 0.025926 0.008240
v -0.110548 0.060026 -0.030810
v -0.113579 0.070910 0.014633
v -0.073998 -0.015025 0.125171
v -0.093617 -0.016668 0.110166
v -0.034359 -0.019317 0.128860
v -0.058122 -0.006275 0.134473
v -0.107458 -0.010245 0.054066
v -0.119434 0.026398 0.044781
v -0.112099 -0.001494 0.093530
v -0.120408 0.022396 0.085450
v -0.117733 0.059942 0.045999
v -0.116093 0.045848 0.086828
v -0.071814 0.093789 0.062207
v -0.082380 0.064833 0.094522
v -0.053452 0.095558 0.069169
v -0.061978 0.061272 0.103912
v -0.044844 0.046502 0.118011
v -0.041272 0.027440 0.129200
v -0.046466 0.011427 0.132663
v -0.068428 0.121292 0.041060
v -0.099447 0.086477 0.051935
v -0.103439 0.058049 0.089121
v -0.096579 0.111709 0.017568
v -0.082948 0.002307 0.129294
v -0.094722 0.003463 0.121286
v -0.073025 0.007421 0.133321
v -0.103194 0.010598 0.113914
v -0.107581 0.021607 0.109117
v -0.106153 0.035378 0.108531
v -0.086442 0.046908 0.113989
v -0.076324 0.044049 0.119902
v -0.066718 0.037694 0.126287
v -0.064357 0.027234 0.132200
v -0.066423 0.015959 0.135016
v -0.098952 0.043613 0.109170
v -0.058731 0.027825 -0.073339
v -0.073226 0.074585 -0.079584
v -0.072826 0.105117 -0.078352
v -0.070657 0.147778 0.014423
v -0.087295 0.143213 0.009203
v -0.067907 0.175698 -0.009616
v -0.086775 0.172875 -0.009837
v -0.063642 0.180955 -0.043580
v -0.085989 0.177548 -0.044566
v -0.051073 0.164557 -0.079958
v -0.070042 0.137329 -0.076878
v -0.088486 0.024432 0.128107
v -0.028151 0.078511 0.085459
v -0.025920 0.061893 0.103912
v -0.026194 0.047124 0.118012
v -0.025878 0.028061 0.129200
v -0.027815 0.012049 0.132663
v -0.056756 -0.047680 0.099492
v -0.082264 -0.044744 0.081401
v -0.048622 -0.036864 -0.063602
v -0.082509 -0.038256 -0.029846
v -0.091961 -0.038538 0.009769
v -0.033458 -0.048426 0.109450
v -0.096280 -0.040696 0.045601
v -0.056961 -0.071307 0.080957
v -0.080451 -0.070235 0.062599
v -0.048405 -0.062145 -0.059613
v -0.079724 -0.064025 -0.030938
v -0.085371 -0.065214 0.006440
v -0.034731 -0.072305 0.090243
v -0.086825 -0.068127 0.033210
v -0.056961 -0.111094 0.054473
v -0.080451 -0.110022 0.039388
v -0.048405 -0.101932 -0.061033
v -0.080583 -0.103812 -0.030868
v -0.086008 -0.106245 -0.008866
v -0.034731 -0.112092 0.062103
v -0.088187 -0.107915 0.015240
v -0.058360 -0.141557 0.048809
v -0.083121 -0.140484 0.034415
v -0.050612 -0.132394 -0.067674
v -0.088860 -0.134275 -0.042444
v -0.096402 -0.136707 -0.013839
v -0.034574 -0.142554 0.057680
v -0.098557 -0.138377 0.010266
v -0.068464 -0.167320 0.050379
v -0.093225 -0.166248 0.034025
v -0.060715 -0.158158 -0.081965
v -0.098964 -0.160039 -0.053299
v -0.107768 -0.162471 -0.020800
v -0.044678 -0.168318 0.060458
v -0.111607 -0.164141 0.006588
vn 0.3462 -0.6530 0.6736
vn 0.6778 -0.5662 0.4691
vn -0.0000 -0.1404 -0.9901
vn 0.4004 -0.1855 -0.8974
vn 0.8397 -0.2447 -0.4849
vn 0.9416 -0.2829 -0.1825
vn 0.8642 -0.2572 -0.4323
vn 0.9617 -0.2169 -0.1675
vn 0.9077 -0.2009 -0.3683
vn 0.9606 0.2752 0.0398
vn 0.3175 -0.6266 0.7117
vn 0.5806 -0.7175 0.3847
vn 0.0800 -0.4841 0.8714
vn 0.0951 -0.2581 0.9614
vn 0.8842 -0.4659 -0.0334
vn 0.9841 -0.1323 -0.1184
vn 0.8832 -0.4003 0.2443
vn 0.9701 -0.0748 0.2309
vn 0.9467 0.3142 0.0709
vn 0.8534 0.3863 0.3500
vn 0.3777 0.6936 0.6134
vn 0.3008 0.7449 0.5955
vn 0.2511 0.6743 0.6945
vn 0.0968 0.7258 0.6811
vn 0.0032 0.6344 0.7730
vn -0.0539 0.3654 0.9293
vn -0.0589 0.0458 0.9972
vn 0.5517 0.5266 0.6468
vn 0.6412 0.6497 0.4083
vn 0.5736 0.6668 0.4757
vn 0.5841 0.6068 0.5391
vn 0.4362 -0.2824 0.8544
vn 0.6652 -0.2946 0.6861
vn 0.1847 -0.0544 0.9813
vn 0.7850 -0.1176 0.6082
vn 0.8068 0.0319 0.5899
vn 0.7188 0.3071 0.6238
vn 0.2994 0.6908 0.6582
vn 0.1495 0.6454 0.7490
vn 0.0561 0.5432 0.8378
vn 0.0325 0.3892 0.9206
vn 0.0712 0.1125 0.9911
vn 0.5210 0.5614 0.6430
vn 0.4023 -0.1867 -0.8963
vn 0.2370 -0.0906 -0.9673
vn -0.0000 -0.1230 -0.9924
vn -0.0000 -0.0316 -0.9995
vn 0.0214 0.0578 -0.9981
vn 0.3202 0.5706 0.7563
vn 0.5011 0.5076 0.7009
vn 0.1753 0.9508 0.2556
vn 0.1947 0.9082 0.3706
vn 0.2287 0.9731 -0.0260
vn 0.2705 0.9556 -0.1173
vn 0.3525 0.4178 -0.8374
vn 0.0559 0.0522 -0.9971
vn -0.0000 -0.0709 -0.9975
vn -0.0000 0.0054 -1.0000
vn -0.0000 0.0579 -0.9983
vn 0.4552 0.2362 0.8585
vn -0.0013 0.7222 0.6917
vn 0.0079 0.7065 0.7077
vn 0.0085 0.6141 0.7892
vn 0.0071 0.3837 0.9234
vn -0.0210 0.0680 0.9975
vn -0.0000 -0.3402 0.9404
vn -0.0000 0.7232 0.6906
vn -0.0000 0.7075 0.7067
vn -0.0000 0.6121 0.7908
vn -0.0000 0.3760 0.9266
vn -0.0000 0.0513 0.9987
vn 0.4390 -0.5298 0.7257
vn 0.7330 -0.4507 0.5095
vn -0.0000 -0.1318 -0.9913
vn 0.4313 -0.1412 -0.8911
vn 0.8583 -0.1800 -0.4805
vn 0.9580 -0.2317 -0.1691
vn 0.1992 -0.5684 0.7983
vn 0.9452 -0.3187 0.0711
vn -0.0000 -0.5693 0.8221
vn 0.4337 -0.5288 0.7296
vn 0.7698 -0.3919 0.5039
vn -0.0000 -0.0304 -0.9995
vn 0.4553 -0.0340 -0.8897
vn 0.8748 -0.0332 -0.4833
vn 0.9867 -0.0865 -0.1376
vn 0.2090 -0.5814 0.7863
vn 0.9826 -0.1677 0.0805
vn -0.0000 -0.5962 0.8028
vn 0.4403 -0.3342 0.8334
vn 0.7878 -0.1488 0.5977
vn -0.0000 0.1292 -0.9916
vn 0.4352 0.1619 -0.8857
vn 0.8512 0.1934 -0.4880
vn 0.9698 0.2067 -0.1295
vn 0.2161 -0.3792 0.8997
vn 0.9838 0.1005 0.1482
vn -0.0000 -0.3883 0.9215
vn 0.4383 0.0447 0.8977
vn 0.7082 0.1464 0.6906
vn -0.0000 0.3430 -0.9393
vn 0.3662 0.3954 -0.8423
vn 0.7643 0.4309 -0.4796
vn 0.9107 0.3901 -0.1357
vn 0.2153 0.0145 0.9764
vn 0.9202 0.3207 0.2243
vn -0.0000 -0.0001 1.0000
vn 0.4414 0.2178 0.8705
vn 0.6836 0.2775 0.6750
vn -0.0000 0.4592 -0.8883
vn 0.3148 0.5042 -0.8042
vn 0.6928 0.5150 -0.5048
vn 0.8864 0.4377 -0.1510
vn 0.2281 0.1832 0.9562
vn 0.8955 0.4086 0.1764
vn -0.0000 0.1414 0.9900
vn -0.3462 -0.6530 0.6736
vn -0.6778 -0.5662 0.4691
vn -0.4004 -0.1855 -0.8974
vn -0.8397 -0.2447 -0.4849
vn -0.9416 -0.2829 -0.1825
vn -0.8642 -0.2572 -0.4323
vn -0.9617 -0.2169 -0.1675
vn -0.9077 -0.2009 -0.3683
vn -0.9606 0.2752 0.0398
vn -0.3175 -0.6266 0.7117
vn -0.5806 -0.7175 0.3847
vn -0.0800 -0.4841 0.8714
vn -0.0951 -0.2581 0.9614
vn -0.8842 -0.4659 -0.0334
vn -0.9841 -0.1323 -0.1184
vn -0.8832 -0.4003 0.2443
vn -0.9701 -0.0748 0.2309
vn -0.9467 0.3142 0.0709
vn -0.8534 0.3863 0.3500
vn -0.3777 0.6936 0.6134
vn -0.3008 0.7449 0.5955
vn -0.2511 0.6743 0.6945
vn -0.0968 0.7258 0.6811
vn -0.0032 0.6344 0.7730
vn 0.0539 0.3654 0.9293
vn 0.0589 0.0458 0.9972
vn -0.5517 0.5266 0.6468
vn -0.6412 0.6497 0.4083
vn -0.5736 0.6668 0.4757
vn -0.5841 0.6068 0.5391
vn -0.4362 -0.2824 0.8544
vn -0.6652 -0.2946 0.6861
vn -0.1847 -0.0544 0.9813
vn -0.7850 -0.1176 0.6082
vn -0.8068 0.0319 0.5899
vn -0.7188 0.3071 0.6238
vn -0.2994 0.6908 0.6582
vn -0.1495 0.6454 0.7490
vn -0.0561 0.5432 0.8378
vn -0.0325 0.3892 0.9206
vn -0.0712 0.1125 0.9911
vn -0.5210 0.5614 0.6430
vn -0.4023 -0.1867 -0.8963
vn -0.2370 -0.0906 -0.9673
vn -0.0214 0.0578 -0.9981
vn -0.3202 0.5706 0.7563
vn -0.5011 0.5076 0.7009
vn -0.1753 0.9508 0.2556
vn -0.1947 0.9082 0.3706
vn -0.2287 0.9731 -0.0260
vn -0.2705 0.9556 -0.1173
vn -0.3525 0.4178 -0.8374
vn -0.0559 0.0522 -0.9971
vn -0.4552 0.2362 0.8585
vn 0.0013 0.7222 0.6917
vn -0.0079 0.7065 0.7077
vn -0.0085 0.6141 0.7892
vn -0.0071 0.3837 0.9234
vn 0.0210 0.0680 0.9975
vn -0.4390 -0.5298 0.7257
vn -0.7330 -0.4507 0.5095
vn -0.4313 -0.1412 -0.8911
vn -0.8583 -0.1800 -0.4805
vn -0.9580 -0.2317 -0.1691
vn -0.1992 -0.5684 0.7983
vn -0.9452 -0.3187 0.0711
vn -0.4337 -0.5288 0.7296
vn -0.7698 -0.3919 0.5039
vn -0.4553 -0.0340 -0.8897
vn -0.8748 -0.0332 -0.4833
vn -0.9867 -0.0865 -0.1376
vn -0.2090 -0.5814 0.7863
vn -0.9826 -0.1677 0.0805
vn -0.4403 -0.3342 0.8334
vn -0.7878 -0.1488 0.5977
vn -0.4352 0.1619 -0.8857
vn -0.8512 0.1934 -0.4880
vn -0.9698 0.2067 -0.1295
vn -0.2161 -0.3792 0.8997
vn -0.9838 0.1005 0.1482
vn -0.4383 0.0447 0.8977
vn -0.7082 0.1464 0.6906
vn -0.3662 0.3954 -0.8423
vn -0.7643 0.4309 -0.4796
vn -0.9107 0.3901 -0.1357
vn -0.2153 0.0145 0.9764
vn -0.9202 0.3207 0.2243
vn -0.4414 0.2178 0.8705
vn -0.6836 0.2775 0.6750
vn -0.3148 0.5042 -0.8042
vn -0.6928 0.5150 -0.5048
vn -0.8864 0.4377 -0.1510
vn -0.2281 0.1832 0.9562
vn -0.8955 0.4086 0.1764
vt 0.041866 0.445738
vt 0.050450 0.497402
vt 0.038531 0.523964
vt 0.025265 0.485194
vt 0.071462 0.430645
vt 0.066250 0.487419
vt 0.157179 0.456420
vt 0.186709 0.435276
vt 0.177313 0.550844
vt 0.150904 0.562095
vt 0.173012 0.644550
vt 0.140261 0.691644
vt 0.133400 0.455466
vt 0.140115 0.561759
vt 0.115582 0.576927
vt 0.104072 0.480287
vt 0.089828 0.581311
vt 0.082046 0.521722
vt 0.111386 0.666868
vt 0.087242 0.642419
vt 0.130447 0.687052
vt 0.081093 0.676038
vt 0.097565 0.743938
vt 0.079576 0.770758
vt 0.068999 0.697925
vt 0.067102 0.779825
vt 0.053634 0.693278
vt 0.113765 0.805510
vt 0.089496 0.842541
vt 0.062176 0.545020
vt 0.053411 0.544885
vt 0.036102 0.659371
vt 0.028194 0.612108
vt 0.042823 0.611326
vt 0.046977 0.636519
vt 0.054790 0.650443
vt 0.029877 0.570173
vt 0.046748 0.559729
vt 0.042734 0.582911
vt 0.073064 0.622861
vt 0.073261 0.587780
vt 0.062341 0.655373
vt 0.069151 0.560976
vt 0.069953 0.644534
vt 0.218851 0.537278
vt 0.213378 0.667514
vt 0.257902 0.536874
vt 0.261575 0.663639
vt 0.254581 0.421011
vt 0.222315 0.419862
vt 0.114200 0.892871
vt 0.103655 0.908840
vt 0.124717 0.970680
vt 0.113344 0.980545
vt 0.140115 0.988444
vt 0.126123 0.999927
vt 0.219032 0.984825
vt 0.205301 0.973413
vt 0.220769 0.845781
vt 0.235553 0.921159
vt 0.266844 0.833126
vt 0.268698 0.902692
vt 0.216218 0.754251
vt 0.264336 0.752837
vt 0.056912 0.601906
vt 0.040851 0.740454
vt 0.030735 0.699487
vt 0.018567 0.614540
vt 0.017953 0.571896
vt 0.024502 0.662825
vt 0.019055 0.728977
vt 0.013939 0.702630
vt 0.000073 0.572101
vt 0.002544 0.483658
vt 0.007628 0.665316
vt 0.001864 0.615831
vt 0.072890 0.391741
vt 0.099174 0.387289
vt 0.033952 0.391821
vt 0.051394 0.390510
vt 0.160292 0.379993
vt 0.188197 0.366107
vt 0.220465 0.357163
vt 0.253078 0.353368
vt 0.123219 0.376346
vt 0.010993 0.390546
vt 0.058506 0.312659
vt 0.079093 0.308005
vt 0.018066 0.311574
vt 0.041880 0.313197
vt 0.099564 0.300725
vt 0.117941 0.296901
vt 0.165478 0.302721
vt 0.191190 0.291822
vt 0.219795 0.286278
vt 0.252817 0.283256
vt 0.192189 0.177232
vt 0.222146 0.171155
vt 0.066979 0.182544
vt 0.086420 0.179147
vt 0.026860 0.181747
vt 0.050648 0.182701
vt 0.103974 0.174631
vt 0.120676 0.169230
vt 0.176830 0.179160
vt 0.255554 0.168549
vt 0.026474 0.090709
vt 0.050144 0.090716
vt 0.107166 0.082106
vt 0.124046 0.077738
vt 0.175534 0.089437
vt 0.195303 0.084189
vt 0.226355 0.080518
vt 0.261058 0.079711
vt 0.087370 0.086229
vt 0.067634 0.089538
vt 0.195954 0.005433
vt 0.227929 0.000073
vt 0.070523 0.014415
vt 0.090492 0.010296
vt 0.022852 0.017468
vt 0.053019 0.016242
vt 0.112890 0.005085
vt 0.132170 0.000073
vt 0.173698 0.012590
vt 0.268698 0.001844
s 1
f 718/610/706 728/611/716 731/612/719 730/613/718
f 718/610/706 719/614/707 729/615/717 728/611/716
f 723/616/711 722/617/710 724/618/712 725/619/713
f 725/619/713 724/618/712 726/620/714 727/621/715
f 723/622/711 725/623/713 733/624/721 732/625/720
f 732/625/720 733/624/721 735/626/723 734/627/722
f 719/614/707 732/625/720 734/627/722 729/615/717
f 735/626/723 733/624/721 736/628/724 737/629/725
f 727/630/715 736/628/724 733/624/721 725/623/713
f 747/631/735 746/632/734 738/633/726 739/634/727
f 739/634/727 738/633/726 740/635/728 741/636/729
f 737/629/725 736/628/724 746/632/734 747/631/735
f 748/637/736 745/638/733 738/633/726 746/632/734
f 727/630/715 748/637/736 746/632/734 736/628/724
f 728/611/716 729/615/717 750/639/738 749/640/737
f 742/641/730 743/642/731 758/643/746 757/644/745
f 741/636/729 742/641/730 757/644/745 756/645/744
f 744/646/732 731/612/719 751/647/739 759/648/747
f 735/626/723 737/629/725 754/649/742 753/650/741
f 739/634/727 741/636/729 756/645/744 755/651/743
f 743/642/731 744/646/732 759/648/747 758/643/746
f 731/612/719 728/611/716 749/640/737 751/647/739
f 729/615/717 734/627/722 752/652/740 750/639/738
f 737/629/725 747/631/735 760/653/748 754/649/742
f 734/627/722 735/626/723 753/650/741 752/652/740
f 747/631/735 739/634/727 755/651/743 760/653/748
f 726/620/714 724/618/712 761/654/749 762/655/750
f 762/655/750 761/654/749 763/656/751 764/657/752
f 720/658/708 763/656/751 761/654/749 721/659/709
f 721/659/709 761/654/749 724/618/712 722/617/710
f 745/638/733 748/637/736 767/660/755 766/661/754
f 766/661/754 767/660/755 769/662/757 768/663/756
f 768/663/756 769/662/757 771/664/759 770/665/758
f 770/666/758 771/667/759 773/668/761 772/669/760
f 772/669/760 773/668/761 775/670/763 774/671/762
f 775/670/763 773/668/761 765/672/753 776/673/764
f 764/657/752 776/673/764 765/672/753 762/655/750
f 755/651/743 756/645/744 777/674/765
f 750/639/738 752/652/740 777/674/765
f 759/648/747 751/647/739 777/674/765
f 749/640/737 750/639/738 777/674/765
f 756/645/744 757/644/745 777/674/765
f 753/650/741 754/649/742 777/674/765
f 760/653/748 755/651/743 777/674/765
f 751/647/739 749/640/737 777/674/765
f 757/644/745 758/643/746 777/674/765
f 754/649/742 760/653/748 777/674/765
f 752/652/740 753/650/741 777/674/765
f 758/643/746 759/648/747 777/674/765
f 741/636/729 740/635/728 778/675/766 779/676/767
f 744/646/732 743/642/731 781/677/769 782/678/770
f 743/642/731 742/641/730 780/679/768 781/677/769
f 742/641/730 741/636/729 779/676/767 780/679/768
f 731/612/719 744/646/732 782/678/770 730/613/718
f 779/676/767 778/675/766 784/680/772 785/681/773
f 730/613/718 782/678/770 788/682/776 783/683/771
f 781/677/769 780/679/768 786/684/774 787/685/775
f 780/679/768 779/676/767 785/681/773 786/684/774
f 782/678/770 781/677/769 787/685/775 788/682/776
f 740/635/728 738/633/726 745/638/733
f 732/625/720 719/614/707 790/686/778 796/687/784
f 718/610/706 730/613/718 795/688/783 789/689/777
f 722/617/710 723/616/711 794/690/782 793/691/781
f 720/658/708 721/659/709 792/692/780 791/693/779
f 723/622/711 732/625/720 796/687/784 794/694/782
f 730/613/718 783/683/771 797/695/785 795/688/783
f 721/659/709 722/617/710 793/691/781 792/692/780
f 719/614/707 718/610/706 789/689/777 790/686/778
f 790/686/778 789/689/777 798/696/786 799/697/787
f 795/688/783 797/695/785 806/698/794 804/699/792
f 794/694/782 796/687/784 805/700/793 803/701/791
f 793/691/781 794/690/782 803/702/791 802/703/790
f 791/693/779 792/692/780 801/704/789 800/705/788
f 796/687/784 790/686/778 799/697/787 805/700/793
f 789/689/777 795/688/783 804/699/792 798/696/786
f 792/692/780 793/691/781 802/703/790 801/704/789
f 801/704/789 802/703/790 811/706/799 810/707/798
f 799/697/787 798/696/786 807/708/795 808/709/796
f 804/699/792 806/698/794 815/710/803 813/711/801
f 803/701/791 805/700/793 814/712/802 812/713/800
f 802/703/790 803/702/791 812/714/800 811/706/799
f 800/705/788 801/704/789 810/707/798 809/715/797
f 805/700/793 799/697/787 808/709/796 814/712/802
f 798/696/786 804/699/792 813/711/801 807/708/795
f 813/711/801 815/710/803 824/716/812 822/717/810
f 812/713/800 814/712/802 823/718/811 821/719/809
f 811/706/799 812/714/800 821/720/809 820/721/808
f 809/715/797 810/707/798 819/722/807 818/723/806
f 814/712/802 808/709/796 817/724/805 823/718/811
f 807/708/795 813/711/801 822/717/810 816/725/804
f 810/707/798 811/706/799 820/721/808 819/722/807
f 808/709/796 807/708/795 816/725/804 817/724/805
f 819/722/807 820/721/808 829/726/817 828/727/816
f 817/724/805 816/725/804 825/728/813 826/729/814
f 822/717/810 824/716/812 833/730/821 831/731/819
f 821/719/809 823/718/811 832/732/820 830/733/818
f 820/721/808 821/720/809 830/734/818 829/726/817
f 818/723/806 819/722/807 828/727/816 827/735/815
f 823/718/811 817/724/805 826/729/814 832/732/820
f 816/725/804 822/717/810 831/731/819 825/728/813
f 834/610/822 845/613/833 846/612/834 843/611/831
f 834/610/822 843/611/831 844/615/832 835/614/823
f 838/616/826 840/619/828 839/618/827 837/617/825
f 840/619/828 842/621/830 841/620/829 839/618/827
f 838/622/826 847/625/835 848/624/836 840/623/828
f 847/625/835 849/627/837 850/626/838 848/624/836
f 835/614/823 844/615/832 849/627/837 847/625/835
f 850/626/838 852/629/840 851/628/839 848/624/836
f 842/630/830 840/623/828 848/624/836 851/628/839
f 862/631/850 854/634/842 853/633/841 861/632/849
f 854/634/842 856/636/844 855/635/843 853/633/841
f 852/629/840 862/631/850 861/632/849 851/628/839
f 863/637/851 861/632/849 853/633/841 860/638/848
f 842/630/830 851/628/839 861/632/849 863/637/851
f 843/611/831 864/640/852 865/639/853 844/615/832
f 857/641/845 872/644/860 873/643/861 858/642/846
f 856/636/844 871/645/859 872/644/860 857/641/845
f 859/646/847 874/648/862 866/647/854 846/612/834
f 850/626/838 868/650/856 869/649/857 852/629/840
f 854/634/842 870/651/858 871/645/859 856/636/844
f 858/642/846 873/643/861 874/648/862 859/646/847
f 846/612/834 866/647/854 864/640/852 843/611/831
f 844/615/832 865/639/853 867/652/855 849/627/837
f 852/629/840 869/649/857 875/653/863 862/631/850
f 849/627/837 867/652/855 868/650/856 850/626/838
f 862/631/850 875/653/863 870/651/858 854/634/842
f 841/620/829 877/655/865 876/654/864 839/618/827
f 877/655/865 764/657/752 763/656/751 876/654/864
f 720/658/708 836/659/824 876/654/864 763/656/751
f 836/659/824 837/617/825 839/618/827 876/654/864
f 860/638/848 879/661/867 880/660/868 863/637/851
f 879/661/867 881/663/869 882/662/870 880/660/868
f 881/663/869 883/665/871 884/664/872 882/662/870
f 883/666/871 885/669/873 886/668/874 884/667/872
f 885/669/873 774/671/762 775/670/763 886/668/874
f 775/670/763 776/673/764 878/672/866 886/668/874
f 764/657/752 877/655/865 878/672/866 776/673/764
f 870/651/858 887/674/875 871/645/859
f 865/639/853 887/674/875 867/652/855
f 874/648/862 887/674/875 866/647/854
f 864/640/852 887/674/875 865/639/853
f 871/645/859 887/674/875 872/644/860
f 868/650/856 887/674/875 869/649/857
f 875/653/863 887/674/875 870/651/858
f 866/647/854 887/674/875 864/640/852
f 872/644/860 887/674/875 873/643/861
f 869/649/857 887/674/875 875/653/863
f 867/652/855 887/674/875 868/650/856
f 873/643/861 887/674/875 874/648/862
f 856/636/844 889/676/877 888/675/876 855/635/843
f 859/646/847 892/678/880 891/677/879 858/642/846
f 858/642/846 891/677/879 890/679/878 857/641/845
f 857/641/845 890/679/878 889/676/877 856/636/844
f 846/612/834 845/613/833 892/678/880 859/646/847
f 889/676/877 785/681/773 784/680/772 888/675/876
f 845/613/833 783/683/771 788/682/776 892/678/880
f 891/677/879 787/685/775 786/684/774 890/679/878
f 890/679/878 786/684/774 785/681/773 889/676/877
f 892/678/880 788/682/776 787/685/775 891/677/879
f 855/635/843 860/638/848 853/633/841
f 847/625/835 899/687/887 894/686/882 835/614/823
f 834/610/822 893/689/881 898/688/886 845/613/833
f 837/617/825 896/691/884 897/690/885 838/616/826
f 720/658/708 791/693/779 895/692/883 836/659/824
f 838/622/826 897/694/885 899/687/887 847/625/835
f 845/613/833 898/688/886 797/695/785 783/683/771
f 836/659/824 895/692/883 896/691/884 837/617/825
f 835/614/823 894/686/882 893/689/881 834/610/822
f 894/686/882 901/697/889 900/696/888 893/689/881
f 898/688/886 905/699/893 806/698/794 797/695/785
f 897/694/885 904/701/892 906/700/894 899/687/887
f 896/691/884 903/703/891 904/702/892 897/690/885
f 791/693/779 800/705/788 902/704/890 895/692/883
f 899/687/887 906/700/894 901/697/889 894/686/882
f 893/689/881 900/696/888 905/699/893 898/688/886
f 895/692/883 902/704/890 903/703/891 896/691/884
f 902/704/890 909/707/897 910/706/898 903/703/891
f 901/697/889 908/709/896 907/708/895 900/696/888
f 905/699/893 912/711/900 815/710/803 806/698/794
f 904/701/892 911/713/899 913/712/901 906/700/894
f 903/703/891 910/706/898 911/714/899 904/702/892
f 800/705/788 809/715/797 909/707/897 902/704/890
f 906/700/894 913/712/901 908/709/896 901/697/889
f 900/696/888 907/708/895 912/711/900 905/699/893
f 912/711/900 919/717/907 824/716/812 815/710/803
f 911/713/899 918/719/906 920/718/908 913/712/901
f 910/706/898 917/721/905 918/720/906 911/714/899
f 809/715/797 818/723/806 916/722/904 909/707/897
f 913/712/901 920/718/908 915/724/903 908/709/896
f 907/708/895 914/725/902 919/717/907 912/711/900
f 909/707/897 916/722/904 917/721/905 910/706/898
f 908/709/896 915/724/903 914/725/902 907/708/895
f 916/722/904 923/727/911 924/726/912 917/721/905
f 915/724/903 922/729/910 921/728/909 914/725/902
f 919/717/907 926/731/914 833/730/821 824/716/812
f 918/719/906 925/733/913 927/732/915 920/718/908
f 917/721/905 924/726/912 925/734/913 918/720/906
f 818/723/806 827/735/815 923/727/911 916/722/904
f 920/718/908 927/732/915 922/729/910 915/724/903
f 914/725/902 921/728/909 926/731/914 919/717/907
o Body_03
v -0.000000 -0.091178 -0.062748
v 0.000000 -0.053847 -0.066522
v 0.038359 -0.095521 -0.058568
v 0.040836 -0.053092 -0.061096
v 0.068265 -0.099403 -0.040212
v 0.071221 -0.057028 -0.038116
v 0.083044 -0.101341 -0.003053
v 0.083758 -0.062383 0.002753
v 0.068329 -0.106879 0.036114
v 0.070679 -0.068711 0.043766
v 0.038605 -0.110508 0.051374
v 0.041433 -0.070440 0.062540
v 0.055209 -0.025877 0.101422
v 0.000000 -0.071368 0.067146
v 0.089991 -1.155293 -0.044724
v 0.073319 -1.156001 -0.056259
v 0.062494 -1.156288 -0.048676
v 0.055156 -1.156343 -0.033807
v 0.079964 -0.027492 0.080532
v -0.000000 -0.112354 0.054394
v -0.000000 -0.133371 -0.073405
v 0.048416 -0.132056 -0.067513
v 0.081382 -0.136553 -0.047033
v 0.095631 -0.138642 -0.008515
v 0.081499 -0.142359 0.030045
v 0.046062 -0.144809 0.050490
v -0.000000 -0.144282 0.047891
v -0.000000 -0.171526 -0.093728
v 0.063827 -0.169734 -0.087234
v 0.107655 -0.177591 -0.053373
v 0.119627 -0.186432 -0.012686
v 0.105122 -0.187690 0.026470
v 0.057596 -0.179468 0.050338
v -0.000919 -0.219099 -0.118394
v 0.079813 -0.218316 -0.121027
v 0.134642 -0.228985 -0.081626
v 0.140948 -0.233715 -0.030296
v 0.125217 -0.239943 0.018530
v 0.079293 -0.244098 0.051337
v 0.017665 -0.257791 0.063604
v 0.000000 -0.013985 -0.071708
v 0.047725 -0.015196 -0.067790
v 0.087003 -0.014620 -0.032820
v 0.094710 -0.012492 0.008118
v 0.080322 -0.020505 0.054432
v 0.041819 -0.016486 0.081308
v 0.000000 -0.027608 0.081532
v 0.164369 -0.306717 -0.044280
v 0.150928 -0.312699 0.009198
v 0.158158 -0.399643 0.000312
v 0.167497 -0.397740 -0.049886
v 0.160602 -0.459443 -0.050110
v 0.153459 -0.461863 0.001376
v 0.147963 -0.532841 -0.049915
v 0.142271 -0.535455 0.001044
v 0.110580 -0.750331 -0.071342
v 0.075717 -0.749269 -0.085256
v 0.042713 -0.750452 -0.066232
v 0.032038 -0.749913 -0.042898
v 0.037651 -0.749021 -0.015904
v 0.100407 -0.669276 0.014419
v 0.075414 -0.669921 0.026051
v 0.046159 -0.669980 0.016430
v 0.027666 -0.669155 -0.012537
v 0.025364 -0.670677 -0.045582
v 0.041302 -0.669806 -0.070814
v 0.076157 -0.668230 -0.084585
v 0.110915 -0.668876 -0.071199
v 0.118446 -0.671195 -0.010425
v 0.123214 -0.669455 -0.046179
v 0.140116 -0.458840 -0.092023
v 0.126559 -0.532250 -0.088503
v 0.076844 -0.456436 -0.112595
v 0.075225 -0.530379 -0.104290
v 0.029485 -0.458701 -0.092310
v 0.035483 -0.532510 -0.084776
v 0.009078 -0.459244 -0.047993
v 0.015029 -0.532640 -0.047667
v 0.011325 -0.459353 -0.004567
v 0.017697 -0.532791 -0.005054
v 0.033786 -0.461345 0.038303
v 0.042026 -0.534613 0.033163
v 0.079148 -0.461542 0.056316
v 0.078839 -0.535324 0.049427
v 0.125839 -0.461497 0.036514
v 0.119642 -0.535470 0.031822
v 0.120712 -0.750190 -0.043043
v 0.118732 -0.804485 -0.074394
v 0.078223 -0.802758 -0.094484
v 0.043352 -0.804763 -0.071023
v 0.036143 -0.805079 -0.042048
v 0.043868 -0.803615 -0.018380
v 0.063817 -0.804870 0.005183
v 0.083511 -0.804408 0.009930
v 0.101272 -0.805035 0.001407
v 0.113525 -0.805565 -0.013401
v 0.126169 -0.805818 -0.045414
v 0.127901 -0.883930 -0.077323
v 0.082121 -0.882800 -0.099981
v 0.042117 -0.884379 -0.074399
v 0.033993 -0.884675 -0.042153
v 0.043868 -0.885239 -0.015690
v 0.064999 -0.886627 0.005976
v 0.090502 -0.886504 0.011561
v 0.108135 -0.886509 0.002225
v 0.122547 -0.886338 -0.012939
v 0.136979 -0.885073 -0.045109
v 0.121079 -0.970322 -0.067164
v 0.082518 -0.970221 -0.086650
v 0.048894 -0.970462 -0.064694
v 0.045443 -0.969712 -0.038876
v 0.053898 -0.968783 -0.016125
v 0.067359 -0.970173 0.000782
v 0.089422 -0.970293 0.008318
v 0.106817 -0.970230 0.000031
v 0.118001 -0.970135 -0.014141
v 0.128275 -0.969567 -0.039732
v 0.107187 -1.039276 -0.056565
v 0.082318 -1.038877 -0.068281
v 0.059540 -1.039244 -0.054938
v 0.056726 -1.039086 -0.037856
v 0.060404 -1.039117 -0.018693
v 0.069650 -1.040302 -0.003101
v 0.085879 -1.039748 0.003087
v 0.100256 -1.039305 -0.003931
v 0.109641 -1.039440 -0.016745
v 0.113533 -1.038614 -0.037312
v 0.092011 -1.125478 -0.047287
v 0.076026 -1.125830 -0.055248
v 0.063187 -1.126503 -0.048494
v 0.057152 -1.126543 -0.033847
v 0.057048 -1.127097 -0.019635
v 0.063294 -1.127669 -0.004046
v 0.076964 -1.126778 0.003043
v 0.091787 -1.126688 -0.006516
v 0.098336 -1.126759 -0.017898
v 0.100239 -1.126010 -0.034260
v 0.150706 -0.397518 -0.093997
v 0.086974 -0.395735 -0.119352
v 0.031801 -0.397614 -0.099594
v 0.006291 -0.397291 -0.051631
v 0.006410 -0.397468 -0.001220
v 0.037537 -0.399309 0.045162
v 0.089391 -0.399359 0.055004
v 0.133001 -0.399247 0.033249
v 0.159251 -0.360442 0.000005
v 0.170673 -0.358634 -0.049582
v 0.154371 -0.358438 -0.101467
v 0.089587 -0.354450 -0.138957
v 0.035146 -0.362202 -0.119265
v 0.008255 -0.374004 -0.049468
v 0.008899 -0.371941 -0.003873
v 0.041299 -0.366511 0.046943
v 0.091079 -0.362376 0.053568
v 0.134436 -0.360094 0.032206
v 0.159316 -0.271540 -0.037191
v 0.140322 -0.278624 0.015439
v 0.120958 -0.321254 0.040980
v 0.111696 -0.290235 0.046389
v 0.083855 -0.332807 0.055376
v 0.077249 -0.307412 0.055916
v 0.036804 -0.340200 0.044187
v 0.028513 -0.322637 0.048706
v -0.000000 -0.337390 0.044267
v -0.000000 -0.325158 0.050454
v 0.001599 -0.361569 -0.048654
v 0.003842 -0.358386 -0.001779
v -0.000000 -0.358650 -0.048284
v -0.000000 -0.357968 -0.001472
v 0.157974 -0.305471 -0.105235
v 0.149694 -0.261525 -0.097677
v 0.093440 -0.310937 -0.151522
v 0.094586 -0.260115 -0.142608
v 0.022824 -0.334025 -0.135513
v 0.031633 -0.278032 -0.144843
v -0.000000 -0.338105 -0.114268
v -0.000000 -0.286088 -0.141665
v 0.057114 -0.274005 0.055326
v 0.023504 -0.286704 0.058096
v -0.000000 -0.286278 0.059599
v -0.000000 -0.258156 0.064380
v 0.039312 -0.212330 0.059467
v 0.024419 -0.235968 0.063167
v -0.000000 -0.212032 0.065225
v 0.018966 -0.071483 0.065239
v 0.019785 -0.110957 0.056876
v 0.022673 -0.144433 0.056887
v 0.030062 -0.175282 0.058965
v 0.021607 -0.000170 0.081011
v -0.000000 -0.175609 0.055727
v -0.000000 -0.235669 0.066080
v 0.101894 0.025109 -0.029612
v 0.107212 0.024250 0.008112
v 0.106733 0.073252 -0.034027
v 0.111818 0.068536 0.014406
v 0.072850 -0.014978 0.123230
v 0.092166 -0.016595 0.108458
v 0.033826 -0.017089 0.110627
v 0.057210 -0.003947 0.128741
v 0.000000 -0.003692 0.081326
v 0.008390 0.013940 0.090083
v 0.019611 0.004838 0.112878
v 0.105791 -0.011361 0.053227
v 0.117582 0.024714 0.044087
v 0.110361 -0.002745 0.092080
v 0.118541 0.020774 0.084125
v 0.115908 0.057738 0.045286
v 0.114293 0.043863 0.085482
v 0.070701 0.091061 0.061243
v 0.081103 0.062554 0.093057
v 0.037563 0.083296 0.074809
v 0.061017 0.059047 0.102301
v 0.020447 0.062260 0.094924
v 0.044149 0.044507 0.116182
v 0.013836 0.030636 0.109242
v 0.040632 0.025740 0.127197
v 0.045745 0.009976 0.130606
v 0.019074 0.106949 0.055480
v 0.004779 0.072908 0.072591
v 0.000000 0.108133 0.047658
v 0.000000 0.077047 0.060860
v 0.058503 0.119824 0.042467
v 0.000000 0.132617 0.026891
v 0.097905 0.083862 0.051130
v 0.101835 0.055874 0.087739
v 0.095082 0.108702 0.017296
v 0.081662 0.000996 0.127289
v 0.093254 0.002135 0.119406
v 0.071893 0.006032 0.131254
v 0.101594 0.009159 0.112148
v 0.105913 0.019998 0.107425
v 0.104507 0.033555 0.106848
v 0.085102 0.044906 0.112221
v 0.075141 0.042092 0.118043
v 0.065684 0.035835 0.124329
v 0.063359 0.025537 0.130150
v 0.065394 0.014437 0.132923
v 0.097418 0.041662 0.107477
v 0.057820 0.026120 -0.072202
v 0.067500 0.072154 -0.079150
v 0.000000 0.027125 -0.077838
v 0.000000 0.071639 -0.080734
v 0.112821 0.092097 -0.035935
v 0.072459 0.102213 -0.077137
v 0.050381 0.145899 0.016244
v 0.088632 0.138494 0.009061
v 0.053880 0.171700 -0.009467
v 0.090042 0.167696 -0.009685
v 0.049681 0.184464 -0.042904
v 0.084372 0.173521 -0.043875
v 0.037306 0.160732 -0.078718
v 0.069718 0.133925 -0.075686
v 0.000000 0.154426 -0.077066
v 0.000000 0.130107 -0.076485
v 0.130418 0.109846 0.006088
v 0.000000 0.102441 -0.078721
v 0.132132 0.097360 -0.038896
v 0.105025 0.111433 -0.067947
v 0.130602 0.136662 0.011277
v 0.130611 0.165503 -0.010182
v 0.125300 0.166724 -0.041271
v 0.111337 0.136985 -0.067858
v 0.262552 0.112988 0.001996
v 0.263807 0.103284 -0.034574
v 0.237173 0.113937 -0.054810
v 0.263051 0.136087 0.005730
v 0.263704 0.155307 -0.012918
v 0.259922 0.154940 -0.037565
v 0.243274 0.133093 -0.056056
v 0.322352 0.111330 -0.002258
v 0.324188 0.105401 -0.032993
v 0.313549 0.116360 -0.049581
v 0.323463 0.130912 0.004391
v 0.323839 0.154370 -0.015021
v 0.319080 0.154234 -0.032818
v 0.314068 0.128581 -0.052548
v 0.371133 0.110235 -0.000126
v 0.361839 0.104008 -0.033777
v 0.353925 0.121261 -0.049421
v 0.370353 0.130990 0.004083
v 0.360510 0.154833 -0.012539
v 0.357095 0.152572 -0.033918
v 0.355013 0.131786 -0.052382
v 0.406379 0.112734 0.002802
v 0.406286 0.100372 -0.026862
v 0.390887 0.115610 -0.046195
v 0.406959 0.131971 0.003928
v 0.407269 0.152841 -0.007915
v 0.403923 0.157212 -0.029666
v 0.392934 0.134636 -0.049408
v 0.516582 0.119880 -0.003020
v 0.516101 0.110428 -0.025325
v 0.501788 0.119471 -0.043683
v 0.516923 0.132891 0.000771
v 0.517052 0.147069 -0.009232
v 0.514028 0.147482 -0.028384
v 0.504332 0.132279 -0.045009
v 0.573992 0.119125 -0.005938
v 0.568938 0.114496 -0.026134
v 0.570934 0.119228 -0.039937
v 0.572057 0.131135 0.000783
v 0.572730 0.143987 -0.009836
v 0.571517 0.142763 -0.028248
v 0.569597 0.132609 -0.040726
v 0.029235 0.197808 -0.010538
v 0.033546 0.201950 -0.034052
v 0.000000 0.149035 0.017114
v 0.000000 0.178152 0.006761
v 0.031199 0.217381 -0.012455
v 0.033091 0.219671 -0.028481
v 0.000000 0.192516 0.008506
v 0.000000 0.210422 0.013842
v 0.019248 0.202789 -0.054828
v 0.022755 0.222199 -0.045447
v 0.000000 0.205525 -0.058113
v 0.000000 0.223264 -0.055543
v 0.590330 0.115702 -0.003337
v 0.586674 0.113693 -0.025769
v 0.588119 0.114869 -0.042907
v 0.586455 0.131615 -0.001054
v 0.587560 0.142062 -0.008610
v 0.586952 0.141939 -0.028539
v 0.586421 0.131976 -0.042072
v 0.620312 0.107798 0.013042
v 0.610930 0.108424 -0.044141
v 0.614863 0.111228 -0.051436
v 0.619824 0.125944 0.014336
v 0.616092 0.136932 -0.003025
v 0.614575 0.141589 -0.038435
v 0.612894 0.125160 -0.054460
v 0.639441 0.106041 0.027044
v 0.638534 0.120166 0.025711
v 0.650152 0.104755 0.034094
v 0.650237 0.117640 0.033487
v 0.662605 0.105541 0.044009
v 0.663494 0.111964 0.044075
v 0.667530 0.105025 0.040794
v 0.667879 0.113347 0.039916
v 0.663317 0.105175 0.028989
v 0.661017 0.117177 0.029374
v 0.653235 0.106362 0.019564
v 0.650731 0.119126 0.022205
v 0.646026 0.107433 0.013345
v 0.643646 0.121211 0.014117
v 0.643426 0.114483 0.004422
v 0.642517 0.131621 0.002695
v 0.655461 0.120492 -0.002872
v 0.655697 0.133356 -0.001375
v 0.679214 0.121910 -0.001898
v 0.679157 0.132264 -0.002454
v 0.709106 0.123467 0.000142
v 0.709153 0.131860 -0.002687
v 0.724931 0.124474 -0.001889
v 0.725515 0.131016 -0.003477
v 0.725750 0.124730 -0.008797
v 0.725497 0.131231 -0.008049
v 0.709890 0.120001 -0.010385
v 0.710431 0.132172 -0.011032
v 0.678788 0.119001 -0.013691
v 0.678869 0.133863 -0.015126
v 0.671932 0.120221 -0.015543
v 0.672454 0.134658 -0.019908
v 0.680481 0.121503 -0.022583
v 0.680727 0.134173 -0.020248
v 0.712380 0.122328 -0.023547
v 0.712454 0.133122 -0.022330
v 0.733187 0.126274 -0.024350
v 0.734540 0.133343 -0.025278
v 0.733474 0.126360 -0.031787
v 0.734820 0.133273 -0.030966
v 0.713939 0.121713 -0.031171
v 0.714152 0.133608 -0.033453
v 0.681209 0.120838 -0.031913
v 0.681634 0.136774 -0.033644
v 0.668375 0.121000 -0.035488
v 0.671065 0.136248 -0.034836
v 0.680966 0.120014 -0.040629
v 0.680907 0.132663 -0.038882
v 0.713834 0.119249 -0.043609
v 0.714317 0.131135 -0.044278
v 0.725874 0.122434 -0.046177
v 0.726300 0.130044 -0.046502
v 0.725267 0.122309 -0.051837
v 0.724710 0.130070 -0.051218
v 0.711626 0.118695 -0.050539
v 0.711919 0.131531 -0.050880
v 0.679195 0.119513 -0.049458
v 0.679268 0.133826 -0.051345
v 0.668086 0.118909 -0.053508
v 0.667439 0.134808 -0.050017
v 0.676996 0.117373 -0.057908
v 0.677543 0.131286 -0.055498
v 0.698438 0.117422 -0.061981
v 0.696287 0.126570 -0.062998
v 0.709253 0.119760 -0.066476
v 0.707743 0.125253 -0.064955
v 0.707166 0.118897 -0.069714
v 0.706728 0.124813 -0.068702
v 0.696769 0.116824 -0.069974
v 0.697493 0.125459 -0.067915
v 0.669134 0.116195 -0.065973
v 0.668807 0.128354 -0.065114
v 0.654073 0.113377 -0.064062
v 0.655132 0.129011 -0.064138
v 0.633075 0.113182 -0.061940
v 0.633441 0.127766 -0.061315
v 0.647092 0.140344 -0.008545
v 0.613433 0.105161 -0.009901
v 0.624068 0.103810 0.002386
v 0.643651 0.116951 -0.016917
v 0.645027 0.115649 -0.032206
v 0.640059 0.111508 -0.047804
v 0.624681 0.109485 -0.046218
v 0.626118 0.111882 -0.028515
v 0.629424 0.110379 -0.014354
v 0.611507 0.107747 -0.024674
v 0.652280 0.140530 -0.021773
v 0.651344 0.141226 -0.033219
v 0.647390 0.139634 -0.044888
v 0.644415 0.134643 -0.053717
v 0.636310 0.139925 -0.005285
v 0.632967 0.135126 -0.052767
v 0.633044 0.141974 -0.036783
v 0.633669 0.142488 -0.020438
v 0.614881 0.143179 -0.020058
v 0.616858 0.131408 0.004900
v 0.054030 -1.156128 -0.018871
v 0.060397 -1.156577 -0.002612
v 0.077577 -1.155716 0.003270
v 0.092298 -1.156138 -0.006643
v 0.098611 -1.156641 -0.018635
v 0.100138 -1.155940 -0.032369
v 0.092644 -1.183606 -0.054851
v 0.075957 -1.182531 -0.067105
v 0.058067 -1.182795 -0.053405
v 0.053578 -1.181733 -0.033707
v 0.053351 -1.181308 -0.007900
v 0.057894 -1.183606 0.014865
v 0.076224 -1.183394 0.020838
v 0.088431 -1.184033 0.013079
v 0.096674 -1.181655 -0.006800
v 0.100081 -1.181357 -0.034767
v 0.056127 -1.201542 0.037613
v 0.076295 -1.201298 0.045343
v 0.055708 -1.212531 0.065548
v 0.077613 -1.211995 0.072506
v 0.058825 -1.226132 0.096871
v 0.077363 -1.225250 0.096323
v 0.089571 -1.202460 0.037454
v 0.092071 -1.210560 0.060280
v 0.095115 -1.226737 0.086313
v 0.107959 -1.212052 0.024987
v 0.112000 -1.220765 0.028496
v 0.101944 -1.202042 0.010499
v 0.096104 -1.196545 -0.059270
v 0.102160 -1.199937 -0.032851
v 0.102692 -1.211239 0.039604
v 0.098641 -1.200538 0.021194
v 0.108853 -1.222376 0.060709
v 0.104576 -1.211158 -0.031549
v 0.103690 -1.220243 -0.031077
v 0.072400 -1.197185 -0.074188
v 0.056161 -1.198262 -0.058674
v 0.052266 -1.197050 -0.037896
v 0.051781 -1.196795 -0.011345
v 0.097252 -1.210668 -0.063669
v 0.072391 -1.209907 -0.077998
v 0.055781 -1.209893 -0.060384
v 0.053802 -1.208663 -0.039265
v 0.055709 -1.209948 -0.014051
v 0.095591 -1.219676 -0.063655
v 0.056328 -1.216826 -0.042188
v 0.051054 -1.199319 0.006290
v 0.049563 -1.206920 0.034037
v 0.050199 -1.208074 0.007462
v 0.046394 -1.217800 0.033178
v 0.049941 -1.220656 0.062201
v 0.049669 -1.227322 0.062481
v 0.055003 -1.228505 0.089118
v 0.055218 -1.232505 0.089449
v 0.058746 -1.232448 0.095122
v 0.077419 -1.233583 0.097240
v 0.094440 -1.233278 0.086502
v 0.108049 -1.233790 0.063432
v 0.109553 -1.231290 0.029279
v 0.100924 -1.227555 -0.029489
v 0.057500 -1.218863 -0.063949
v 0.072368 -1.220049 -0.076770
v 0.071403 -1.223312 -0.075920
v 0.093967 -1.225375 -0.062213
v 0.059549 -1.225229 -0.044311
v 0.059722 -1.223326 -0.064516
v 0.060596 -1.216598 -0.014171
v 0.068504 -1.224265 -0.015689
v 0.055379 -1.218270 0.004561
v 0.048104 -1.226178 0.030580
v 0.065123 -1.225263 0.002357
v 0.057772 -1.233476 0.028508
v 0.053480 -1.233528 0.062641
v 0.059688 -1.237040 0.089059
v 0.067013 -1.236163 0.058578
v 0.067102 -1.238147 0.086818
v 0.084516 -1.235930 0.054083
v 0.094379 -1.237041 0.081636
v 0.087588 -1.234171 0.016659
v 0.087574 -1.231098 -0.002562
v 0.086477 -1.230554 -0.021324
v 0.082764 -1.232919 -0.052145
v 0.002769 0.026889 0.092636
v 0.000000 0.028447 0.078182
v 0.087114 0.022779 0.126120
v 0.000000 0.213859 0.016756
v 0.000000 0.214239 0.030659
v 0.000000 0.209251 0.049535
v 0.000000 0.209043 0.057772
v 0.000000 0.214207 0.063941
v 0.000000 0.227158 0.068326
v 0.000000 0.235313 0.072321
v 0.000000 0.239808 0.075540
v 0.000000 0.241736 0.074741
v 0.000000 0.243888 0.078849
v 0.000000 0.246551 0.081699
v 0.000000 0.251268 0.080763
v 0.000000 0.253998 0.082100
v 0.000000 0.259592 0.087089
v 0.000000 0.266162 0.088978
v 0.000000 0.269889 0.082518
v 0.000000 0.276909 0.075596
v 0.000000 0.284507 0.072880
v 0.000000 0.292605 0.071793
v 0.000000 0.300306 0.076551
v 0.030970 0.337282 0.083640
v 0.000000 0.337282 0.087611
v 0.000000 0.359486 0.087587
v 0.084675 0.335761 0.039456
v 0.011516 0.292434 0.067847
v 0.011593 0.300315 0.072618
v 0.018250 0.359486 0.086724
v 0.020069 0.293145 0.058417
v 0.021761 0.298593 0.061200
v 0.018233 0.337282 0.085662
v 0.014854 0.283081 0.067167
v 0.021583 0.288988 0.057903
v 0.023883 0.277453 0.064663
v 0.028971 0.284941 0.061204
v 0.042375 0.273567 0.063596
v 0.041686 0.283270 0.061326
v 0.058414 0.279497 0.054507
v 0.053769 0.286198 0.058166
v 0.066035 0.288404 0.044601
v 0.059564 0.291706 0.053173
v 0.070614 0.298076 0.046270
v 0.061869 0.297933 0.053727
v 0.065462 0.309106 0.057772
v 0.057548 0.302260 0.058272
v 0.048997 0.314338 0.066768
v 0.046485 0.306652 0.062867
v 0.030097 0.311789 0.071655
v 0.031717 0.305348 0.064767
v 0.021493 0.308498 0.071793
v 0.025059 0.302723 0.062913
v 0.007828 0.277163 0.072723
v 0.007835 0.284548 0.070252
v 0.007070 0.266535 0.081497
v 0.008386 0.269784 0.077834
v 0.009580 0.247723 0.077485
v 0.008875 0.251925 0.079025
v 0.015596 0.249065 0.076092
v 0.016059 0.253427 0.077188
v 0.020045 0.247863 0.074304
v 0.025032 0.249887 0.073666
v 0.020390 0.243397 0.071763
v 0.024727 0.242100 0.069776
v 0.016423 0.233425 0.068038
v 0.012565 0.238833 0.071237
v 0.009934 0.243519 0.073619
v 0.009230 0.245550 0.076746
v 0.015390 0.244325 0.072847
v 0.015604 0.246639 0.075010
v 0.016245 0.244201 0.072666
v 0.017554 0.246156 0.074138
v 0.015089 0.243911 0.071872
v 0.017958 0.243626 0.072284
v 0.010028 0.243336 0.072476
v 0.010896 0.241610 0.073013
v 0.000000 0.241428 0.075034
v 0.007663 0.254492 0.080597
v 0.005608 0.259861 0.084031
v 0.021517 0.274270 0.067930
v 0.019036 0.269564 0.071898
v 0.017621 0.264854 0.075166
v 0.016455 0.258292 0.077762
v 0.016240 0.255617 0.077772
v 0.041319 0.264653 0.067726
v 0.039040 0.259279 0.070067
v 0.041907 0.269149 0.065643
v 0.036902 0.255229 0.070961
v 0.032576 0.251449 0.071961
v 0.019090 0.217896 0.050406
v 0.016561 0.221911 0.059847
v 0.036507 0.231020 0.047878
v 0.032885 0.233919 0.059472
v 0.047538 0.239210 0.045354
v 0.043745 0.243600 0.060511
v 0.055008 0.247762 0.044323
v 0.050096 0.250788 0.060383
v 0.060542 0.256448 0.041595
v 0.055352 0.258664 0.059414
v 0.064700 0.268231 0.040108
v 0.058746 0.267376 0.056708
v 0.019224 0.217676 0.038150
v 0.040563 0.231690 0.031091
v 0.046083 0.239398 0.027405
v 0.054190 0.247698 0.022877
v 0.059001 0.255732 0.019095
v 0.065564 0.267024 0.019860
v 0.018235 0.215482 0.010147
v 0.017176 0.219271 0.020256
v 0.034539 0.231316 0.012564
v 0.039650 0.238361 0.010970
v 0.049183 0.247537 0.006803
v 0.056798 0.255955 0.003224
v 0.065059 0.266857 0.002192
v 0.071532 0.286761 0.025659
v 0.024868 0.133010 0.033474
v 0.027159 0.147354 0.016647
v 0.012434 0.123500 0.036816
v 0.000000 0.123375 0.034633
v 0.013393 0.194919 -0.000139
v 0.017780 0.210904 0.005616
v 0.024074 0.175280 -0.000462
v 0.077829 0.286530 0.007147
v 0.077805 0.300009 0.032524
v 0.080873 0.299901 0.010156
v 0.007103 0.313446 0.081125
v 0.075494 0.319408 0.054866
v 0.054350 0.331676 0.073851
v 0.027838 0.324857 0.081407
v 0.016580 0.320201 0.082053
v 0.000000 0.311188 0.081982
v 0.030986 0.359486 0.083617
v 0.009338 0.337282 0.087482
v 0.009355 0.359486 0.087458
v 0.055634 0.337282 0.073917
v 0.055650 0.358167 0.075530
v 0.077106 0.335761 0.058087
v 0.076229 0.357410 0.057278
v 0.083798 0.357410 0.038647
v 0.091520 0.335761 0.013547
v 0.091658 0.357410 0.012738
v 0.095304 0.335761 -0.016729
v 0.095442 0.357410 -0.017538
v 0.088934 0.336379 -0.050623
v 0.089620 0.357410 -0.052181
v 0.075834 0.336379 -0.078279
v 0.076520 0.357410 -0.079837
v 0.055059 0.336849 -0.100004
v 0.056724 0.357410 -0.101088
v 0.030237 0.335761 -0.114253
v 0.029359 0.357410 -0.115062
v 0.000000 0.335761 -0.120657
v 0.000000 0.357410 -0.121466
v 0.083518 0.313235 0.024731
v 0.082986 0.321906 0.039606
v 0.083570 0.308983 0.000411
v 0.087632 0.320511 0.012220
v 0.022755 0.239666 -0.045447
v 0.000000 0.240731 -0.055543
v 0.022755 0.265922 -0.050552
v 0.000000 0.261635 -0.059754
v 0.023556 0.282519 -0.071625
v 0.000000 0.282857 -0.078606
v 0.023556 0.302781 -0.098874
v 0.000000 0.303119 -0.105854
v 0.030481 0.227113 -0.003184
v 0.037619 0.240408 -0.009480
v 0.043906 0.251629 -0.013881
v 0.051948 0.259691 -0.017702
v 0.033764 0.236440 -0.026254
v 0.036762 0.248256 -0.029218
v 0.040809 0.262673 -0.031703
v 0.051803 0.276077 -0.036528
v 0.034257 0.269683 -0.047042
v 0.048487 0.281658 -0.051841
v 0.088792 0.317356 -0.016322
v 0.083551 0.308983 -0.015215
v 0.048492 0.307529 -0.085328
v 0.067850 0.310366 -0.068713
v 0.081364 0.315785 -0.045273
v 0.079954 0.303740 -0.028620
v 0.058242 0.293673 -0.055135
v 0.065475 0.292620 -0.039455
v 0.076084 0.283755 -0.029369
v 0.000000 0.392184 0.077923
v 0.020801 0.392077 0.077421
v 0.032650 0.392077 0.074531
v 0.012526 0.392077 0.078104
v 0.051090 0.391421 0.065075
v 0.070235 0.390716 0.048094
v 0.081783 0.390145 0.032694
v 0.089095 0.390145 0.008590
v 0.092616 0.390145 -0.019577
v 0.087199 0.390145 -0.051806
v 0.075012 0.390145 -0.077535
v 0.056595 0.390145 -0.097306
v 0.031137 0.390145 -0.110306
v 0.000000 0.390145 -0.116264
v 0.000000 0.420556 0.054381
v 0.020801 0.420449 0.053878
v 0.012526 0.420449 0.054562
v 0.000000 0.439873 0.015143
v 0.020801 0.439766 0.014641
v 0.012526 0.439766 0.015324
v 0.000000 0.445306 -0.025906
v 0.020801 0.445199 -0.026408
v 0.012526 0.445199 -0.025725
v 0.000000 0.433836 -0.072387
v 0.031345 0.431446 -0.064747
v 0.015345 0.433608 -0.071286
v 0.000000 0.415727 -0.097137
v 0.040751 0.413629 -0.083683
v 0.023047 0.415124 -0.093663
v 0.068973 0.419909 0.008590
v 0.072494 0.419909 -0.019577
v 0.038371 0.437516 0.008590
v 0.041892 0.437516 -0.019577
v 0.066288 0.418016 -0.038966
v 0.056491 0.415941 -0.065179
v 0.041728 0.432997 -0.041511
v 0.064127 0.419423 0.026569
v 0.036888 0.435601 0.020165
v 0.054606 0.418836 0.039868
v 0.031919 0.433158 0.027007
v 0.031810 0.420306 0.049783
v 0.047470 0.419424 0.043779
v 0.012397 0.432219 0.035775
v 0.000000 0.432952 0.034762
v 0.020672 0.432219 0.035092
v 0.032829 0.428206 0.037370
v 0.065485 0.260870 -0.004813
v 0.073321 0.269362 -0.004562
v 0.075951 0.260706 -0.007456
v 0.083446 0.277737 -0.015847
v 0.090015 0.271283 -0.021906
v 0.089181 0.286970 -0.019252
v 0.098752 0.285356 -0.026405
v 0.091145 0.291403 -0.016756
v 0.102356 0.296333 -0.023312
v 0.087853 0.293237 -0.011028
v 0.098646 0.301762 -0.011721
v 0.078781 0.288538 0.001251
v 0.089574 0.297063 0.000558
v 0.068925 0.260854 -0.012474
v 0.085744 0.273665 -0.027027
v 0.094481 0.287738 -0.031526
v 0.098085 0.298716 -0.028433
v 0.093842 0.304726 -0.013201
v 0.061853 0.269566 -0.022489
v 0.051593 -0.725851 0.011159
v 0.077003 -0.722164 0.020331
v 0.113191 -0.731912 -0.013537
v 0.098992 -0.723463 0.009079
v 0.081557 -0.785346 0.012496
v 0.112599 -0.780469 -0.013920
v 0.059144 -0.778291 0.007010
v 0.100065 -0.782838 0.003446
v 0.346150 0.110644 -0.000922
v 0.345534 0.130960 0.004203
v 0.020069 0.293145 0.055130
v 0.021761 0.298593 0.057912
v 0.021538 0.288587 0.054381
v 0.028971 0.284941 0.057350
v 0.041686 0.283270 0.056766
v 0.053058 0.286754 0.053798
v 0.057403 0.292261 0.051435
v 0.060419 0.297933 0.051109
v 0.056336 0.302422 0.055971
v 0.045691 0.306553 0.059991
v 0.031717 0.305348 0.060266
v 0.024882 0.302587 0.057916
v 0.024114 0.293954 0.051759
v 0.024587 0.299140 0.053239
v 0.025322 0.289977 0.051616
v 0.030094 0.286149 0.051765
v 0.038248 0.284380 0.051033
v 0.045670 0.287173 0.048698
v 0.049526 0.291895 0.046346
v 0.050908 0.297409 0.047022
v 0.047265 0.302135 0.049960
v 0.039658 0.306755 0.052011
v 0.030521 0.305604 0.052252
v 0.026675 0.303004 0.052079
v 0.000000 0.243521 0.062721
v 0.009934 0.245153 0.062775
v 0.014179 0.246591 0.062680
v 0.017963 0.244249 0.062605
v 0.015789 0.241428 0.062276
v 0.010028 0.240660 0.062523
v 0.000000 0.239393 0.062820
v 0.000000 0.243521 0.054647
v 0.009934 0.245153 0.054691
v 0.014179 0.246591 0.054614
v 0.017963 0.244249 0.054554
v 0.015789 0.241428 0.054289
v 0.010028 0.240660 0.054488
v 0.000000 0.239393 0.054727
v -0.038359 -0.095521 -0.058568
v -0.040836 -0.053092 -0.061096
v -0.068265 -0.099403 -0.040212
v -0.071221 -0.057028 -0.038116
v -0.083044 -0.101341 -0.003053
v -0.083758 -0.062383 0.002753
v -0.068329 -0.106879 0.036114
v -0.070679 -0.068711 0.043766
v -0.038605 -0.110508 0.051374
v -0.041433 -0.070440 0.062540
v -0.055209 -0.025877 0.101422
v -0.089991 -1.155293 -0.044724
v -0.073319 -1.156001 -0.056259
v -0.062494 -1.156288 -0.048676
v -0.055156 -1.156343 -0.033807
v -0.079964 -0.027492 0.080532
v -0.048416 -0.132056 -0.067513
v -0.081382 -0.136553 -0.047033
v -0.095631 -0.138642 -0.008515
v -0.081499 -0.142359 0.030045
v -0.046062 -0.144809 0.050490
v -0.063827 -0.169734 -0.087234
v -0.107655 -0.177591 -0.053373
v -0.119627 -0.186432 -0.012686
v -0.105122 -0.187690 0.026470
v -0.057596 -0.179468 0.050338
v 0.000919 -0.219099 -0.118394
v -0.079813 -0.218316 -0.121027
v -0.134642 -0.228985 -0.081626
v -0.140948 -0.233715 -0.030296
v -0.125217 -0.239943 0.018530
v -0.079293 -0.244098 0.051337
v -0.017665 -0.257791 0.063604
v -0.047725 -0.015196 -0.067790
v -0.087003 -0.014620 -0.032820
v -0.094710 -0.012492 0.008118
v -0.080322 -0.020505 0.054432
v -0.041819 -0.016486 0.081308
v -0.164369 -0.306717 -0.044280
v -0.150928 -0.312699 0.009198
v -0.158158 -0.399643 0.000312
v -0.167497 -0.397740 -0.049886
v -0.160602 -0.459443 -0.050110
v -0.153459 -0.461863 0.001376
v -0.147963 -0.532841 -0.049915
v -0.142271 -0.535455 0.001044
v -0.110580 -0.750331 -0.071342
v -0.075717 -0.749269 -0.085256
v -0.042713 -0.750452 -0.066232
v -0.032038 -0.749913 -0.042898
v -0.037651 -0.749021 -0.015904
v -0.100407 -0.669276 0.014419
v -0.075414 -0.669921 0.026051
v -0.046159 -0.669980 0.016430
v -0.027666 -0.669155 -0.012537
v -0.025364 -0.670677 -0.045582
v -0.041302 -0.669806 -0.070814
v -0.076157 -0.668230 -0.084585
v -0.110915 -0.668876 -0.071199
v -0.118446 -0.671195 -0.010425
v -0.123214 -0.669455 -0.046179
v -0.140116 -0.458840 -0.092023
v -0.126559 -0.532250 -0.088503
v -0.076844 -0.456436 -0.112595
v -0.075225 -0.530379 -0.104290
v -0.029485 -0.458701 -0.092310
v -0.035483 -0.532510 -0.084776
v -0.009078 -0.459244 -0.047993
v -0.015029 -0.532640 -0.047667
v -0.011325 -0.459353 -0.004567
v -0.017697 -0.532791 -0.005054
v -0.033786 -0.461345 0.038303
v -0.042026 -0.534613 0.033163
v -0.079148 -0.461542 0.056316
v -0.078839 -0.535324 0.049427
v -0.125839 -0.461497 0.036514
v -0.119642 -0.535470 0.031822
v -0.120712 -0.750190 -0.043043
v -0.118732 -0.804485 -0.074394
v -0.078223 -0.802758 -0.094484
v -0.043352 -0.804763 -0.071023
v -0.036143 -0.805079 -0.042048
v -0.043868 -0.803615 -0.018380
v -0.063817 -0.804870 0.005183
v -0.083511 -0.804408 0.009930
v -0.101272 -0.805035 0.001407
v -0.113525 -0.805565 -0.013401
v -0.126169 -0.805818 -0.045414
v -0.127901 -0.883930 -0.077323
v -0.082121 -0.882800 -0.099981
v -0.042117 -0.884379 -0.074399
v -0.033993 -0.884675 -0.042153
v -0.043868 -0.885239 -0.015690
v -0.064999 -0.886627 0.005976
v -0.090502 -0.886504 0.011561
v -0.108135 -0.886509 0.002225
v -0.122547 -0.886338 -0.012939
v -0.136979 -0.885073 -0.045109
v -0.121079 -0.970322 -0.067164
v -0.082518 -0.970221 -0.086650
v -0.048894 -0.970462 -0.064694
v -0.045443 -0.969712 -0.038876
v -0.053898 -0.968783 -0.016125
v -0.067359 -0.970173 0.000782
v -0.089422 -0.970293 0.008318
v -0.106817 -0.970230 0.000031
v -0.118001 -0.970135 -0.014141
v -0.128275 -0.969567 -0.039732
v -0.107187 -1.039276 -0.056565
v -0.082318 -1.038877 -0.068281
v -0.059540 -1.039244 -0.054938
v -0.056726 -1.039086 -0.037856
v -0.060404 -1.039117 -0.018693
v -0.069650 -1.040302 -0.003101
v -0.085879 -1.039748 0.003087
v -0.100256 -1.039305 -0.003931
v -0.109641 -1.039440 -0.016745
v -0.113533 -1.038614 -0.037312
v -0.092011 -1.125478 -0.047287
v -0.076026 -1.125830 -0.055248
v -0.063187 -1.126503 -0.048494
v -0.057152 -1.126543 -0.033847
v -0.057048 -1.127097 -0.019635
v -0.063294 -1.127669 -0.004046
v -0.076964 -1.126778 0.003043
v -0.091787 -1.126688 -0.006516
v -0.098336 -1.126759 -0.017898
v -0.100239 -1.126010 -0.034260
v -0.150706 -0.397518 -0.093997
v -0.086974 -0.395735 -0.119352
v -0.031801 -0.397614 -0.099594
v -0.006291 -0.397291 -0.051631
v -0.006410 -0.397468 -0.001220
v -0.037537 -0.399309 0.045162
v -0.089391 -0.399359 0.055004
v -0.133001 -0.399247 0.033249
v -0.159251 -0.360442 0.000005
v -0.170673 -0.358634 -0.049582
v -0.154371 -0.358438 -0.101467
v -0.089587 -0.354450 -0.138957
v -0.035146 -0.362202 -0.119265
v -0.008255 -0.374004 -0.049468
v -0.008899 -0.371941 -0.003873
v -0.041299 -0.366511 0.046943
v -0.091079 -0.362376 0.053568
v -0.134436 -0.360094 0.032206
v -0.159316 -0.271540 -0.037191
v -0.140322 -0.278624 0.015439
v -0.120958 -0.321254 0.040980
v -0.111696 -0.290235 0.046389
v -0.083855 -0.332807 0.055376
v -0.077249 -0.307412 0.055916
v -0.036804 -0.340200 0.044187
v -0.028513 -0.322637 0.048706
v -0.001599 -0.361569 -0.048654
v -0.003842 -0.358386 -0.001779
v -0.157974 -0.305471 -0.105235
v -0.149694 -0.261525 -0.097677
v -0.093440 -0.310937 -0.151522
v -0.094586 -0.260115 -0.142608
v -0.022824 -0.334025 -0.135513
v -0.031633 -0.278032 -0.144843
v -0.057114 -0.274005 0.055326
v -0.023504 -0.286704 0.058096
v -0.039312 -0.212330 0.059467
v -0.024419 -0.235968 0.063167
v -0.018966 -0.071483 0.065239
v -0.019785 -0.110957 0.056876
v -0.022673 -0.144433 0.056887
v -0.030062 -0.175282 0.058965
v -0.021607 -0.000170 0.081011
v -0.101894 0.025109 -0.029612
v -0.107212 0.024250 0.008112
v -0.106733 0.073252 -0.034027
v -0.111818 0.068536 0.014406
v -0.072850 -0.014978 0.123230
v -0.092166 -0.016595 0.108458
v -0.033826 -0.017089 0.110627
v -0.057210 -0.003947 0.128741
v -0.008390 0.013940 0.090083
v -0.019611 0.004838 0.112878
v -0.105791 -0.011361 0.053227
v -0.117582 0.024714 0.044087
v -0.110361 -0.002745 0.092080
v -0.118541 0.020774 0.084125
v -0.115908 0.057738 0.045286
v -0.114293 0.043863 0.085482
v -0.070701 0.091061 0.061243
v -0.081103 0.062554 0.093057
v -0.037563 0.083296 0.074809
v -0.061017 0.059047 0.102301
v -0.020447 0.062260 0.094924
v -0.044149 0.044507 0.116182
v -0.013836 0.030636 0.109242
v -0.040632 0.025740 0.127197
v -0.045745 0.009976 0.130606
v -0.019074 0.106949 0.055480
v -0.004779 0.072908 0.072591
v -0.058503 0.119824 0.042467
v -0.097905 0.083862 0.051130
v -0.101835 0.055874 0.087739
v -0.095082 0.108702 0.017296
v -0.081662 0.000996 0.127289
v -0.093254 0.002135 0.119406
v -0.071893 0.006032 0.131254
v -0.101594 0.009159 0.112148
v -0.105913 0.019998 0.107425
v -0.104507 0.033555 0.106848
v -0.085102 0.044906 0.112221
v -0.075141 0.042092 0.118043
v -0.065684 0.035835 0.124329
v -0.063359 0.025537 0.130150
v -0.065394 0.014437 0.132923
v -0.097418 0.041662 0.107477
v -0.057820 0.026120 -0.072202
v -0.067500 0.072154 -0.079150
v -0.112821 0.092097 -0.035935
v -0.072459 0.102213 -0.077137
v -0.050381 0.145899 0.016244
v -0.088632 0.138494 0.009061
v -0.053880 0.171700 -0.009467
v -0.090042 0.167696 -0.009685
v -0.049681 0.184464 -0.042904
v -0.084372 0.173521 -0.043875
v -0.037306 0.160732 -0.078718
v -0.069718 0.133925 -0.075686
v -0.130418 0.109846 0.006088
v -0.132132 0.097360 -0.038896
v -0.105025 0.111433 -0.067947
v -0.130602 0.136662 0.011277
v -0.130611 0.165503 -0.010182
v -0.125300 0.166724 -0.041271
v -0.111337 0.136985 -0.067858
v -0.262552 0.112988 0.001996
v -0.263807 0.103284 -0.034574
v -0.237173 0.113937 -0.054810
v -0.263051 0.136087 0.005730
v -0.263704 0.155307 -0.012918
v -0.259922 0.154940 -0.037565
v -0.243274 0.133093 -0.056056
v -0.322352 0.111330 -0.002258
v -0.324188 0.105401 -0.032993
v -0.313549 0.116360 -0.049581
v -0.323463 0.130912 0.004391
v -0.323839 0.154370 -0.015021
v -0.319080 0.154234 -0.032818
v -0.314068 0.128581 -0.052548
v -0.371133 0.110235 -0.000126
v -0.361839 0.104008 -0.033777
v -0.353925 0.121261 -0.049421
v -0.370353 0.130990 0.004083
v -0.360510 0.154833 -0.012539
v -0.357095 0.152572 -0.033918
v -0.355013 0.131786 -0.052382
v -0.406379 0.112734 0.002802
v -0.406286 0.100372 -0.026862
v -0.390887 0.115610 -0.046195
v -0.406959 0.131971 0.003928
v -0.407269 0.152841 -0.007915
v -0.403923 0.157212 -0.029666
v -0.392934 0.134636 -0.049408
v -0.516582 0.119880 -0.003020
v -0.516101 0.110428 -0.025325
v -0.501788 0.119471 -0.043683
v -0.516923 0.132891 0.000771
v -0.517052 0.147069 -0.009232
v -0.514028 0.147482 -0.028384
v -0.504332 0.132279 -0.045009
v -0.573992 0.119125 -0.005938
v -0.568938 0.114496 -0.026134
v -0.570934 0.119228 -0.039937
v -0.572057 0.131135 0.000783
v -0.572730 0.143987 -0.009836
v -0.571517 0.142763 -0.028248
v -0.569597 0.132609 -0.040726
v -0.029235 0.197808 -0.010538
v -0.033546 0.201950 -0.034052
v -0.031199 0.217381 -0.012455
v -0.033091 0.219671 -0.028481
v -0.019248 0.202789 -0.054828
v -0.022755 0.222199 -0.045447
v -0.590330 0.115702 -0.003337
v -0.586674 0.113693 -0.025769
v -0.588119 0.114869 -0.042907
v -0.586455 0.131615 -0.001054
v -0.587560 0.142062 -0.008610
v -0.586952 0.141939 -0.028539
v -0.586421 0.131976 -0.042072
v -0.620312 0.107798 0.013042
v -0.610930 0.108424 -0.044141
v -0.614863 0.111228 -0.051436
v -0.619824 0.125944 0.014336
v -0.616092 0.136932 -0.003025
v -0.614575 0.141589 -0.038435
v -0.612894 0.125160 -0.054460
v -0.639441 0.106041 0.027044
v -0.638534 0.120166 0.025711
v -0.650152 0.104755 0.034094
v -0.650237 0.117640 0.033487
v -0.662605 0.105541 0.044009
v -0.663494 0.111964 0.044075
v -0.667530 0.105025 0.040794
v -0.667879 0.113347 0.039916
v -0.663317 0.105175 0.028989
v -0.661017 0.117177 0.029374
v -0.653235 0.106362 0.019564
v -0.650731 0.119126 0.022205
v -0.646026 0.107433 0.013345
v -0.643646 0.121211 0.014117
v -0.643426 0.114483 0.004422
v -0.642517 0.131621 0.002695
v -0.655461 0.120492 -0.002872
v -0.655697 0.133356 -0.001375
v -0.679214 0.121910 -0.001898
v -0.679157 0.132264 -0.002454
v -0.709106 0.123467 0.000142
v -0.709153 0.131860 -0.002687
v -0.724931 0.124474 -0.001889
v -0.725515 0.131016 -0.003477
v -0.725750 0.124730 -0.008797
v -0.725497 0.131231 -0.008049
v -0.709890 0.120001 -0.010385
v -0.710431 0.132172 -0.011032
v -0.678788 0.119001 -0.013691
v -0.678869 0.133863 -0.015126
v -0.671932 0.120221 -0.015543
v -0.672454 0.134658 -0.019908
v -0.680481 0.121503 -0.022583
v -0.680727 0.134173 -0.020248
v -0.712380 0.122328 -0.023547
v -0.712454 0.133122 -0.022330
v -0.733187 0.126274 -0.024350
v -0.734540 0.133343 -0.025278
v -0.733474 0.126360 -0.031787
v -0.734820 0.133273 -0.030966
v -0.713939 0.121713 -0.031171
v -0.714152 0.133608 -0.033453
v -0.681209 0.120838 -0.031913
v -0.681634 0.136774 -0.033644
v -0.668375 0.121000 -0.035488
v -0.671065 0.136248 -0.034836
v -0.680966 0.120014 -0.040629
v -0.680907 0.132663 -0.038882
v -0.713834 0.119249 -0.043609
v -0.714317 0.131135 -0.044278
v -0.725874 0.122434 -0.046177
v -0.726300 0.130044 -0.046502
v -0.725267 0.122309 -0.051837
v -0.724710 0.130070 -0.051218
v -0.711626 0.118695 -0.050539
v -0.711919 0.131531 -0.050880
v -0.679195 0.119513 -0.049458
v -0.679268 0.133826 -0.051345
v -0.668086 0.118909 -0.053508
v -0.667439 0.134808 -0.050017
v -0.676996 0.117373 -0.057908
v -0.677543 0.131286 -0.055498
v -0.698438 0.117422 -0.061981
v -0.696287 0.126570 -0.062998
v -0.709253 0.119760 -0.066476
v -0.707743 0.125253 -0.064955
v -0.707166 0.118897 -0.069714
v -0.706728 0.124813 -0.068702
v -0.696769 0.116824 -0.069974
v -0.697493 0.125459 -0.067915
v -0.669134 0.116195 -0.065973
v -0.668807 0.128354 -0.065114
v -0.654073 0.113377 -0.064062
v -0.655132 0.129011 -0.064138
v -0.633075 0.113182 -0.061940
v -0.633441 0.127766 -0.061315
v -0.647092 0.140344 -0.008545
v -0.613433 0.105161 -0.009901
v -0.624068 0.103810 0.002386
v -0.643651 0.116951 -0.016917
v -0.645027 0.115649 -0.032206
v -0.640059 0.111508 -0.047804
v -0.624681 0.109485 -0.046218
v -0.626118 0.111882 -0.028515
v -0.629424 0.110379 -0.014354
v -0.611507 0.107747 -0.024674
v -0.652280 0.140530 -0.021773
v -0.651344 0.141226 -0.033219
v -0.647390 0.139634 -0.044888
v -0.644415 0.134643 -0.053717
v -0.636310 0.139925 -0.005285
v -0.632967 0.135126 -0.052767
v -0.633044 0.141974 -0.036783
v -0.633669 0.142488 -0.020438
v -0.614881 0.143179 -0.020058
v -0.616858 0.131408 0.004900
v -0.054030 -1.156128 -0.018871
v -0.060397 -1.156577 -0.002612
v -0.077577 -1.155716 0.003270
v -0.092298 -1.156138 -0.006643
v -0.098611 -1.156641 -0.018635
v -0.100138 -1.155940 -0.032369
v -0.092644 -1.183606 -0.054851
v -0.075957 -1.182531 -0.067105
v -0.058067 -1.182795 -0.053405
v -0.053578 -1.181733 -0.033707
v -0.053351 -1.181308 -0.007900
v -0.057894 -1.183606 0.014865
v -0.076224 -1.183394 0.020838
v -0.088431 -1.184033 0.013079
v -0.096674 -1.181655 -0.006800
v -0.100081 -1.181357 -0.034767
v -0.056127 -1.201542 0.037613
v -0.076295 -1.201298 0.045343
v -0.055708 -1.212531 0.065548
v -0.077613 -1.211995 0.072506
v -0.058825 -1.226132 0.096871
v -0.077363 -1.225250 0.096323
v -0.089571 -1.202460 0.037454
v -0.092071 -1.210560 0.060280
v -0.095115 -1.226737 0.086313
v -0.107959 -1.212052 0.024987
v -0.112000 -1.220765 0.028496
v -0.101944 -1.202042 0.010499
v -0.096104 -1.196545 -0.059270
v -0.102160 -1.199937 -0.032851
v -0.102692 -1.211239 0.039604
v -0.098641 -1.200538 0.021194
v -0.108853 -1.222376 0.060709
v -0.104576 -1.211158 -0.031549
v -0.103690 -1.220243 -0.031077
v -0.072400 -1.197185 -0.074188
v -0.056161 -1.198262 -0.058674
v -0.052266 -1.197050 -0.037896
v -0.051781 -1.196795 -0.011345
v -0.097252 -1.210668 -0.063669
v -0.072391 -1.209907 -0.077998
v -0.055781 -1.209893 -0.060384
v -0.053802 -1.208663 -0.039265
v -0.055709 -1.209948 -0.014051
v -0.095591 -1.219676 -0.063655
v -0.056328 -1.216826 -0.042188
v -0.051054 -1.199319 0.006290
v -0.049563 -1.206920 0.034037
v -0.050199 -1.208074 0.007462
v -0.046394 -1.217800 0.033178
v -0.049941 -1.220656 0.062201
v -0.049669 -1.227322 0.062481
v -0.055003 -1.228505 0.089118
v -0.055218 -1.232505 0.089449
v -0.058746 -1.232448 0.095122
v -0.077419 -1.233583 0.097240
v -0.094440 -1.233278 0.086502
v -0.108049 -1.233790 0.063432
v -0.109553 -1.231290 0.029279
v -0.100924 -1.227555 -0.029489
v -0.057500 -1.218863 -0.063949
v -0.072368 -1.220049 -0.076770
v -0.071403 -1.223312 -0.075920
v -0.093967 -1.225375 -0.062213
v -0.059549 -1.225229 -0.044311
v -0.059722 -1.223326 -0.064516
v -0.060596 -1.216598 -0.014171
v -0.068504 -1.224265 -0.015689
v -0.055379 -1.218270 0.004561
v -0.048104 -1.226178 0.030580
v -0.065123 -1.225263 0.002357
v -0.057772 -1.233476 0.028508
v -0.053480 -1.233528 0.062641
v -0.059688 -1.237040 0.089059
v -0.067013 -1.236163 0.058578
v -0.067102 -1.238147 0.086818
v -0.084516 -1.235930 0.054083
v -0.094379 -1.237041 0.081636
v -0.087588 -1.234171 0.016659
v -0.087574 -1.231098 -0.002562
v -0.086477 -1.230554 -0.021324
v -0.082764 -1.232919 -0.052145
v -0.002769 0.026889 0.092636
v -0.087114 0.022779 0.126120
v -0.030970 0.337282 0.083640
v -0.084675 0.335761 0.039456
v -0.011516 0.292434 0.067847
v -0.011593 0.300315 0.072618
v -0.018250 0.359486 0.086724
v -0.020069 0.293145 0.058417
v -0.021761 0.298593 0.061200
v -0.018233 0.337282 0.085662
v -0.014854 0.283081 0.067167
v -0.021583 0.288988 0.057903
v -0.023883 0.277453 0.064663
v -0.028971 0.284941 0.061204
v -0.042375 0.273567 0.063596
v -0.041686 0.283270 0.061326
v -0.058414 0.279497 0.054507
v -0.053769 0.286198 0.058166
v -0.066035 0.288404 0.044601
v -0.059564 0.291706 0.053173
v -0.070614 0.298076 0.046270
v -0.061869 0.297933 0.053727
v -0.065462 0.309106 0.057772
v -0.057548 0.302260 0.058272
v -0.048997 0.314338 0.066768
v -0.046485 0.306652 0.062867
v -0.030097 0.311789 0.071655
v -0.031717 0.305348 0.064767
v -0.021493 0.308498 0.071793
v -0.025059 0.302723 0.062913
v -0.007828 0.277163 0.072723
v -0.007835 0.284548 0.070252
v -0.007070 0.266535 0.081497
v -0.008386 0.269784 0.077834
v -0.009580 0.247723 0.077485
v -0.008875 0.251925 0.079025
v -0.015596 0.249065 0.076092
v -0.016059 0.253427 0.077188
v -0.020045 0.247863 0.074304
v -0.025032 0.249887 0.073666
v -0.020390 0.243397 0.071763
v -0.024727 0.242100 0.069776
v -0.016423 0.233425 0.068038
v -0.012565 0.238833 0.071237
v -0.009934 0.243519 0.073619
v -0.009230 0.245550 0.076746
v -0.015390 0.244325 0.072847
v -0.015604 0.246639 0.075010
v -0.016245 0.244201 0.072666
v -0.017554 0.246156 0.074138
v -0.015089 0.243911 0.071872
v -0.017958 0.243626 0.072284
v -0.010028 0.243336 0.072476
v -0.010896 0.241610 0.073013
v -0.007663 0.254492 0.080597
v -0.005608 0.259861 0.084031
v -0.021517 0.274270 0.067930
v -0.019036 0.269564 0.071898
v -0.017621 0.264854 0.075166
v -0.016455 0.258292 0.077762
v -0.016240 0.255617 0.077772
v -0.041319 0.264653 0.067726
v -0.039040 0.259279 0.070067
v -0.041907 0.269149 0.065643
v -0.036902 0.255229 0.070961
v -0.032576 0.251449 0.071961
v -0.019090 0.217896 0.050406
v -0.016561 0.221911 0.059847
v -0.036507 0.231020 0.047878
v -0.032885 0.233919 0.059472
v -0.047538 0.239210 0.045354
v -0.043745 0.243600 0.060511
v -0.055008 0.247762 0.044323
v -0.050096 0.250788 0.060383
v -0.060542 0.256448 0.041595
v -0.055352 0.258664 0.059414
v -0.064700 0.268231 0.040108
v -0.058746 0.267376 0.056708
v -0.019224 0.217676 0.038150
v -0.040563 0.231690 0.031091
v -0.046083 0.239398 0.027405
v -0.054190 0.247698 0.022877
v -0.059001 0.255732 0.019095
v -0.065564 0.267024 0.019860
v -0.018235 0.215482 0.010147
v -0.017176 0.219271 0.020256
v -0.034539 0.231316 0.012564
v -0.039650 0.238361 0.010970
v -0.049183 0.247537 0.006803
v -0.056798 0.255955 0.003224
v -0.065059 0.266857 0.002192
v -0.071532 0.286761 0.025659
v -0.024868 0.133010 0.033474
v -0.027159 0.147354 0.016647
v -0.012434 0.123500 0.036816
v -0.013393 0.194919 -0.000139
v -0.017780 0.210904 0.005616
v -0.024074 0.175280 -0.000462
v -0.077829 0.286530 0.007147
v -0.077805 0.300009 0.032524
v -0.080873 0.299901 0.010156
v -0.007103 0.313446 0.081125
v -0.075494 0.319408 0.054866
v -0.054350 0.331676 0.073851
v -0.027838 0.324857 0.081407
v -0.016580 0.320201 0.082053
v -0.030986 0.359486 0.083617
v -0.009338 0.337282 0.087482
v -0.009355 0.359486 0.087458
v -0.055634 0.337282 0.073917
v -0.055650 0.358167 0.075530
v -0.077106 0.335761 0.058087
v -0.076229 0.357410 0.057278
v -0.083798 0.357410 0.038647
v -0.091520 0.335761 0.013547
v -0.091658 0.357410 0.012738
v -0.095304 0.335761 -0.016729
v -0.095442 0.357410 -0.017538
v -0.088934 0.336379 -0.050623
v -0.089620 0.357410 -0.052181
v -0.075834 0.336379 -0.078279
v -0.076520 0.357410 -0.079837
v -0.055059 0.336849 -0.100004
v -0.056724 0.357410 -0.101088
v -0.030237 0.335761 -0.114253
v -0.029359 0.357410 -0.115062
v -0.083518 0.313235 0.024731
v -0.082986 0.321906 0.039606
v -0.083570 0.308983 0.000411
v -0.087632 0.320511 0.012220
v -0.022755 0.239666 -0.045447
v -0.022755 0.265922 -0.050552
v -0.023556 0.282519 -0.071625
v -0.023556 0.302781 -0.098874
v -0.030481 0.227113 -0.003184
v -0.037619 0.240408 -0.009480
v -0.043906 0.251629 -0.013881
v -0.051948 0.259691 -0.017702
v -0.033764 0.236440 -0.026254
v -0.036762 0.248256 -0.029218
v -0.040809 0.262673 -0.031703
v -0.051803 0.276077 -0.036528
v -0.034257 0.269683 -0.047042
v -0.048487 0.281658 -0.051841
v -0.088792 0.317356 -0.016322
v -0.083551 0.308983 -0.015215
v -0.048492 0.307529 -0.085328
v -0.067850 0.310366 -0.068713
v -0.081364 0.315785 -0.045273
v -0.079954 0.303740 -0.028620
v -0.058242 0.293673 -0.055135
v -0.065475 0.292620 -0.039455
v -0.076084 0.283755 -0.029369
v -0.020801 0.392077 0.077421
v -0.032650 0.392077 0.074531
v -0.012526 0.392077 0.078104
v -0.051090 0.391421 0.065075
v -0.070235 0.390716 0.048094
v -0.081783 0.390145 0.032694
v -0.089095 0.390145 0.008590
v -0.092616 0.390145 -0.019577
v -0.087199 0.390145 -0.051806
v -0.075012 0.390145 -0.077535
v -0.056595 0.390145 -0.097306
v -0.031137 0.390145 -0.110306
v -0.020801 0.420449 0.053878
v -0.012526 0.420449 0.054562
v -0.020801 0.439766 0.014641
v -0.012526 0.439766 0.015324
v -0.020801 0.445199 -0.026408
v -0.012526 0.445199 -0.025725
v -0.031345 0.431446 -0.064747
v -0.015345 0.433608 -0.071286
v -0.040751 0.413629 -0.083683
v -0.023047 0.415124 -0.093663
v -0.068973 0.419909 0.008590
v -0.072494 0.419909 -0.019577
v -0.038371 0.437516 0.008590
v -0.041892 0.437516 -0.019577
v -0.066288 0.418016 -0.038966
v -0.056491 0.415941 -0.065179
v -0.041728 0.432997 -0.041511
v -0.064127 0.419423 0.026569
v -0.036888 0.435601 0.020165
v -0.054606 0.418836 0.039868
v -0.031919 0.433158 0.027007
v -0.031810 0.420306 0.049783
v -0.047470 0.419424 0.043779
v -0.012397 0.432219 0.035775
v -0.020672 0.432219 0.035092
v -0.032829 0.428206 0.037370
v -0.065485 0.260870 -0.004813
v -0.073321 0.269362 -0.004562
v -0.075951 0.260706 -0.007456
v -0.083446 0.277737 -0.015847
v -0.090015 0.271283 -0.021906
v -0.089181 0.286970 -0.019252
v -0.098752 0.285356 -0.026405
v -0.091145 0.291403 -0.016756
v -0.102356 0.296333 -0.023312
v -0.087853 0.293237 -0.011028
v -0.098646 0.301762 -0.011721
v -0.078781 0.288538 0.001251
v -0.089574 0.297063 0.000558
v -0.068925 0.260854 -0.012474
v -0.085744 0.273665 -0.027027
v -0.094481 0.287738 -0.031526
v -0.098085 0.298716 -0.028433
v -0.093842 0.304726 -0.013201
v -0.061853 0.269566 -0.022489
v -0.051593 -0.725851 0.011159
v -0.077003 -0.722164 0.020331
v -0.113191 -0.731912 -0.013537
v -0.098992 -0.723463 0.009079
v -0.081557 -0.785346 0.012496
v -0.112599 -0.780469 -0.013920
v -0.059144 -0.778291 0.007010
v -0.100065 -0.782838 0.003446
v -0.346150 0.110644 -0.000922
v -0.345534 0.130960 0.004203
v -0.020069 0.293145 0.055130
v -0.021761 0.298593 0.057912
v -0.021538 0.288587 0.054381
v -0.028971 0.284941 0.057350
v -0.041686 0.283270 0.056766
v -0.053058 0.286754 0.053798
v -0.057403 0.292261 0.051435
v -0.060419 0.297933 0.051109
v -0.056336 0.302422 0.055971
v -0.045691 0.306553 0.059991
v -0.031717 0.305348 0.060266
v -0.024882 0.302587 0.057916
v -0.024114 0.293954 0.051759
v -0.024587 0.299140 0.053239
v -0.025322 0.289977 0.051616
v -0.030094 0.286149 0.051765
v -0.038248 0.284380 0.051033
v -0.045670 0.287173 0.048698
v -0.049526 0.291895 0.046346
v -0.050908 0.297409 0.047022
v -0.047265 0.302135 0.049960
v -0.039658 0.306755 0.052011
v -0.030521 0.305604 0.052252
v -0.026675 0.303004 0.052079
v -0.009934 0.245153 0.062775
v -0.014179 0.246591 0.062680
v -0.017963 0.244249 0.062605
v -0.015789 0.241428 0.062276
v -0.010028 0.240660 0.062523
v -0.009934 0.245153 0.054691
v -0.014179 0.246591 0.054614
v -0.017963 0.244249 0.054554
v -0.015789 0.241428 0.054289
v -0.010028 0.240660 0.054488
vn -0.0000 0.0438 -0.9990
vn -0.0000 -0.1179 -0.9930
vn 0.3444 0.1334 -0.9293
vn 0.3628 -0.1271 -0.9232
vn 0.7713 0.2051 -0.6025
vn 0.8070 -0.1262 -0.5770
vn 0.9924 0.1231 0.0081
vn 0.9873 -0.1586 -0.0008
vn 0.7611 -0.0113 0.6485
vn 0.7759 -0.2250 0.5894
vn 0.3678 -0.0873 0.9258
vn 0.3043 -0.2649 0.9150
vn -0.1487 -0.9884 0.0300
vn -0.0000 -0.2563 0.9666
vn 0.7118 0.0736 -0.6985
vn -0.0136 0.2234 -0.9746
vn -0.7757 0.1245 -0.6188
vn -0.9750 0.0650 -0.2123
vn 0.0422 -0.9953 -0.0873
vn -0.0000 -0.1673 0.9859
vn -0.0000 0.3880 -0.9217
vn 0.3338 0.4017 -0.8528
vn 0.7303 0.4624 -0.5028
vn 0.9146 0.4023 0.0401
vn 0.7244 0.2374 0.6472
vn 0.3809 0.0935 0.9199
vn -0.0000 0.0273 0.9996
vn -0.0000 0.5034 -0.8640
vn 0.3199 0.5468 -0.7738
vn 0.7342 0.5480 -0.4009
vn 0.9010 0.4226 0.0977
vn 0.7344 0.2732 0.6213
vn 0.3904 0.1335 0.9109
vn -0.0252 0.4635 -0.8857
vn 0.2868 0.5518 -0.7831
vn 0.7547 0.5407 -0.3715
vn 0.9074 0.4023 0.1218
vn 0.7590 0.2705 0.5923
vn 0.3914 0.1035 0.9144
vn 0.1163 -0.1026 0.9879
vn -0.0000 -0.1482 -0.9890
vn 0.3828 -0.1816 -0.9058
vn 0.8321 -0.2485 -0.4958
vn 0.8456 -0.5243 -0.1002
vn 0.3391 -0.9402 0.0313
vn -0.3421 -0.9086 0.2397
vn -0.0000 -0.2557 0.9668
vn 0.9890 0.1329 0.0655
vn 0.8645 0.1083 0.4908
vn 0.9110 -0.0554 0.4087
vn 0.9904 -0.1021 -0.0929
vn 0.9777 -0.1456 -0.1512
vn 0.9165 -0.1084 0.3850
vn 0.9669 -0.1759 -0.1846
vn 0.9157 -0.1695 0.3644
vn 0.7271 0.0819 -0.6817
vn -0.0573 0.0661 -0.9962
vn -0.7479 -0.0072 -0.6638
vn -0.9905 -0.0803 -0.1118
vn -0.9177 -0.1319 0.3747
vn 0.6277 -0.1485 0.7642
vn 0.0388 -0.1428 0.9890
vn -0.6221 -0.1220 0.7734
vn -0.9424 -0.1018 0.3186
vn -0.9754 -0.0893 -0.2015
vn -0.6747 -0.0766 -0.7341
vn -0.0405 -0.0744 -0.9964
vn 0.6714 -0.0840 -0.7363
vn 0.9202 -0.1287 0.3698
vn 0.9827 -0.1134 -0.1467
vn 0.6495 -0.1468 -0.7461
vn 0.6307 -0.1560 -0.7602
vn -0.0399 -0.1094 -0.9932
vn -0.0525 -0.1287 -0.9903
vn -0.6800 -0.0887 -0.7279
vn -0.6692 -0.1059 -0.7355
vn -0.9759 -0.0714 -0.2062
vn -0.9735 -0.0874 -0.2112
vn -0.9581 -0.0786 0.2755
vn -0.9503 -0.0914 0.2977
vn -0.6394 -0.0697 0.7657
vn -0.6453 -0.1152 0.7552
vn 0.0408 -0.0541 0.9977
vn 0.0121 -0.1289 0.9916
vn 0.6137 -0.0702 0.7864
vn 0.6136 -0.1428 0.7766
vn 0.9987 0.0094 -0.0496
vn 0.7589 0.1331 -0.6374
vn -0.0643 0.0999 -0.9929
vn -0.8027 0.0403 -0.5950
vn -0.9999 -0.0128 0.0082
vn -0.8787 -0.0584 0.4737
vn -0.5261 -0.0684 0.8477
vn 0.1094 -0.0498 0.9927
vn 0.6265 0.0227 0.7791
vn 0.8562 0.0709 0.5118
vn 0.9913 0.1207 0.0533
vn 0.7722 -0.0218 -0.6350
vn -0.0548 -0.0564 -0.9969
vn -0.8196 -0.0586 -0.5700
vn -0.9971 -0.0467 0.0594
vn -0.8583 -0.0355 0.5119
vn -0.5158 -0.0282 0.8562
vn 0.1139 -0.0026 0.9935
vn 0.6116 0.0176 0.7910
vn 0.8468 0.0271 0.5312
vn 0.9974 0.0224 0.0685
vn 0.7523 -0.1970 -0.6286
vn -0.0496 -0.2095 -0.9765
vn -0.8201 -0.1727 -0.5455
vn -0.9894 -0.1307 0.0627
vn -0.8744 -0.0982 0.4751
vn -0.5659 -0.0692 0.8216
vn 0.0793 -0.0609 0.9950
vn 0.6179 -0.0687 0.7833
vn 0.8644 -0.0932 0.4940
vn 0.9896 -0.1406 0.0304
vn 0.7139 -0.2099 -0.6681
vn -0.0348 -0.1912 -0.9809
vn -0.7974 -0.1317 -0.5890
vn -0.9968 -0.0794 -0.0094
vn -0.9297 -0.0427 0.3659
vn -0.6482 -0.0155 0.7613
vn 0.0540 -0.0559 0.9970
vn 0.6524 -0.0958 0.7518
vn 0.9039 -0.1318 0.4069
vn 0.9814 -0.1825 -0.0590
vn 0.6759 -0.1255 -0.7262
vn -0.0094 -0.0721 -0.9974
vn -0.7588 -0.0062 -0.6512
vn -0.9877 0.0250 -0.1543
vn -0.9712 0.0650 0.2294
vn -0.6963 0.0572 0.7154
vn 0.0592 0.0020 0.9982
vn 0.7053 -0.0441 0.7075
vn 0.9430 -0.0593 0.3275
vn 0.9771 -0.0985 -0.1887
vn 0.6973 -0.1964 -0.6894
vn 0.0265 -0.2568 -0.9661
vn -0.6597 -0.1681 -0.7325
vn -0.9775 -0.0269 -0.2093
vn -0.9592 0.0250 0.2816
vn -0.5784 0.0208 0.8155
vn 0.1188 -0.0031 0.9929
vn 0.6284 -0.0199 0.7776
vn 0.9009 0.0296 0.4330
vn 0.9999 -0.0072 -0.0140
vn 0.7645 -0.1740 -0.6206
vn 0.1248 -0.3520 -0.9276
vn -0.5701 -0.4078 -0.7132
vn -0.9615 -0.1853 -0.2027
vn -0.9410 -0.1409 0.3077
vn -0.5208 -0.0577 0.8517
vn 0.1397 -0.0073 0.9902
vn 0.6183 0.0151 0.7858
vn 0.9501 0.2879 0.1198
vn 0.7969 0.2394 0.5546
vn 0.5578 0.0300 0.8294
vn 0.4651 0.1072 0.8787
vn 0.1197 -0.0713 0.9902
vn 0.1340 -0.0654 0.9888
vn -0.1709 -0.4835 0.8585
vn -0.0318 -0.2206 0.9748
vn -0.0000 -0.6990 0.7151
vn -0.0000 -0.2946 0.9556
vn -0.6735 -0.7143 -0.1900
vn -0.5946 -0.7291 0.3388
vn -0.0000 -0.9810 -0.1939
vn -0.0000 -0.9563 0.2924
vn 0.8443 0.0790 -0.5300
vn 0.8116 0.3959 -0.4296
vn 0.2336 -0.0837 -0.9687
vn 0.2828 0.3561 -0.8906
vn -0.3258 -0.5175 -0.7912
vn -0.1571 0.1383 -0.9778
vn -0.0000 -0.8775 -0.4796
vn -0.0000 -0.1484 -0.9889
vn 0.1556 -0.0231 0.9875
vn 0.0438 -0.1656 0.9852
vn -0.0000 -0.2019 0.9794
vn -0.0000 -0.1097 0.9940
vn 0.1914 0.0920 0.9772
vn 0.1577 -0.0037 0.9875
vn -0.0000 0.1001 0.9950
vn 0.0963 -0.2535 0.9625
vn 0.0660 -0.1581 0.9852
vn 0.0171 0.0337 0.9993
vn 0.0975 0.1242 0.9875
vn -0.5138 -0.6227 0.5901
vn -0.0000 0.1353 0.9908
vn -0.0000 0.0096 1.0000
vn 0.8695 -0.2372 -0.4333
vn 0.9598 -0.2125 -0.1835
vn 0.9191 -0.0807 -0.3858
vn 0.9785 0.2039 0.0319
vn 0.1404 -0.7613 0.6331
vn 0.4431 -0.8472 0.2931
vn -0.4628 -0.8569 0.2270
vn -0.1596 -0.4335 0.8869
vn -0.0000 -0.2108 0.9775
vn -0.8561 -0.2502 0.4522
vn -0.7233 -0.4779 0.4985
vn 0.6500 -0.7549 -0.0868
vn 0.9834 -0.1355 -0.1210
vn 0.8629 -0.4474 0.2350
vn 0.9701 -0.0748 0.2309
vn 0.9467 0.3142 0.0709
vn 0.8534 0.3863 0.3500
vn 0.2959 0.7030 0.6468
vn 0.2573 0.7594 0.5977
vn -0.0504 0.7041 0.7083
vn 0.0475 0.7414 0.6694
vn -0.3512 0.6126 0.7081
vn -0.1692 0.6106 0.7737
vn -0.6428 0.2763 0.7144
vn -0.3201 0.2963 0.8999
vn -0.3206 -0.1101 0.9408
vn -0.1372 0.6215 0.7713
vn -0.6044 0.4730 0.6411
vn -0.0000 0.6250 0.7806
vn -0.0000 0.5139 0.8578
vn 0.2249 0.6416 0.7333
vn -0.0000 0.6285 0.7778
vn 0.6359 0.6547 0.4086
vn 0.5736 0.6668 0.4757
vn 0.5755 0.1431 0.8052
vn 0.3674 -0.3086 0.8774
vn 0.6617 -0.3068 0.6841
vn 0.1570 -0.1409 0.9775
vn 0.7847 -0.1192 0.6083
vn 0.8068 0.0319 0.5899
vn 0.7188 0.3071 0.6238
vn 0.2994 0.6908 0.6582
vn 0.1495 0.6454 0.7490
vn 0.0561 0.5432 0.8378
vn 0.0325 0.3892 0.9206
vn 0.0677 0.0858 0.9940
vn 0.5210 0.5614 0.6430
vn 0.4043 -0.1766 -0.8974
vn 0.4106 -0.1101 -0.9052
vn -0.0000 -0.1256 -0.9921
vn -0.0000 -0.0289 -0.9996
vn 0.7437 -0.5978 -0.2992
vn 0.2838 -0.2917 -0.9134
vn 0.1795 0.6512 0.7373
vn 0.2277 0.5014 0.8347
vn 0.2721 0.8210 0.5019
vn 0.1433 0.9227 0.3580
vn 0.5643 0.8161 -0.1249
vn 0.2167 0.9720 -0.0913
vn 0.1993 0.4454 -0.8729
vn 0.1242 0.1631 -0.9788
vn -0.0000 0.0833 -0.9965
vn -0.0000 0.0052 -1.0000
vn 0.1182 -0.7978 0.5912
vn -0.0000 0.0634 -0.9980
vn 0.1561 -0.9776 -0.1414
vn 0.1950 -0.5347 -0.8222
vn 0.0566 0.3430 0.9376
vn 0.0828 0.9596 0.2690
vn 0.1073 0.9783 -0.1772
vn 0.1306 0.3845 -0.9139
vn 0.0296 -0.8214 0.5696
vn 0.0424 -0.9885 -0.1453
vn 0.0711 -0.6819 -0.7280
vn 0.0512 0.3840 0.9219
vn 0.0534 0.9692 0.2405
vn 0.0625 0.9686 -0.2405
vn 0.0832 0.3202 -0.9437
vn -0.0099 -0.8812 0.4726
vn 0.0106 -0.9866 -0.1630
vn 0.0465 -0.6425 -0.7649
vn 0.0057 0.2462 0.9692
vn 0.0156 0.9759 0.2175
vn 0.0195 0.9757 -0.2185
vn 0.0404 0.1669 -0.9851
vn -0.0377 -0.8699 0.4917
vn -0.0194 -0.9833 -0.1811
vn 0.0373 -0.4800 -0.8765
vn -0.0222 0.2418 0.9701
vn -0.0205 0.9703 0.2410
vn -0.0072 0.9618 -0.2737
vn 0.0238 0.2504 -0.9678
vn 0.0160 -0.7490 0.6623
vn 0.0249 -0.9903 -0.1365
vn 0.0349 -0.6384 -0.7689
vn -0.0000 0.2609 0.9654
vn 0.0196 0.9568 0.2900
vn 0.0181 0.9966 -0.0806
vn 0.0405 0.3622 -0.9312
vn 0.0525 -0.7547 0.6539
vn 0.0592 -0.9909 -0.1208
vn 0.0540 -0.6836 -0.7279
vn 0.0334 0.2533 0.9668
vn 0.0643 0.9607 0.2701
vn 0.0699 0.9859 -0.1518
vn 0.0553 0.3518 -0.9345
vn -0.0438 -0.8173 0.5746
vn -0.0587 -0.9953 -0.0775
vn -0.0697 -0.7747 -0.6284
vn 0.0151 0.1955 0.9806
vn 0.0734 0.9728 0.2199
vn 0.0694 0.9726 -0.2220
vn 0.0060 0.4976 -0.8674
vn 0.8089 0.2399 0.5368
vn 0.9001 0.3929 -0.1883
vn -0.0000 0.5480 0.8365
vn -0.0000 0.2127 0.9771
vn 0.9269 -0.1973 0.3194
vn 0.9792 0.0146 -0.2026
vn -0.0000 -0.1082 0.9941
vn -0.0000 -0.5779 0.8161
vn 0.4259 0.4529 -0.7832
vn 0.6487 0.1080 -0.7533
vn -0.0000 0.3313 -0.9435
vn -0.0000 0.1485 -0.9889
vn -0.2996 -0.8588 0.4156
vn -0.2197 -0.9743 -0.0501
vn -0.2842 -0.8563 -0.4313
vn -0.1072 0.4512 0.8860
vn 0.0461 0.9608 0.2733
vn 0.0170 0.9899 -0.1404
vn -0.1495 0.5480 -0.8230
vn -0.1621 -0.9688 0.1874
vn -0.0581 -0.9893 -0.1340
vn -0.1337 -0.9067 -0.3999
vn -0.0995 0.7043 0.7029
vn -0.0186 0.8979 0.4399
vn -0.0431 0.9631 -0.2655
vn -0.3734 0.1985 -0.9062
vn -0.1617 -0.9821 0.0972
vn -0.0094 0.9239 0.3825
vn -0.1260 -0.9886 0.0823
vn -0.0199 0.9352 0.3536
vn 0.0083 -0.8282 0.5604
vn 0.0510 0.6386 0.7679
vn 0.3343 -0.9424 0.0109
vn 0.4595 0.8509 0.2547
vn 0.1901 -0.9597 -0.2071
vn 0.2984 0.9523 0.0639
vn 0.1323 -0.9513 -0.2786
vn 0.2780 0.9601 -0.0304
vn 0.1609 -0.9666 -0.1995
vn 0.4687 0.8761 0.1127
vn 0.5906 -0.8066 -0.0237
vn 0.1846 0.6667 0.7221
vn 0.2439 -0.8395 0.4855
vn 0.2151 0.8260 0.5210
vn 0.0005 -0.8389 0.5442
vn 0.0323 0.9426 0.3325
vn 0.1039 -0.7584 0.6434
vn 0.0396 0.9555 0.2923
vn 0.5396 -0.6460 0.5399
vn 0.2305 0.9276 0.2941
vn 0.4521 -0.8359 -0.3112
vn 0.3571 0.9171 -0.1775
vn 0.1205 -0.9753 -0.1851
vn 0.0736 0.9801 -0.1842
vn 0.0947 -0.9819 -0.1637
vn 0.1010 0.9909 -0.0890
vn 0.1657 -0.9860 0.0165
vn 0.1660 0.9779 0.1273
vn 0.0968 -0.9616 0.2568
vn 0.0848 0.9307 0.3558
vn 0.1233 -0.9474 0.2954
vn 0.0583 0.9394 0.3379
vn 0.5318 -0.7102 0.4613
vn 0.1748 0.9497 0.2597
vn 0.3638 -0.8681 -0.3376
vn 0.3577 0.9108 -0.2059
vn 0.1024 -0.9680 -0.2290
vn 0.0435 0.9696 -0.2408
vn 0.0679 -0.9697 -0.2349
vn 0.0515 0.9972 -0.0543
vn 0.1781 -0.9816 0.0687
vn 0.1838 0.9806 -0.0684
vn 0.0360 -0.9504 0.3091
vn 0.2135 0.9197 0.3294
vn 0.1573 -0.9600 0.2315
vn 0.1163 0.9520 0.2831
vn 0.6825 -0.6270 0.3755
vn 0.3172 0.9073 0.2761
vn 0.3492 -0.8393 -0.4166
vn 0.3758 0.8452 -0.3801
vn 0.0591 -0.9724 -0.2259
vn 0.0707 0.9765 -0.2037
vn 0.0029 -0.9748 -0.2232
vn 0.1337 0.9486 -0.2869
vn 0.2234 -0.9551 0.1947
vn 0.1753 0.9431 -0.2826
vn 0.1308 -0.9282 0.3483
vn 0.3027 0.9431 0.1378
vn 0.1805 -0.9367 0.3001
vn 0.2098 0.9607 0.1819
vn 0.8322 -0.4942 0.2513
vn 0.2966 0.9381 0.1788
vn 0.2824 -0.9048 -0.3188
vn 0.3658 0.7364 -0.5691
vn 0.0677 -0.9681 -0.2413
vn 0.0290 0.8479 -0.5293
vn 0.0354 -0.9680 -0.2484
vn 0.0174 0.7686 -0.6395
vn 0.1083 -0.9580 -0.2654
vn -0.0326 0.6784 -0.7340
vn -0.0015 -0.9161 -0.4010
vn -0.2339 0.4656 -0.8535
vn 0.1372 0.9569 0.2558
vn -0.0369 -0.9967 -0.0726
vn 0.0715 -0.9940 -0.0822
vn 0.2630 -0.9646 -0.0187
vn 0.2374 -0.9695 0.0604
vn 0.1464 -0.9892 0.0072
vn 0.0994 -0.9887 -0.1125
vn 0.2301 -0.9731 -0.0077
vn 0.3227 -0.9362 -0.1391
vn -0.0190 -0.9990 -0.0403
vn 0.1795 0.9780 0.1062
vn 0.1488 0.9882 -0.0369
vn 0.0883 0.9558 -0.2804
vn -0.0080 0.8685 -0.4956
vn 0.0322 0.9448 0.3261
vn -0.1418 0.8216 -0.5522
vn 0.0348 0.9905 -0.1329
vn 0.0240 0.9955 0.0919
vn -0.0017 0.9953 0.0968
vn -0.0202 0.7899 0.6129
vn -0.9835 0.1205 0.1352
vn -0.6839 0.2957 0.6670
vn 0.1045 0.2658 0.9583
vn 0.7383 0.1854 0.6485
vn 0.9598 0.0494 0.2763
vn 0.9742 0.0058 -0.2254
vn 0.7694 0.2726 -0.5776
vn -0.0244 0.4087 -0.9124
vn -0.8192 0.2455 -0.5184
vn -0.9814 0.1122 -0.1558
vn -0.9860 0.1408 0.0896
vn -0.6100 0.5810 0.5389
vn 0.0900 0.6866 0.7214
vn 0.6370 0.5630 0.5265
vn 0.9442 0.2261 0.2394
vn 0.9709 0.1545 -0.1828
vn -0.4607 0.7982 0.3881
vn 0.0537 0.8886 0.4556
vn -0.3529 0.8537 0.3829
vn 0.0600 0.9102 0.4098
vn -0.4131 0.6415 0.6464
vn 0.1279 0.7515 0.6472
vn 0.4109 0.8304 0.3762
vn 0.3608 0.8616 0.3570
vn 0.6100 0.4911 0.6219
vn 0.8670 0.4918 0.0804
vn 0.9943 0.1071 0.0010
vn 0.8702 0.4750 0.1306
vn 0.7909 0.2569 -0.5554
vn 0.9636 0.2418 -0.1141
vn 0.6308 0.7315 0.2589
vn 0.6789 0.6617 0.3184
vn 0.8093 0.4975 0.3124
vn 0.9791 0.1439 -0.1439
vn 0.9653 -0.1866 -0.1826
vn -0.1055 0.3461 -0.9323
vn -0.8708 0.1742 -0.4597
vn -0.9958 -0.0052 -0.0915
vn -0.9997 0.0214 -0.0128
vn 0.8045 0.0394 -0.5926
vn -0.1201 0.0891 -0.9888
vn -0.9114 -0.0331 -0.4103
vn -0.9705 -0.2404 -0.0196
vn -0.9282 -0.3627 -0.0828
vn 0.7647 -0.2622 -0.5886
vn -0.9042 -0.4221 0.0654
vn -0.9752 0.2167 0.0462
vn -0.8972 0.4168 0.1461
vn -0.9875 -0.0690 -0.1420
vn -0.9961 -0.0654 -0.0589
vn -0.9247 0.3127 0.2173
vn -0.9608 -0.2562 0.1059
vn -0.9310 0.1016 0.3505
vn -0.8405 -0.4556 0.2931
vn -0.4742 -0.4765 0.7403
vn 0.1774 -0.6234 0.7615
vn 0.5797 -0.5487 0.6024
vn 0.4119 -0.9107 0.0292
vn 0.3777 -0.9229 -0.0741
vn 0.4745 -0.8736 -0.1086
vn -0.8902 -0.2056 -0.4066
vn -0.0919 -0.2134 -0.9726
vn -0.0961 -0.8336 -0.5439
vn 0.4359 -0.8193 -0.3725
vn -0.4996 -0.8652 0.0425
vn -0.5339 -0.7892 -0.3036
vn -0.8022 -0.5941 -0.0593
vn -0.4675 -0.8840 0.0085
vn -0.7952 -0.5378 -0.2801
vn -0.7083 -0.6804 -0.1880
vn -0.4329 -0.8682 -0.2426
vn -0.2140 -0.9652 -0.1501
vn -0.4571 -0.8887 -0.0356
vn -0.3014 -0.9371 0.1763
vn -0.1096 -0.9920 -0.0625
vn -0.0601 -0.9963 0.0613
vn 0.0478 -0.9970 -0.0617
vn 0.1743 -0.9805 0.0906
vn 0.0089 -0.9913 -0.1310
vn -0.0361 -0.9918 -0.1229
vn 0.0018 -1.0000 -0.0004
vn 0.0080 -0.9907 -0.1359
vn -0.8921 -0.0391 0.4501
vn -0.0000 0.0361 0.9993
vn 0.4552 0.2362 0.8585
vn -0.0000 -0.9250 0.3800
vn -0.0000 -0.9978 -0.0667
vn -0.0000 -0.9962 -0.0874
vn -0.0000 -0.9940 0.1096
vn -0.0000 -0.7733 0.6340
vn -0.0000 -0.4505 0.8928
vn -0.0000 -0.4511 0.8925
vn -0.0000 -0.2445 0.9696
vn -0.0000 -1.0000 0.0008
vn -0.0000 -0.7974 0.6035
vn -0.0000 -0.3968 0.9179
vn -0.0000 -0.2313 0.9729
vn -0.0000 -0.5051 0.8631
vn -0.0000 -0.3334 0.9428
vn -0.0000 0.5860 0.8103
vn -0.0000 0.7234 0.6905
vn -0.0000 0.5133 0.8582
vn -0.0000 0.2284 0.9736
vn -0.0000 -0.2700 0.9629
vn -0.0000 -0.4886 0.8725
vn 0.2582 -0.1160 0.9591
vn -0.0000 -0.1177 0.9930
vn -0.0000 0.1480 0.9890
vn 0.9448 -0.0612 0.3220
vn 0.5397 -0.1639 0.8257
vn 0.4225 -0.5313 0.7343
vn 0.1641 0.1284 0.9781
vn 0.9299 -0.0950 0.3554
vn 0.7775 -0.5457 0.3126
vn 0.1580 -0.1290 0.9790
vn 0.3956 0.3549 0.8471
vn 0.7890 0.5096 0.3432
vn 0.2529 0.3981 0.8818
vn 0.2981 0.8889 0.3479
vn 0.2992 0.3379 0.8924
vn 0.0486 0.9269 0.3723
vn 0.6902 0.0189 0.7234
vn -0.0056 0.8490 0.5284
vn 0.8354 -0.2680 0.4800
vn -0.0461 0.3625 0.9309
vn 0.7161 -0.4269 0.5523
vn -0.0726 -0.6590 0.7487
vn 0.5535 -0.4091 0.7254
vn -0.0689 -0.8730 0.4829
vn 0.3476 -0.4575 0.8185
vn 0.0965 -0.8980 0.4293
vn 0.2552 -0.5810 0.7729
vn 0.2002 -0.9375 0.2846
vn 0.3060 -0.6137 0.7278
vn 0.4862 -0.8352 0.2571
vn 0.3679 0.4464 0.8157
vn 0.3696 0.2063 0.9060
vn 0.5259 0.4315 0.7330
vn 0.4104 0.5957 0.6905
vn 0.3140 -0.3221 0.8931
vn 0.2770 -0.2784 0.9197
vn 0.2743 -0.3098 0.9104
vn 0.2855 -0.2918 0.9129
vn 0.2618 -0.4111 0.8732
vn 0.3095 -0.3782 0.8725
vn 0.2343 -0.4434 0.8652
vn 0.3155 -0.4703 0.8242
vn 0.3031 -0.4775 0.8247
vn 0.2209 -0.4523 0.8641
vn 0.2099 -0.9765 0.0499
vn 0.2862 -0.6686 0.6863
vn 0.0492 -0.9836 0.1735
vn 0.2564 -0.5056 0.8238
vn -0.4121 -0.8307 0.3743
vn 0.1783 -0.5670 0.8042
vn -0.4127 0.8407 0.3506
vn 0.1188 -0.3570 0.9265
vn -0.1034 0.9752 0.1955
vn 0.1845 -0.0774 0.9798
vn -0.0000 0.9625 0.2714
vn 0.3049 -0.4079 0.8606
vn 0.4986 -0.1367 0.8560
vn 0.3071 0.4893 0.8162
vn 0.3504 0.4768 0.8062
vn 0.4008 0.3313 0.8542
vn 0.3855 0.0007 0.9227
vn 0.3377 -0.2094 0.9177
vn 0.3960 0.2709 0.8774
vn 0.4275 0.0728 0.9011
vn 0.3452 0.3591 0.8671
vn 0.4278 -0.1731 0.8872
vn 0.3736 -0.3843 0.8442
vn 0.5230 -0.8243 0.2166
vn 0.4691 -0.6286 0.6203
vn 0.6244 -0.7503 0.2173
vn 0.5248 -0.6454 0.5550
vn 0.6874 -0.7075 0.1642
vn 0.5976 -0.5737 0.5601
vn 0.7890 -0.5959 0.1494
vn 0.7019 -0.4200 0.5752
vn 0.8818 -0.4473 0.1494
vn 0.7663 -0.2043 0.6091
vn 0.9408 -0.2407 0.2385
vn 0.7507 0.0115 0.6606
vn 0.4014 -0.9113 -0.0913
vn 0.6509 -0.7557 -0.0729
vn 0.6938 -0.7124 -0.1055
vn 0.7398 -0.6631 -0.1144
vn 0.8316 -0.5511 -0.0691
vn 0.8976 -0.4365 0.0620
vn 0.5349 -0.7546 0.3801
vn 0.4328 -0.9014 -0.0161
vn 0.6891 -0.7151 -0.1174
vn 0.7426 -0.6384 -0.2023
vn 0.6786 -0.7004 -0.2214
vn 0.5785 -0.8015 -0.1514
vn 0.7747 -0.5344 0.3380
vn 0.9127 -0.3567 0.1995
vn -0.0171 0.6835 0.7298
vn 0.0867 0.6327 0.7696
vn -0.1304 0.6397 0.7575
vn -0.0000 0.6483 0.7614
vn 0.4959 -0.0314 0.8678
vn 0.5976 -0.3933 0.6987
vn 0.2774 0.3872 0.8793
vn 0.8328 -0.4666 0.2978
vn 0.8788 -0.3891 0.2764
vn 0.9203 -0.1131 0.3744
vn 0.2398 -0.3745 0.8957
vn 0.7292 -0.3079 0.6111
vn 0.4525 -0.2515 0.8556
vn 0.2504 -0.3518 0.9020
vn 0.2069 -0.3992 0.8932
vn -0.0000 -0.4161 0.9093
vn 0.2906 0.1381 0.9468
vn 0.0969 -0.1230 0.9877
vn 0.0576 0.1404 0.9884
vn 0.4863 -0.0984 0.8682
vn 0.5086 0.1520 0.8475
vn 0.7893 -0.0753 0.6094
vn 0.7756 0.1394 0.6157
vn 0.9317 0.0964 0.3502
vn 0.9782 -0.1114 0.1752
vn 0.9776 0.0587 0.2023
vn 0.9830 -0.1790 -0.0396
vn 0.9991 0.0354 -0.0223
vn 0.9255 -0.2212 -0.3076
vn 0.9528 0.0157 -0.3033
vn 0.7906 -0.2711 -0.5490
vn 0.8262 0.0019 -0.5633
vn 0.5873 -0.2728 -0.7620
vn 0.6045 0.0083 -0.7965
vn 0.3583 -0.2873 -0.8883
vn 0.3382 0.0385 -0.9403
vn -0.0000 -0.2696 -0.9630
vn -0.0000 0.0484 -0.9988
vn 0.9288 -0.3153 0.1949
vn 0.9332 -0.2264 0.2791
vn 0.9903 -0.0516 0.1289
vn 0.9442 -0.3075 0.1179
vn 0.6411 -0.0986 -0.7611
vn -0.0000 -0.0966 -0.9953
vn 0.4496 -0.5737 -0.6847
vn -0.0000 -0.4143 -0.9101
vn 0.3177 -0.7414 -0.5911
vn -0.0000 -0.7705 -0.6374
vn 0.3097 -0.6721 -0.6726
vn -0.0000 -0.6840 -0.7295
vn 0.8725 -0.4743 0.1177
vn 0.8408 -0.5164 -0.1624
vn 0.7346 -0.6047 -0.3078
vn 0.4206 -0.8067 -0.4150
vn 0.9259 -0.2218 -0.3059
vn 0.8358 -0.3346 -0.4354
vn 0.5688 -0.5975 -0.5652
vn 0.4976 -0.6646 -0.5573
vn 0.4906 -0.6852 -0.5384
vn 0.5359 -0.6953 -0.4789
vn 0.9148 -0.3990 -0.0620
vn 0.8880 0.4095 -0.2090
vn 0.5233 -0.5890 -0.6158
vn 0.6879 -0.5546 -0.4682
vn 0.8504 -0.4330 -0.2988
vn 0.6310 0.0733 -0.7723
vn 0.6345 -0.6503 -0.4177
vn 0.6951 -0.5486 -0.4647
vn 0.2082 -0.4252 -0.8809
vn -0.0000 0.4976 0.8674
vn 0.1538 0.4903 0.8579
vn 0.3001 0.4873 0.8201
vn 0.0342 0.4924 0.8697
vn 0.4758 0.4501 0.7556
vn 0.6827 0.4190 0.5986
vn 0.8458 0.3778 0.3768
vn 0.9134 0.3588 0.1922
vn 0.9269 0.3728 -0.0421
vn 0.8726 0.3981 -0.2830
vn 0.7557 0.4074 -0.5128
vn 0.5644 0.3894 -0.7279
vn 0.3107 0.3790 -0.8717
vn -0.0000 0.3757 -0.9268
vn -0.0000 0.7748 0.6321
vn 0.1275 0.7699 0.6253
vn 0.0258 0.7728 0.6341
vn -0.0000 0.9752 0.2215
vn 0.0923 0.9722 0.2152
vn 0.0147 0.9739 0.2265
vn -0.0000 1.0000 0.0018
vn 0.1428 0.9897 -0.0054
vn 0.0325 0.9995 0.0061
vn -0.0000 0.9228 -0.3854
vn 0.3450 0.8617 -0.3720
vn 0.1297 0.9173 -0.3765
vn -0.0000 0.7118 -0.7023
vn 0.4483 0.7042 -0.5506
vn 0.2439 0.7102 -0.6604
vn 0.6318 0.7624 0.1398
vn 0.6460 0.7608 -0.0623
vn 0.2995 0.9417 0.1535
vn 0.3923 0.9190 -0.0387
vn 0.6316 0.7374 -0.2395
vn 0.5710 0.7362 -0.3634
vn 0.4431 0.8667 -0.2291
vn 0.5697 0.7554 0.3238
vn 0.2702 0.9227 0.2748
vn 0.4691 0.7308 0.4958
vn 0.2374 0.9027 0.3589
vn 0.2466 0.7491 0.6149
vn 0.3543 0.7603 0.5444
vn 0.0223 0.9038 0.4273
vn -0.0000 0.9135 0.4068
vn 0.1063 0.9051 0.4117
vn 0.2496 0.8551 0.4545
vn 0.3326 -0.9270 0.1732
vn 0.7362 -0.2786 0.6168
vn 0.2350 -0.9704 -0.0562
vn 0.7323 -0.2185 0.6450
vn 0.5825 -0.7955 -0.1673
vn 0.6861 -0.3921 0.6128
vn 0.8667 -0.4969 -0.0449
vn 0.6614 -0.4873 0.5701
vn 0.9771 -0.2127 0.0044
vn 0.6510 -0.6726 0.3517
vn 0.8243 0.5311 0.1960
vn 0.7569 -0.5026 0.4177
vn 0.7860 -0.4642 0.4084
vn 0.1513 -0.9448 -0.2907
vn 0.2084 -0.6400 -0.7396
vn 0.3593 -0.1181 -0.9257
vn 0.4742 0.7189 -0.5083
vn 0.5426 0.8354 0.0873
vn 0.2030 -0.6171 -0.7602
vn -0.6044 -0.1364 0.7849
vn 0.0685 -0.1118 0.9914
vn 0.9199 -0.0443 0.3896
vn 0.6500 -0.0839 0.7553
vn 0.0953 -0.1072 0.9897
vn 0.8833 0.0272 0.4680
vn -0.5643 -0.1409 0.8135
vn 0.6467 -0.0406 0.7617
vn -0.0311 -0.8865 0.4617
vn -0.0221 0.2632 0.9645
vn 0.9219 0.0207 0.3870
vn 0.8722 -0.4423 0.2088
vn 0.5374 0.7994 0.2687
vn 0.2329 0.9658 0.1137
vn -0.0444 0.9874 0.1516
vn -0.3466 0.8787 0.3282
vn -0.5739 0.4619 0.6762
vn -0.6079 -0.3618 0.7068
vn -0.3825 -0.8748 0.2973
vn -0.0774 -0.9948 0.0661
vn 0.2051 -0.9784 -0.0274
vn 0.6085 -0.7926 0.0406
vn 0.4664 -0.1302 0.8750
vn 0.5638 -0.3002 0.7694
vn 0.4073 0.2507 0.8782
vn 0.2730 0.8071 0.5235
vn 0.0472 0.9354 0.3506
vn -0.1749 0.7164 0.6754
vn -0.2044 0.3030 0.9308
vn -0.1640 -0.1832 0.9693
vn -0.1399 -0.6183 0.7734
vn 0.0158 -0.9876 0.1562
vn 0.2949 -0.9333 0.2050
vn 0.5563 -0.6027 0.5721
vn -0.0000 -0.9974 -0.0724
vn 0.2132 -0.9726 -0.0923
vn -0.0288 -0.9942 -0.1034
vn -0.9421 -0.3137 -0.1189
vn -0.3298 0.9381 -0.1057
vn -0.1448 0.9854 -0.0894
vn -0.0000 0.9979 -0.0651
vn -0.0000 -0.8783 0.4781
vn 0.2064 -0.9075 0.3658
vn -0.0418 -0.9913 0.1249
vn -0.7675 -0.0445 0.6395
vn -0.2409 0.9183 0.3142
vn -0.1179 0.9504 0.2877
vn -0.0000 0.9717 0.2361
vn -0.3444 0.1334 -0.9293
vn -0.3628 -0.1271 -0.9232
vn -0.7713 0.2051 -0.6025
vn -0.8070 -0.1262 -0.5770
vn -0.9924 0.1231 0.0081
vn -0.9873 -0.1586 -0.0008
vn -0.7611 -0.0113 0.6485
vn -0.7759 -0.2250 0.5894
vn -0.3678 -0.0873 0.9258
vn -0.3043 -0.2649 0.9150
vn 0.1487 -0.9884 0.0300
vn -0.7118 0.0736 -0.6985
vn 0.0136 0.2234 -0.9746
vn 0.7757 0.1245 -0.6188
vn 0.9750 0.0650 -0.2123
vn -0.0422 -0.9953 -0.0873
vn -0.3338 0.4017 -0.8528
vn -0.7303 0.4624 -0.5028
vn -0.9146 0.4023 0.0401
vn -0.7244 0.2374 0.6472
vn -0.3809 0.0935 0.9199
vn -0.3199 0.5468 -0.7738
vn -0.7342 0.5480 -0.4009
vn -0.9010 0.4226 0.0977
vn -0.7344 0.2732 0.6213
vn -0.3904 0.1335 0.9109
vn 0.0252 0.4635 -0.8857
vn -0.2868 0.5518 -0.7831
vn -0.7547 0.5407 -0.3715
vn -0.9074 0.4023 0.1218
vn -0.7590 0.2705 0.5923
vn -0.3914 0.1035 0.9144
vn -0.1163 -0.1026 0.9879
vn -0.3828 -0.1816 -0.9058
vn -0.8321 -0.2485 -0.4958
vn -0.8456 -0.5243 -0.1002
vn -0.3391 -0.9402 0.0313
vn 0.3421 -0.9086 0.2397
vn -0.9890 0.1329 0.0655
vn -0.8645 0.1083 0.4908
vn -0.9110 -0.0554 0.4087
vn -0.9904 -0.1021 -0.0929
vn -0.9777 -0.1456 -0.1512
vn -0.9165 -0.1084 0.3850
vn -0.9669 -0.1759 -0.1846
vn -0.9157 -0.1695 0.3644
vn -0.7271 0.0819 -0.6817
vn 0.0573 0.0661 -0.9962
vn 0.7479 -0.0072 -0.6638
vn 0.9905 -0.0803 -0.1118
vn 0.9177 -0.1319 0.3747
vn -0.6277 -0.1485 0.7642
vn -0.0388 -0.1428 0.9890
vn 0.6221 -0.1220 0.7734
vn 0.9424 -0.1018 0.3186
vn 0.9754 -0.0893 -0.2015
vn 0.6747 -0.0766 -0.7341
vn 0.0405 -0.0744 -0.9964
vn -0.6714 -0.0840 -0.7363
vn -0.9202 -0.1287 0.3698
vn -0.9827 -0.1134 -0.1467
vn -0.6495 -0.1468 -0.7461
vn -0.6307 -0.1560 -0.7602
vn 0.0399 -0.1094 -0.9932
vn 0.0525 -0.1287 -0.9903
vn 0.6800 -0.0887 -0.7279
vn 0.6692 -0.1059 -0.7355
vn 0.9759 -0.0714 -0.2062
vn 0.9735 -0.0874 -0.2112
vn 0.9581 -0.0786 0.2755
vn 0.9503 -0.0914 0.2977
vn 0.6394 -0.0697 0.7657
vn 0.6453 -0.1152 0.7552
vn -0.0408 -0.0541 0.9977
vn -0.0121 -0.1289 0.9916
vn -0.6137 -0.0702 0.7864
vn -0.6136 -0.1428 0.7766
vn -0.9987 0.0094 -0.0496
vn -0.7589 0.1331 -0.6374
vn 0.0643 0.0999 -0.9929
vn 0.8027 0.0403 -0.5950
vn 0.9999 -0.0128 0.0082
vn 0.8787 -0.0584 0.4737
vn 0.5261 -0.0684 0.8477
vn -0.1094 -0.0498 0.9927
vn -0.6265 0.0227 0.7791
vn -0.8562 0.0709 0.5118
vn -0.9913 0.1207 0.0533
vn -0.7722 -0.0218 -0.6350
vn 0.0548 -0.0564 -0.9969
vn 0.8196 -0.0586 -0.5700
vn 0.9971 -0.0467 0.0594
vn 0.8583 -0.0355 0.5119
vn 0.5158 -0.0282 0.8562
vn -0.1139 -0.0026 0.9935
vn -0.6116 0.0176 0.7910
vn -0.8468 0.0271 0.5312
vn -0.9974 0.0224 0.0685
vn -0.7523 -0.1970 -0.6286
vn 0.0496 -0.2095 -0.9765
vn 0.8201 -0.1727 -0.5455
vn 0.9894 -0.1307 0.0627
vn 0.8744 -0.0982 0.4751
vn 0.5659 -0.0692 0.8216
vn -0.0793 -0.0609 0.9950
vn -0.6179 -0.0687 0.7833
vn -0.8644 -0.0932 0.4940
vn -0.9896 -0.1406 0.0304
vn -0.7139 -0.2099 -0.6681
vn 0.0348 -0.1912 -0.9809
vn 0.7974 -0.1317 -0.5890
vn 0.9968 -0.0794 -0.0094
vn 0.9297 -0.0427 0.3659
vn 0.6482 -0.0155 0.7613
vn -0.0540 -0.0559 0.9970
vn -0.6524 -0.0958 0.7518
vn -0.9039 -0.1318 0.4069
vn -0.9814 -0.1825 -0.0590
vn -0.6759 -0.1255 -0.7262
vn 0.0094 -0.0721 -0.9974
vn 0.7588 -0.0062 -0.6512
vn 0.9877 0.0250 -0.1543
vn 0.9712 0.0650 0.2294
vn 0.6963 0.0572 0.7154
vn -0.0592 0.0020 0.9982
vn -0.7053 -0.0441 0.7075
vn -0.9430 -0.0593 0.3275
vn -0.9771 -0.0985 -0.1887
vn -0.6973 -0.1964 -0.6894
vn -0.0265 -0.2568 -0.9661
vn 0.6597 -0.1681 -0.7325
vn 0.9775 -0.0269 -0.2093
vn 0.9592 0.0250 0.2816
vn 0.5784 0.0208 0.8155
vn -0.1188 -0.0031 0.9929
vn -0.6284 -0.0199 0.7776
vn -0.9009 0.0296 0.4330
vn -0.9999 -0.0072 -0.0140
vn -0.7645 -0.1740 -0.6206
vn -0.1248 -0.3520 -0.9276
vn 0.5701 -0.4078 -0.7132
vn 0.9615 -0.1853 -0.2027
vn 0.9410 -0.1409 0.3077
vn 0.5208 -0.0577 0.8517
vn -0.1397 -0.0073 0.9902
vn -0.6183 0.0151 0.7858
vn -0.9501 0.2879 0.1198
vn -0.7969 0.2394 0.5546
vn -0.5578 0.0300 0.8294
vn -0.4651 0.1072 0.8787
vn -0.1197 -0.0713 0.9902
vn -0.1340 -0.0654 0.9888
vn 0.1709 -0.4835 0.8585
vn 0.0318 -0.2206 0.9748
vn 0.6735 -0.7143 -0.1900
vn 0.5946 -0.7291 0.3388
vn -0.8443 0.0790 -0.5300
vn -0.8116 0.3959 -0.4296
vn -0.2336 -0.0837 -0.9687
vn -0.2828 0.3561 -0.8906
vn 0.3258 -0.5175 -0.7912
vn 0.1571 0.1383 -0.9778
vn -0.1556 -0.0231 0.9875
vn -0.0438 -0.1656 0.9852
vn -0.1914 0.0920 0.9772
vn -0.1577 -0.0037 0.9875
vn -0.0963 -0.2535 0.9625
vn -0.0660 -0.1581 0.9852
vn -0.0171 0.0337 0.9993
vn -0.0975 0.1242 0.9875
vn 0.5138 -0.6227 0.5901
vn -0.8695 -0.2372 -0.4333
vn -0.9598 -0.2125 -0.1835
vn -0.9191 -0.0807 -0.3858
vn -0.9785 0.2039 0.0319
vn -0.1404 -0.7613 0.6331
vn -0.4431 -0.8472 0.2931
vn 0.4628 -0.8569 0.2270
vn 0.1596 -0.4335 0.8869
vn 0.8561 -0.2502 0.4522
vn 0.7233 -0.4779 0.4985
vn -0.6500 -0.7549 -0.0868
vn -0.9834 -0.1355 -0.1210
vn -0.8629 -0.4474 0.2350
vn -0.9701 -0.0748 0.2309
vn -0.9467 0.3142 0.0709
vn -0.8534 0.3863 0.3500
vn -0.2959 0.7030 0.6468
vn -0.2573 0.7594 0.5977
vn 0.0504 0.7041 0.7083
vn -0.0475 0.7414 0.6694
vn 0.3512 0.6126 0.7081
vn 0.1692 0.6106 0.7737
vn 0.6428 0.2763 0.7144
vn 0.3201 0.2963 0.8999
vn 0.3206 -0.1101 0.9408
vn 0.1372 0.6215 0.7713
vn 0.6044 0.4730 0.6411
vn -0.2249 0.6416 0.7333
vn -0.6359 0.6547 0.4086
vn -0.5736 0.6668 0.4757
vn -0.5755 0.1431 0.8052
vn -0.3674 -0.3086 0.8774
vn -0.6617 -0.3068 0.6841
vn -0.1570 -0.1409 0.9775
vn -0.7847 -0.1192 0.6083
vn -0.8068 0.0319 0.5899
vn -0.7188 0.3071 0.6238
vn -0.2994 0.6908 0.6582
vn -0.1495 0.6454 0.7490
vn -0.0561 0.5432 0.8378
vn -0.0325 0.3892 0.9206
vn -0.0677 0.0858 0.9940
vn -0.5210 0.5614 0.6430
vn -0.4043 -0.1766 -0.8974
vn -0.4106 -0.1101 -0.9052
vn -0.7437 -0.5978 -0.2992
vn -0.2838 -0.2917 -0.9134
vn -0.1795 0.6512 0.7373
vn -0.2277 0.5014 0.8347
vn -0.2721 0.8210 0.5019
vn -0.1433 0.9227 0.3580
vn -0.5643 0.8161 -0.1249
vn -0.2167 0.9720 -0.0913
vn -0.1993 0.4454 -0.8729
vn -0.1242 0.1631 -0.9788
vn -0.1182 -0.7978 0.5912
vn -0.1561 -0.9776 -0.1414
vn -0.1950 -0.5347 -0.8222
vn -0.0566 0.3430 0.9376
vn -0.0828 0.9596 0.2690
vn -0.1073 0.9783 -0.1772
vn -0.1306 0.3845 -0.9139
vn -0.0296 -0.8214 0.5696
vn -0.0424 -0.9885 -0.1453
vn -0.0711 -0.6819 -0.7280
vn -0.0512 0.3840 0.9219
vn -0.0534 0.9692 0.2405
vn -0.0625 0.9686 -0.2405
vn -0.0832 0.3202 -0.9437
vn 0.0099 -0.8812 0.4726
vn -0.0106 -0.9866 -0.1630
vn -0.0465 -0.6425 -0.7649
vn -0.0057 0.2462 0.9692
vn -0.0156 0.9759 0.2175
vn -0.0195 0.9757 -0.2185
vn -0.0404 0.1669 -0.9851
vn 0.0377 -0.8699 0.4917
vn 0.0194 -0.9833 -0.1811
vn -0.0373 -0.4800 -0.8765
vn 0.0222 0.2418 0.9701
vn 0.0205 0.9703 0.2410
vn 0.0072 0.9618 -0.2737
vn -0.0238 0.2504 -0.9678
vn -0.0160 -0.7490 0.6623
vn -0.0249 -0.9903 -0.1365
vn -0.0349 -0.6384 -0.7689
vn -0.0196 0.9568 0.2900
vn -0.0181 0.9966 -0.0806
vn -0.0405 0.3622 -0.9312
vn -0.0525 -0.7547 0.6539
vn -0.0592 -0.9909 -0.1208
vn -0.0540 -0.6836 -0.7279
vn -0.0334 0.2533 0.9668
vn -0.0643 0.9607 0.2701
vn -0.0699 0.9859 -0.1518
vn -0.0553 0.3518 -0.9345
vn 0.0438 -0.8173 0.5746
vn 0.0587 -0.9953 -0.0775
vn 0.0697 -0.7747 -0.6284
vn -0.0151 0.1955 0.9806
vn -0.0734 0.9728 0.2199
vn -0.0694 0.9726 -0.2220
vn -0.0060 0.4976 -0.8674
vn -0.8089 0.2399 0.5368
vn -0.9001 0.3929 -0.1883
vn -0.9269 -0.1973 0.3194
vn -0.9792 0.0146 -0.2026
vn -0.4259 0.4529 -0.7832
vn -0.6487 0.1080 -0.7533
vn 0.2996 -0.8588 0.4156
vn 0.2197 -0.9743 -0.0501
vn 0.2842 -0.8563 -0.4313
vn 0.1072 0.4512 0.8860
vn -0.0461 0.9608 0.2733
vn -0.0170 0.9899 -0.1404
vn 0.1495 0.5480 -0.8230
vn 0.1621 -0.9688 0.1874
vn 0.0581 -0.9893 -0.1340
vn 0.1337 -0.9067 -0.3999
vn 0.0995 0.7043 0.7029
vn 0.0186 0.8979 0.4399
vn 0.0431 0.9631 -0.2655
vn 0.3734 0.1985 -0.9062
vn 0.1617 -0.9821 0.0972
vn 0.0094 0.9239 0.3825
vn 0.1260 -0.9886 0.0823
vn 0.0199 0.9352 0.3536
vn -0.0083 -0.8282 0.5604
vn -0.0510 0.6386 0.7679
vn -0.3343 -0.9424 0.0109
vn -0.4595 0.8509 0.2547
vn -0.1901 -0.9597 -0.2071
vn -0.2984 0.9523 0.0639
vn -0.1323 -0.9513 -0.2786
vn -0.2780 0.9601 -0.0304
vn -0.1609 -0.9666 -0.1995
vn -0.4687 0.8761 0.1127
vn -0.5906 -0.8066 -0.0237
vn -0.1846 0.6667 0.7221
vn -0.2439 -0.8395 0.4855
vn -0.2151 0.8260 0.5210
vn -0.0005 -0.8389 0.5442
vn -0.0323 0.9426 0.3325
vn -0.1039 -0.7584 0.6434
vn -0.0396 0.9555 0.2923
vn -0.5396 -0.6460 0.5399
vn -0.2305 0.9276 0.2941
vn -0.4521 -0.8359 -0.3112
vn -0.3571 0.9171 -0.1775
vn -0.1205 -0.9753 -0.1851
vn -0.0736 0.9801 -0.1842
vn -0.0947 -0.9819 -0.1637
vn -0.1010 0.9909 -0.0890
vn -0.1657 -0.9860 0.0165
vn -0.1660 0.9779 0.1273
vn -0.0968 -0.9616 0.2568
vn -0.0848 0.9307 0.3558
vn -0.1233 -0.9474 0.2954
vn -0.0583 0.9394 0.3379
vn -0.5318 -0.7102 0.4613
vn -0.1748 0.9497 0.2597
vn -0.3638 -0.8681 -0.3376
vn -0.3577 0.9108 -0.2059
vn -0.1024 -0.9680 -0.2290
vn -0.0435 0.9696 -0.2408
vn -0.0679 -0.9697 -0.2349
vn -0.0515 0.9972 -0.0543
vn -0.1781 -0.9816 0.0687
vn -0.1838 0.9806 -0.0684
vn -0.0360 -0.9504 0.3091
vn -0.2135 0.9197 0.3294
vn -0.1573 -0.9600 0.2315
vn -0.1163 0.9520 0.2831
vn -0.6825 -0.6270 0.3754
vn -0.3172 0.9073 0.2761
vn -0.3492 -0.8393 -0.4166
vn -0.3758 0.8452 -0.3801
vn -0.0591 -0.9724 -0.2259
vn -0.0707 0.9765 -0.2037
vn -0.0029 -0.9748 -0.2232
vn -0.1337 0.9486 -0.2869
vn -0.2234 -0.9551 0.1947
vn -0.1753 0.9431 -0.2826
vn -0.1308 -0.9282 0.3483
vn -0.3027 0.9431 0.1378
vn -0.1805 -0.9367 0.3001
vn -0.2098 0.9607 0.1819
vn -0.8322 -0.4942 0.2513
vn -0.2966 0.9381 0.1788
vn -0.2824 -0.9048 -0.3188
vn -0.3658 0.7364 -0.5691
vn -0.0677 -0.9681 -0.2413
vn -0.0290 0.8479 -0.5293
vn -0.0354 -0.9680 -0.2484
vn -0.0174 0.7686 -0.6395
vn -0.1083 -0.9580 -0.2654
vn 0.0326 0.6784 -0.7340
vn 0.0015 -0.9161 -0.4010
vn 0.2339 0.4656 -0.8535
vn -0.1372 0.9569 0.2558
vn 0.0369 -0.9967 -0.0726
vn -0.0715 -0.9940 -0.0822
vn -0.2630 -0.9646 -0.0187
vn -0.2374 -0.9695 0.0604
vn -0.1464 -0.9892 0.0072
vn -0.0994 -0.9887 -0.1125
vn -0.2301 -0.9731 -0.0077
vn -0.3227 -0.9362 -0.1391
vn 0.0190 -0.9990 -0.0403
vn -0.1795 0.9780 0.1062
vn -0.1488 0.9882 -0.0369
vn -0.0883 0.9558 -0.2804
vn 0.0080 0.8685 -0.4956
vn -0.0322 0.9448 0.3261
vn 0.1418 0.8216 -0.5522
vn -0.0348 0.9905 -0.1329
vn -0.0240 0.9955 0.0919
vn 0.0017 0.9953 0.0968
vn 0.0202 0.7899 0.6129
vn 0.9835 0.1205 0.1352
vn 0.6839 0.2957 0.6670
vn -0.1045 0.2658 0.9583
vn -0.7383 0.1854 0.6485
vn -0.9598 0.0494 0.2763
vn -0.9742 0.0058 -0.2254
vn -0.7694 0.2726 -0.5776
vn 0.0244 0.4087 -0.9124
vn 0.8192 0.2455 -0.5184
vn 0.9814 0.1122 -0.1558
vn 0.9860 0.1408 0.0896
vn 0.6100 0.5810 0.5389
vn -0.0900 0.6866 0.7214
vn -0.6370 0.5630 0.5265
vn -0.9442 0.2261 0.2394
vn -0.9709 0.1545 -0.1828
vn 0.4607 0.7982 0.3881
vn -0.0537 0.8886 0.4556
vn 0.3529 0.8537 0.3829
vn -0.0600 0.9102 0.4098
vn 0.4131 0.6415 0.6464
vn -0.1279 0.7515 0.6472
vn -0.4109 0.8304 0.3762
vn -0.3608 0.8616 0.3570
vn -0.6100 0.4911 0.6219
vn -0.8670 0.4918 0.0804
vn -0.9943 0.1071 0.0010
vn -0.8702 0.4750 0.1306
vn -0.7909 0.2569 -0.5554
vn -0.9636 0.2418 -0.1141
vn -0.6308 0.7315 0.2589
vn -0.6789 0.6617 0.3184
vn -0.8093 0.4975 0.3124
vn -0.9791 0.1439 -0.1439
vn -0.9653 -0.1866 -0.1826
vn 0.1055 0.3461 -0.9323
vn 0.8708 0.1742 -0.4597
vn 0.9958 -0.0052 -0.0915
vn 0.9997 0.0214 -0.0128
vn -0.8045 0.0394 -0.5926
vn 0.1201 0.0891 -0.9888
vn 0.9114 -0.0331 -0.4103
vn 0.9705 -0.2404 -0.0196
vn 0.9282 -0.3627 -0.0828
vn -0.7647 -0.2622 -0.5886
vn 0.9042 -0.4221 0.0654
vn 0.9752 0.2167 0.0462
vn 0.8972 0.4168 0.1461
vn 0.9875 -0.0690 -0.1420
vn 0.9961 -0.0654 -0.0589
vn 0.9247 0.3127 0.2173
vn 0.9608 -0.2562 0.1059
vn 0.9310 0.1017 0.3505
vn 0.8405 -0.4556 0.2931
vn 0.4742 -0.4765 0.7403
vn -0.1774 -0.6234 0.7615
vn -0.5797 -0.5487 0.6024
vn -0.4119 -0.9107 0.0292
vn -0.3777 -0.9229 -0.0741
vn -0.4745 -0.8736 -0.1086
vn 0.8902 -0.2056 -0.4066
vn 0.0919 -0.2134 -0.9726
vn 0.0961 -0.8336 -0.5439
vn -0.4359 -0.8193 -0.3725
vn 0.4996 -0.8652 0.0425
vn 0.5339 -0.7892 -0.3036
vn 0.8022 -0.5941 -0.0593
vn 0.4675 -0.8839 0.0085
vn 0.7952 -0.5378 -0.2801
vn 0.7083 -0.6804 -0.1880
vn 0.4329 -0.8682 -0.2426
vn 0.2140 -0.9652 -0.1501
vn 0.4571 -0.8887 -0.0356
vn 0.3014 -0.9371 0.1763
vn 0.1096 -0.9920 -0.0625
vn 0.0601 -0.9963 0.0613
vn -0.0478 -0.9970 -0.0617
vn -0.1743 -0.9805 0.0906
vn -0.0089 -0.9913 -0.1310
vn 0.0361 -0.9918 -0.1229
vn -0.0018 -1.0000 -0.0004
vn -0.0080 -0.9907 -0.1359
vn 0.8921 -0.0391 0.4501
vn -0.4552 0.2362 0.8585
vn -0.2582 -0.1160 0.9591
vn -0.9448 -0.0612 0.3220
vn -0.5397 -0.1639 0.8257
vn -0.4225 -0.5313 0.7343
vn -0.1641 0.1284 0.9781
vn -0.9299 -0.0950 0.3554
vn -0.7775 -0.5457 0.3126
vn -0.1580 -0.1290 0.9790
vn -0.3956 0.3549 0.8471
vn -0.7890 0.5096 0.3432
vn -0.2529 0.3981 0.8818
vn -0.2981 0.8889 0.3479
vn -0.2992 0.3379 0.8924
vn -0.0486 0.9269 0.3723
vn -0.6902 0.0189 0.7234
vn 0.0056 0.8490 0.5284
vn -0.8354 -0.2680 0.4800
vn 0.0461 0.3625 0.9309
vn -0.7161 -0.4269 0.5523
vn 0.0726 -0.6590 0.7487
vn -0.5535 -0.4091 0.7254
vn 0.0689 -0.8730 0.4829
vn -0.3476 -0.4575 0.8185
vn -0.0965 -0.8980 0.4293
vn -0.2552 -0.5810 0.7729
vn -0.2002 -0.9375 0.2846
vn -0.3060 -0.6137 0.7278
vn -0.4862 -0.8352 0.2571
vn -0.3679 0.4464 0.8157
vn -0.3696 0.2063 0.9060
vn -0.5259 0.4315 0.7330
vn -0.4104 0.5957 0.6905
vn -0.3140 -0.3221 0.8931
vn -0.2770 -0.2784 0.9197
vn -0.2743 -0.3098 0.9104
vn -0.2855 -0.2918 0.9129
vn -0.2618 -0.4111 0.8732
vn -0.3095 -0.3782 0.8725
vn -0.2343 -0.4434 0.8652
vn -0.3155 -0.4703 0.8242
vn -0.3031 -0.4775 0.8247
vn -0.2209 -0.4523 0.8641
vn -0.2099 -0.9765 0.0499
vn -0.2862 -0.6686 0.6863
vn -0.0492 -0.9836 0.1735
vn -0.2564 -0.5056 0.8238
vn 0.4120 -0.8307 0.3743
vn -0.1783 -0.5670 0.8042
vn 0.4127 0.8407 0.3506
vn -0.1188 -0.3570 0.9265
vn 0.1034 0.9752 0.1955
vn -0.1845 -0.0774 0.9798
vn -0.3049 -0.4079 0.8606
vn -0.4986 -0.1367 0.8560
vn -0.3071 0.4893 0.8162
vn -0.3504 0.4768 0.8062
vn -0.4008 0.3313 0.8542
vn -0.3855 0.0007 0.9227
vn -0.3377 -0.2094 0.9177
vn -0.3960 0.2709 0.8774
vn -0.4275 0.0728 0.9011
vn -0.3452 0.3591 0.8671
vn -0.4278 -0.1731 0.8872
vn -0.3736 -0.3843 0.8442
vn -0.5230 -0.8243 0.2166
vn -0.4691 -0.6286 0.6203
vn -0.6244 -0.7503 0.2173
vn -0.5248 -0.6454 0.5550
vn -0.6874 -0.7075 0.1642
vn -0.5976 -0.5737 0.5601
vn -0.7890 -0.5959 0.1494
vn -0.7019 -0.4200 0.5752
vn -0.8818 -0.4473 0.1494
vn -0.7663 -0.2043 0.6091
vn -0.9408 -0.2407 0.2385
vn -0.7507 0.0115 0.6606
vn -0.4014 -0.9113 -0.0913
vn -0.6509 -0.7557 -0.0729
vn -0.6938 -0.7124 -0.1055
vn -0.7398 -0.6631 -0.1144
vn -0.8316 -0.5511 -0.0691
vn -0.8976 -0.4365 0.0620
vn -0.5349 -0.7546 0.3801
vn -0.4328 -0.9014 -0.0161
vn -0.6891 -0.7151 -0.1174
vn -0.7426 -0.6384 -0.2023
vn -0.6786 -0.7004 -0.2214
vn -0.5785 -0.8015 -0.1514
vn -0.7747 -0.5344 0.3380
vn -0.9127 -0.3567 0.1995
vn 0.0171 0.6835 0.7298
vn -0.0867 0.6327 0.7696
vn 0.1304 0.6397 0.7575
vn -0.4959 -0.0314 0.8678
vn -0.5976 -0.3933 0.6987
vn -0.2774 0.3872 0.8793
vn -0.8328 -0.4666 0.2978
vn -0.8788 -0.3891 0.2764
vn -0.9203 -0.1131 0.3744
vn -0.2398 -0.3745 0.8957
vn -0.7292 -0.3079 0.6111
vn -0.4525 -0.2515 0.8556
vn -0.2504 -0.3518 0.9020
vn -0.2069 -0.3992 0.8932
vn -0.2906 0.1381 0.9468
vn -0.0969 -0.1230 0.9877
vn -0.0576 0.1404 0.9884
vn -0.4863 -0.0984 0.8682
vn -0.5086 0.1520 0.8475
vn -0.7893 -0.0753 0.6094
vn -0.7756 0.1394 0.6157
vn -0.9317 0.0964 0.3502
vn -0.9782 -0.1114 0.1752
vn -0.9776 0.0587 0.2023
vn -0.9830 -0.1790 -0.0396
vn -0.9991 0.0354 -0.0223
vn -0.9255 -0.2212 -0.3076
vn -0.9528 0.0157 -0.3033
vn -0.7906 -0.2711 -0.5490
vn -0.8262 0.0019 -0.5633
vn -0.5873 -0.2728 -0.7620
vn -0.6045 0.0083 -0.7965
vn -0.3583 -0.2873 -0.8883
vn -0.3382 0.0385 -0.9403
vn -0.9288 -0.3153 0.1949
vn -0.9332 -0.2264 0.2791
vn -0.9903 -0.0516 0.1289
vn -0.9442 -0.3075 0.1179
vn -0.6411 -0.0986 -0.7611
vn -0.4496 -0.5737 -0.6847
vn -0.3177 -0.7414 -0.5911
vn -0.3097 -0.6721 -0.6726
vn -0.8725 -0.4743 0.1177
vn -0.8408 -0.5164 -0.1624
vn -0.7346 -0.6047 -0.3078
vn -0.4206 -0.8067 -0.4150
vn -0.9259 -0.2218 -0.3059
vn -0.8358 -0.3346 -0.4354
vn -0.5688 -0.5975 -0.5652
vn -0.4976 -0.6646 -0.5573
vn -0.4906 -0.6852 -0.5384
vn -0.5359 -0.6953 -0.4789
vn -0.9148 -0.3990 -0.0620
vn -0.8880 0.4095 -0.2090
vn -0.5233 -0.5890 -0.6158
vn -0.6879 -0.5546 -0.4682
vn -0.8504 -0.4330 -0.2988
vn -0.6310 0.0733 -0.7723
vn -0.6345 -0.6503 -0.4177
vn -0.6951 -0.5486 -0.4647
vn -0.2082 -0.4252 -0.8809
vn -0.1538 0.4903 0.8579
vn -0.3001 0.4873 0.8201
vn -0.0342 0.4924 0.8697
vn -0.4758 0.4501 0.7556
vn -0.6827 0.4190 0.5986
vn -0.8458 0.3778 0.3768
vn -0.9134 0.3588 0.1922
vn -0.9269 0.3728 -0.0421
vn -0.8726 0.3981 -0.2830
vn -0.7557 0.4074 -0.5128
vn -0.5644 0.3894 -0.7279
vn -0.3107 0.3790 -0.8717
vn -0.1275 0.7699 0.6253
vn -0.0258 0.7728 0.6341
vn -0.0923 0.9722 0.2152
vn -0.0147 0.9739 0.2265
vn -0.1428 0.9897 -0.0054
vn -0.0325 0.9995 0.0061
vn -0.3450 0.8617 -0.3720
vn -0.1297 0.9173 -0.3765
vn -0.4483 0.7042 -0.5506
vn -0.2439 0.7102 -0.6604
vn -0.6318 0.7624 0.1398
vn -0.6460 0.7608 -0.0623
vn -0.2995 0.9417 0.1535
vn -0.3923 0.9190 -0.0387
vn -0.6316 0.7374 -0.2395
vn -0.5710 0.7362 -0.3634
vn -0.4431 0.8667 -0.2291
vn -0.5697 0.7554 0.3238
vn -0.2702 0.9227 0.2748
vn -0.4691 0.7308 0.4958
vn -0.2374 0.9027 0.3589
vn -0.2466 0.7491 0.6149
vn -0.3543 0.7603 0.5444
vn -0.0223 0.9038 0.4273
vn -0.1063 0.9051 0.4117
vn -0.2496 0.8551 0.4545
vn -0.3326 -0.9270 0.1732
vn -0.7362 -0.2786 0.6168
vn -0.2350 -0.9704 -0.0562
vn -0.7323 -0.2185 0.6450
vn -0.5825 -0.7955 -0.1673
vn -0.6861 -0.3921 0.6128
vn -0.8667 -0.4969 -0.0449
vn -0.6614 -0.4873 0.5701
vn -0.9771 -0.2127 0.0044
vn -0.6510 -0.6726 0.3517
vn -0.8243 0.5311 0.1960
vn -0.7569 -0.5026 0.4177
vn -0.7860 -0.4642 0.4084
vn -0.1513 -0.9448 -0.2907
vn -0.2084 -0.6400 -0.7396
vn -0.3593 -0.1181 -0.9257
vn -0.4742 0.7189 -0.5083
vn -0.5426 0.8354 0.0873
vn -0.2030 -0.6171 -0.7602
vn 0.6044 -0.1364 0.7849
vn -0.0685 -0.1118 0.9914
vn -0.9199 -0.0443 0.3896
vn -0.6500 -0.0839 0.7553
vn -0.0953 -0.1072 0.9897
vn -0.8833 0.0272 0.4680
vn 0.5643 -0.1409 0.8135
vn -0.6467 -0.0406 0.7617
vn 0.0311 -0.8865 0.4617
vn 0.0221 0.2632 0.9645
vn -0.9219 0.0207 0.3870
vn -0.8722 -0.4423 0.2088
vn -0.5374 0.7994 0.2687
vn -0.2329 0.9658 0.1137
vn 0.0444 0.9874 0.1516
vn 0.3466 0.8787 0.3282
vn 0.5739 0.4619 0.6762
vn 0.6079 -0.3618 0.7068
vn 0.3825 -0.8748 0.2973
vn 0.0774 -0.9948 0.0661
vn -0.2051 -0.9784 -0.0274
vn -0.6085 -0.7926 0.0406
vn -0.4664 -0.1302 0.8750
vn -0.5638 -0.3002 0.7694
vn -0.4073 0.2507 0.8782
vn -0.2730 0.8071 0.5235
vn -0.0472 0.9354 0.3506
vn 0.1749 0.7164 0.6754
vn 0.2044 0.3030 0.9308
vn 0.1640 -0.1832 0.9693
vn 0.1399 -0.6183 0.7734
vn -0.0158 -0.9876 0.1562
vn -0.2949 -0.9333 0.2050
vn -0.5563 -0.6027 0.5721
vn -0.2132 -0.9726 -0.0923
vn 0.0288 -0.9942 -0.1034
vn 0.9421 -0.3137 -0.1189
vn 0.3298 0.9381 -0.1057
vn 0.1448 0.9854 -0.0894
vn -0.2064 -0.9075 0.3658
vn 0.0418 -0.9913 0.1249
vn 0.7675 -0.0445 0.6395
vn 0.2409 0.9183 0.3142
vn 0.1179 0.9504 0.2877
vt 0.355660 0.539200
vt 0.354477 0.472461
vt 0.371637 0.469553
vt 0.371788 0.545861
vt 0.903376 0.329024
vt 0.904998 0.389337
vt 0.920247 0.388110
vt 0.917815 0.326961
vt 0.238665 0.230335
vt 0.235270 0.186326
vt 0.248748 0.185972
vt 0.250052 0.227038
vt 0.267027 0.186223
vt 0.267870 0.226723
vt 0.279529 0.184790
vt 0.279306 0.227767
vt 0.842096 0.602256
vt 0.829028 0.581474
vt 0.837923 0.563571
vt 0.854460 0.586975
vt 0.297223 0.343786
vt 0.303940 0.342353
vt 0.302574 0.373329
vt 0.296950 0.374456
vt 0.573004 0.185691
vt 0.574541 0.148245
vt 0.582976 0.150215
vt 0.582909 0.186904
vt 0.602957 0.368833
vt 0.614619 0.384308
vt 0.603317 0.390196
vt 0.594256 0.381068
vt 0.976940 0.378513
vt 0.984429 0.378855
vt 0.981144 0.413972
vt 0.975279 0.413056
vt 0.266249 0.264443
vt 0.248921 0.266538
vt 0.127865 0.341413
vt 0.133942 0.342874
vt 0.133726 0.373564
vt 0.127332 0.371187
vt 0.236916 0.269890
vt 0.264506 0.312114
vt 0.247098 0.316842
vt 0.375423 0.614334
vt 0.355129 0.618406
vt 0.828035 0.609036
vt 0.817973 0.586999
vt 0.921363 0.272301
vt 0.905418 0.274839
vt 0.563377 0.187019
vt 0.566816 0.148526
vt 0.792163 0.577919
vt 0.799655 0.575278
vt 0.799197 0.628702
vt 0.790962 0.632887
vt 0.379867 0.687584
vt 0.353296 0.692737
vt 0.280565 0.263415
vt 0.281387 0.299384
vt 0.930200 0.212108
vt 0.908159 0.216864
vt 0.582257 0.220787
vt 0.569510 0.219881
vt 0.233286 0.313578
vt 0.262365 0.367527
vt 0.240687 0.368578
vt 0.382962 0.784166
vt 0.350706 0.785248
vt 0.283365 0.366270
vt 0.936168 0.132734
vt 0.909008 0.140473
vt 0.580960 0.344026
vt 0.571253 0.344681
vt 0.573777 0.311526
vt 0.581159 0.311852
vt 0.222212 0.371222
vt 0.574935 0.102839
vt 0.565566 0.102030
vt 0.565182 0.038873
vt 0.573881 0.020701
vt 0.265122 0.135022
vt 0.281848 0.126316
vt 0.244475 0.133837
vt 0.353007 0.401490
vt 0.372825 0.402500
vt 0.230735 0.141997
vt 0.907744 0.442311
vt 0.928286 0.449883
vt 0.238012 0.408917
vt 0.261782 0.408138
vt 0.260443 0.444394
vt 0.237461 0.446355
vt 0.502560 0.250793
vt 0.483619 0.255312
vt 0.481494 0.143216
vt 0.499058 0.138336
vt 0.522407 0.254954
vt 0.521327 0.140816
vt 0.175561 0.167425
vt 0.196688 0.162642
vt 0.199733 0.238617
vt 0.179072 0.243111
vt 0.047886 0.217885
vt 0.064250 0.223186
vt 0.064200 0.362948
vt 0.053080 0.360112
vt 0.215698 0.234082
vt 0.214578 0.374585
vt 0.201762 0.380239
vt 0.187125 0.383497
vt 0.029437 0.212288
vt 0.038705 0.354088
vt 0.013251 0.209418
vt 0.026414 0.351339
vt 0.502042 0.386218
vt 0.518220 0.388993
vt 0.515445 0.638428
vt 0.502725 0.635889
vt 0.485499 0.390576
vt 0.492633 0.637431
vt 0.411054 0.407094
vt 0.424671 0.398373
vt 0.416746 0.645225
vt 0.408552 0.650519
vt 0.388267 0.407804
vt 0.392784 0.652808
vt 0.428896 0.265293
vt 0.415222 0.274828
vt 0.386991 0.275808
vt 0.462369 0.261835
vt 0.461366 0.393834
vt 0.447868 0.392631
vt 0.445895 0.260645
vt 0.064252 0.148001
vt 0.044779 0.142146
vt 0.025969 0.136388
vt 0.007747 0.133024
vt 0.215235 0.157049
vt 0.461652 0.638880
vt 0.449376 0.638130
vt 0.409347 0.798268
vt 0.393463 0.799936
vt 0.213614 0.431313
vt 0.202456 0.443362
vt 0.055425 0.441565
vt 0.043747 0.437075
vt 0.501628 0.731975
vt 0.492766 0.736962
vt 0.179752 0.386270
vt 0.190023 0.466461
vt 0.181005 0.470460
vt 0.065713 0.445498
vt 0.512663 0.740970
vt 0.459792 0.785997
vt 0.448969 0.783228
vt 0.031186 0.409762
vt 0.212162 0.493470
vt 0.203161 0.493587
vt 0.412878 0.897224
vt 0.393911 0.899256
vt 0.070147 0.502157
vt 0.057494 0.498403
vt 0.508986 0.837014
vt 0.499225 0.848395
vt 0.188965 0.524336
vt 0.179170 0.526937
vt 0.458525 0.885310
vt 0.447522 0.882914
vt 0.047261 0.493815
vt 0.139073 0.012122
vt 0.151544 0.016070
vt 0.152505 0.098637
vt 0.138626 0.094184
vt 0.299123 0.014651
vt 0.313961 0.010003
vt 0.309709 0.093469
vt 0.294533 0.096583
vt 0.969970 0.009203
vt 0.989131 0.010743
vt 0.987557 0.104391
vt 0.965293 0.102001
vt 0.129063 0.007377
vt 0.127436 0.091172
vt 0.787683 0.001919
vt 0.806661 -0.000000
vt 0.810047 0.144807
vt 0.788606 0.148457
vt 0.750826 0.003181
vt 0.757977 -0.000000
vt 0.755069 0.148442
vt 0.748005 0.150690
vt 0.766483 0.001995
vt 0.766061 0.150027
vt 0.289206 0.017097
vt 0.283647 0.099645
vt 0.322014 0.007377
vt 0.318272 0.091502
vt 0.775858 0.005408
vt 0.775858 0.152742
vt 0.307190 0.180176
vt 0.295324 0.183097
vt 0.987613 0.203568
vt 0.969046 0.200229
vt 0.136867 0.181631
vt 0.127255 0.177583
vt 0.808684 0.298917
vt 0.790572 0.303634
vt 0.755769 0.301132
vt 0.748762 0.303004
vt 0.765388 0.302744
vt 0.285897 0.187494
vt 0.314777 0.178288
vt 0.771753 0.304307
vt 0.147936 0.186157
vt 0.989131 0.280194
vt 0.976191 0.278412
vt 0.136162 0.253244
vt 0.128019 0.250607
vt 0.804508 0.421292
vt 0.792937 0.423516
vt 0.757570 0.428317
vt 0.751785 0.429195
vt 0.764672 0.430822
vt 0.296598 0.253999
vt 0.290215 0.257211
vt 0.312055 0.250138
vt 0.305322 0.252067
vt 0.120186 0.176855
vt 0.121463 0.249778
vt 0.143495 0.255899
vt 0.317419 0.249544
vt 0.316043 0.339401
vt 0.309592 0.340705
vt 0.767510 0.589449
vt 0.761451 0.586116
vt 0.293659 0.344917
vt 0.121277 0.339895
vt 0.140275 0.345038
vt 0.002140 0.068200
vt 0.021779 0.072036
vt 0.043644 0.078715
vt 0.064804 0.086055
vt 0.194467 0.098544
vt 0.211718 0.093255
vt 0.447063 0.151707
vt 0.466755 0.153502
vt 0.389506 0.167414
vt 0.418531 0.164100
vt 0.173442 0.103705
vt 0.163195 0.172451
vt 0.159561 0.109472
vt 0.041725 0.054448
vt 0.071854 0.052285
vt 0.498860 0.071629
vt 0.520077 0.080911
vt 0.387558 0.097491
vt 0.418595 0.095109
vt 0.446493 0.092431
vt 0.466014 0.083555
vt 0.481414 0.072481
vt 0.021860 0.046126
vt 0.172379 0.063285
vt 0.193549 0.058089
vt 0.155422 0.070172
vt 0.210456 0.052957
vt 0.000000 0.034212
vt 0.197873 0.007377
vt 0.174775 0.008825
vt 0.279578 0.415106
vt 0.278533 0.448066
vt 0.530459 0.385697
vt 0.534451 0.350205
vt 0.548456 0.368071
vt 0.545447 0.396550
vt 0.215698 0.011448
vt 0.487245 -0.000000
vt 0.502205 0.017611
vt 0.569165 0.386272
vt 0.565675 0.406578
vt 0.522407 0.033893
vt 0.581076 0.388887
vt 0.581225 0.403493
vt 0.020300 0.031770
vt 0.040748 0.041393
vt 0.000000 0.007377
vt 0.651230 0.425782
vt 0.630895 0.442788
vt 0.629907 0.442813
vt 0.645842 0.425092
vt 0.582976 0.433324
vt 0.581213 0.433829
vt 0.215698 0.454023
vt 0.216259 0.407416
vt 0.939369 0.082852
vt 0.940711 0.018325
vt 0.908348 0.008908
vt 0.911149 0.076224
vt 0.386991 0.865363
vt 0.386384 0.959780
vt 0.360357 0.997883
vt 0.361630 0.898673
vt 0.152505 0.016003
vt 0.386991 0.021747
vt 0.418949 0.000000
vt 0.439910 0.045345
vt 0.466755 0.007812
vt 0.077526 0.025217
vt 0.353797 1.000000
vt 0.349400 0.912607
vt 0.629907 0.393896
vt 0.630103 0.384425
vt 0.557296 0.330822
vt 0.548373 0.297913
vt 0.565234 0.261238
vt 0.571151 0.287162
vt 0.582791 0.102463
vt 0.582761 0.051363
vt 0.558185 0.225795
vt 0.549242 0.187253
vt 0.554901 0.146679
vt 0.581605 0.260124
vt 0.581358 0.286441
vt 0.225811 0.100729
vt 0.239040 0.096095
vt 0.219140 0.051761
vt 0.236752 0.049514
vt 0.590444 0.362099
vt 0.603458 0.338744
vt 0.579239 0.003590
vt 0.582914 0.024636
vt 0.590147 0.321411
vt 0.599997 0.310461
vt 0.817973 0.277084
vt 0.817973 0.221619
vt 0.836281 0.214136
vt 0.841506 0.266854
vt 0.731255 0.661075
vt 0.731616 0.681764
vt 0.713508 0.666359
vt 0.731616 0.650608
vt 0.859131 0.212455
vt 0.863842 0.246438
vt 0.863066 0.285805
vt 0.877124 0.264095
vt 0.840511 0.163937
vt 0.863232 0.177231
vt 0.824523 0.153466
vt 0.869072 0.158517
vt 0.851278 0.123140
vt 0.865302 0.110071
vt 0.878468 0.147209
vt 0.821987 0.470156
vt 0.829210 0.433307
vt 0.849488 0.442153
vt 0.834150 0.473495
vt 0.859938 0.469876
vt 0.844535 0.492634
vt 0.864712 0.514858
vt 0.846946 0.518825
vt 0.862134 0.553233
vt 0.844297 0.542045
vt 0.861196 0.410102
vt 0.870726 0.458141
vt 0.873608 0.409769
vt 0.874237 0.454200
vt 0.865779 0.388744
vt 0.873653 0.389300
vt 0.836679 0.393442
vt 0.834518 0.092002
vt 0.860294 0.070037
vt 0.891208 0.258652
vt 0.884988 0.233681
vt 0.892668 0.233792
vt 0.832498 0.518670
vt 0.830913 0.504256
vt 0.825085 0.496097
vt 0.828044 0.548039
vt 0.831591 0.534937
vt 0.877473 0.188653
vt 0.876168 0.209063
vt 0.819082 0.493060
vt 0.822430 0.556517
vt 0.879108 0.224517
vt 0.880530 0.176204
vt 0.886975 0.170279
vt 0.938081 0.575530
vt 0.935627 0.507408
vt 0.912167 0.500625
vt 0.916190 0.565204
vt 0.377657 0.246897
vt 0.375533 0.328655
vt 0.351464 0.328493
vt 0.350279 0.248507
vt 0.919141 0.608672
vt 0.940711 0.602143
vt 0.215698 0.032681
vt 0.237429 0.007377
vt 0.834218 0.048452
vt 0.849557 0.035531
vt 0.842220 0.359169
vt 0.819067 0.372046
vt 0.817973 0.331590
vt 0.840449 0.325274
vt 0.664679 0.294548
vt 0.660002 0.303817
vt 0.647615 0.304343
vt 0.649351 0.282690
vt 0.372890 0.034142
vt 0.386991 0.054090
vt 0.377787 0.134000
vt 0.363786 0.086289
vt 0.349517 0.141411
vt 0.349100 0.097457
vt 0.379329 0.191860
vt 0.349857 0.192143
vt 0.685205 0.203650
vt 0.633142 0.201409
vt 0.632321 0.186957
vt 0.682179 0.185890
vt 0.584926 0.446991
vt 0.665364 0.446991
vt 0.655884 0.465190
vt 0.594604 0.463742
vt 0.590147 0.196742
vt 0.598866 0.188573
vt 0.527622 0.455143
vt 0.548290 0.467001
vt 0.733629 0.203055
vt 0.729302 0.186015
vt 0.615890 0.203650
vt 0.629907 0.206420
vt 0.629460 0.224080
vt 0.615228 0.222837
vt 0.522407 0.477643
vt 0.532058 0.483899
vt 0.626382 0.283051
vt 0.614619 0.282684
vt 0.636281 0.131277
vt 0.679048 0.130247
vt 0.562930 0.520679
vt 0.550484 0.535748
vt 0.642432 0.522179
vt 0.597370 0.518655
vt 0.709404 0.130249
vt 0.609894 0.132636
vt 0.613766 0.107021
vt 0.631913 0.106271
vt 0.593743 0.548394
vt 0.572518 0.551249
vt 0.625922 0.308526
vt 0.617445 0.307373
vt 0.669002 0.104954
vt 0.557746 0.559622
vt 0.645397 0.546512
vt 0.706857 0.104987
vt 0.644025 0.562016
vt 0.601611 0.564093
vt 0.668917 0.095645
vt 0.708085 0.089386
vt 0.610840 0.091203
vt 0.630855 0.096187
vt 0.583407 0.566334
vt 0.627786 0.323555
vt 0.616872 0.323819
vt 0.556925 0.574950
vt 0.609435 0.578935
vt 0.575955 0.582745
vt 0.629907 0.343503
vt 0.621236 0.341631
vt 0.668801 0.085174
vt 0.630162 0.085618
vt 0.635195 0.070542
vt 0.670334 0.069702
vt 0.554454 0.594265
vt 0.655857 0.580147
vt 0.705318 0.069502
vt 0.605656 0.072241
vt 0.670617 0.023401
vt 0.693914 0.023387
vt 0.623629 0.025537
vt 0.646122 0.024081
vt 0.611962 0.624545
vt 0.589142 0.626561
vt 0.628771 0.391236
vt 0.619883 0.390686
vt 0.578474 0.636144
vt 0.644224 0.626607
vt 0.593177 0.654694
vt 0.588234 0.656317
vt 0.638659 0.650730
vt 0.616975 0.651044
vt 0.667122 0.000180
vt 0.687865 0.000000
vt 0.630509 0.003156
vt 0.643726 -0.000000
vt 0.628168 0.415493
vt 0.619058 0.416203
vt 0.647615 0.248045
vt 0.657621 0.247435
vt 0.858373 0.317872
vt 0.856692 0.356750
vt 0.101640 0.989120
vt 0.073576 0.987156
vt 0.080491 0.950504
vt 0.099089 0.950803
vt 0.125825 0.958672
vt 0.121283 0.991843
vt 0.854681 0.285805
vt 0.864072 0.288003
vt 0.699852 0.613692
vt 0.698186 0.647193
vt 0.689585 0.650608
vt 0.693481 0.613159
vt 0.681636 0.646199
vt 0.682964 0.613410
vt 0.659700 0.680394
vt 0.659700 0.656317
vt 0.666278 0.657986
vt 0.666020 0.689223
vt 0.631036 0.250216
vt 0.639741 0.247435
vt 0.641378 0.253997
vt 0.632369 0.256806
vt 0.611574 0.656317
vt 0.634879 0.658392
vt 0.639973 0.665742
vt 0.610741 0.662279
vt 0.645814 0.231034
vt 0.651478 0.225681
vt 0.653435 0.234781
vt 0.645977 0.232975
vt 0.589054 0.656317
vt 0.610741 0.656317
vt 0.609864 0.662649
vt 0.588304 0.663062
vt 0.251162 0.474529
vt 0.271481 0.478700
vt 0.269882 0.484504
vt 0.253057 0.481336
vt 0.648308 0.656317
vt 0.649166 0.663891
vt 0.651442 0.203650
vt 0.661308 0.221368
vt 0.661308 0.245900
vt 0.639570 0.266270
vt 0.630878 0.269558
vt 0.649437 0.679709
vt 0.616307 0.677382
vt 0.654902 0.247435
vt 0.607844 0.672803
vt 0.571876 0.673014
vt 0.266276 0.497118
vt 0.258451 0.494912
vt 0.646399 0.244266
vt 0.648664 0.688317
vt 0.623461 0.686226
vt 0.648972 0.693153
vt 0.625807 0.691646
vt 0.644785 0.698548
vt 0.633122 0.698162
vt 0.613952 0.418637
vt 0.613773 0.430274
vt 0.611582 0.432013
vt 0.611582 0.417150
vt 0.627494 0.424425
vt 0.626960 0.439285
vt 0.623630 0.441870
vt 0.623499 0.419989
vt 0.618326 0.441905
vt 0.618472 0.418084
vt 0.614619 0.441399
vt 0.614619 0.416203
vt 0.666278 0.705403
vt 0.665133 0.730576
vt 0.662336 0.719873
vt 0.662336 0.689223
vt 0.711412 0.685353
vt 0.680754 0.685353
vt 0.689831 0.680433
vt 0.713508 0.679923
vt 0.692509 0.670326
vt 0.711145 0.670097
vt 0.695661 0.657578
vt 0.710195 0.657457
vt 0.696914 0.650960
vt 0.708388 0.650608
vt 0.613324 0.404417
vt 0.614365 0.415849
vt 0.611582 0.417150
vt 0.611582 0.405184
vt 0.570450 0.713617
vt 0.570284 0.725593
vt 0.563544 0.734468
vt 0.563991 0.712563
vt 0.550515 0.736920
vt 0.550740 0.710330
vt 0.547530 0.735128
vt 0.547530 0.710044
vt 0.547530 0.736041
vt 0.522407 0.736041
vt 0.523048 0.732718
vt 0.546582 0.732561
vt 0.524364 0.719294
vt 0.544227 0.719248
vt 0.531359 0.710556
vt 0.543954 0.710044
vt 0.613822 0.390196
vt 0.614498 0.402752
vt 0.611582 0.404417
vt 0.611582 0.391718
vt 0.637160 0.703315
vt 0.637046 0.716074
vt 0.629590 0.724661
vt 0.628496 0.703692
vt 0.616360 0.726985
vt 0.615108 0.698547
vt 0.610741 0.727823
vt 0.610741 0.699984
vt 0.660976 0.698548
vt 0.660976 0.726376
vt 0.655747 0.729175
vt 0.656676 0.705839
vt 0.641919 0.730674
vt 0.642634 0.709297
vt 0.637160 0.725306
vt 0.637566 0.711592
vt 0.628999 0.416204
vt 0.629531 0.429895
vt 0.627495 0.431530
vt 0.627495 0.417306
vt 0.302982 0.485256
vt 0.303213 0.499484
vt 0.297910 0.505742
vt 0.297843 0.482549
vt 0.284942 0.504055
vt 0.284569 0.478576
vt 0.279940 0.506198
vt 0.279940 0.474529
vt 0.611582 0.390196
vt 0.607052 0.421493
vt 0.602516 0.427558
vt 0.606222 0.398710
vt 0.593732 0.426013
vt 0.597261 0.408376
vt 0.590147 0.420677
vt 0.592154 0.410535
vt 0.691320 0.685353
vt 0.701581 0.686725
vt 0.703707 0.688381
vt 0.692880 0.686537
vt 0.706744 0.693208
vt 0.690905 0.689875
vt 0.705040 0.703712
vt 0.683102 0.699904
vt 0.708592 0.710254
vt 0.680754 0.704972
vt 0.707504 0.718689
vt 0.681334 0.713890
vt 0.684249 0.722642
vt 0.708592 0.725682
vt 0.612466 0.440711
vt 0.607068 0.446620
vt 0.607068 0.435729
vt 0.610142 0.434837
vt 0.684402 0.671102
vt 0.686844 0.657802
vt 0.565100 0.666685
vt 0.561279 0.665325
vt 0.568604 0.656317
vt 0.571876 0.657721
vt 0.559584 0.676975
vt 0.554801 0.675607
vt 0.560193 0.681575
vt 0.551242 0.678752
vt 0.686205 0.674045
vt 0.553219 0.664853
vt 0.549162 0.664703
vt 0.554234 0.658025
vt 0.557039 0.658721
vt 0.549988 0.674739
vt 0.545186 0.674100
vt 0.540956 0.677146
vt 0.611582 0.434837
vt 0.606011 0.429348
vt 0.666697 0.441512
vt 0.662110 0.443585
vt 0.662110 0.433644
vt 0.666353 0.433559
vt 0.664239 0.428217
vt 0.666528 0.426747
vt 0.714600 0.744648
vt 0.712702 0.745512
vt 0.710838 0.740690
vt 0.714569 0.737060
vt 0.564574 0.706631
vt 0.564774 0.701534
vt 0.570711 0.702368
vt 0.571876 0.704058
vt 0.560845 0.707815
vt 0.559966 0.702191
vt 0.553024 0.710044
vt 0.556978 0.702605
vt 0.640162 0.245652
vt 0.635026 0.245652
vt 0.629907 0.235918
vt 0.635961 0.224385
vt 0.559218 0.697273
vt 0.544947 0.709708
vt 0.551857 0.691976
vt 0.563578 0.688498
vt 0.543844 0.689818
vt 0.531949 0.691366
vt 0.524930 0.689595
vt 0.528572 0.683176
vt 0.528248 0.697577
vt 0.522407 0.697195
vt 0.544441 0.700974
vt 0.538867 0.698585
vt 0.538898 0.709939
vt 0.534304 0.706325
vt 0.525956 0.702755
vt 0.710137 0.735337
vt 0.714087 0.730978
vt 0.708592 0.731064
vt 0.714600 0.721146
vt 0.264309 0.507679
vt 0.252004 0.502243
vt 0.605467 0.740776
vt 0.603400 0.740935
vt 0.602015 0.734498
vt 0.605787 0.733634
vt 0.647616 0.319196
vt 0.645084 0.320195
vt 0.641799 0.312114
vt 0.646449 0.309951
vt 0.636303 0.320411
vt 0.634028 0.320471
vt 0.633184 0.314681
vt 0.636288 0.314811
vt 0.575526 0.710791
vt 0.573697 0.710091
vt 0.574659 0.706335
vt 0.577908 0.706127
vt 0.579342 0.694522
vt 0.588083 0.698619
vt 0.580178 0.688999
vt 0.596852 0.693994
vt 0.630036 0.300681
vt 0.635462 0.299932
vt 0.629907 0.294887
vt 0.637192 0.293912
vt 0.639031 0.297775
vt 0.644193 0.296441
vt 0.643573 0.292864
vt 0.600021 0.720994
vt 0.605395 0.720989
vt 0.597926 0.718304
vt 0.605787 0.710792
vt 0.273443 0.500202
vt 0.658043 0.315479
vt 0.647615 0.316785
vt 0.651701 0.306631
vt 0.658043 0.304343
vt 0.637141 0.283720
vt 0.642166 0.282652
vt 0.631047 0.284530
vt 0.592608 0.684625
vt 0.604070 0.685714
vt 0.261126 0.512552
vt 0.251162 0.506581
vt 0.593221 0.680028
vt 0.577124 0.680600
vt 0.609795 0.680308
vt 0.633749 0.276588
vt 0.641268 0.274169
vt 0.647616 0.273983
vt 0.647458 0.278645
vt 0.610203 0.688167
vt 0.279940 0.511731
vt 0.645572 0.266712
vt 0.315024 0.369276
vt 0.308436 0.371154
vt 0.768713 0.641515
vt 0.761222 0.638526
vt 0.804675 0.572965
vt 0.804904 0.626766
vt 0.120460 0.369448
vt 0.140169 0.375768
vt 0.306694 0.397574
vt 0.295150 0.401039
vt 0.321186 0.395510
vt 0.315893 0.397304
vt 0.133515 0.399703
vt 0.122489 0.395576
vt 0.141981 0.403698
vt 0.798973 0.682594
vt 0.790637 0.683728
vt 0.112803 0.394779
vt 0.804590 0.673462
vt 0.769098 0.686307
vt 0.761117 0.684474
vt 0.143543 0.376760
vt 0.148054 0.405719
vt 0.768945 0.713345
vt 0.760118 0.711028
vt 0.768004 0.726537
vt 0.758475 0.723876
vt 0.765436 0.743646
vt 0.757632 0.742168
vt 0.330134 0.410727
vt 0.340140 0.418152
vt 0.332760 0.418420
vt 0.324576 0.413088
vt 0.341820 0.431671
vt 0.349038 0.428655
vt 0.329444 0.430702
vt 0.322709 0.421974
vt 0.316625 0.413350
vt 0.311787 0.416363
vt 0.288587 0.405994
vt 0.294878 0.419995
vt 0.285780 0.419982
vt 0.316002 0.424813
vt 0.316333 0.433376
vt 0.294592 0.440751
vt 0.294558 0.431434
vt 0.150951 0.421776
vt 0.144118 0.420365
vt 0.799806 0.707171
vt 0.788290 0.712085
vt 0.135200 0.416074
vt 0.123850 0.412009
vt 0.799708 0.733891
vt 0.787800 0.736113
vt 0.283365 0.435173
vt 0.144776 0.432597
vt 0.135736 0.428275
vt 0.152505 0.435440
vt 0.124978 0.426035
vt 0.799046 0.750222
vt 0.787959 0.754197
vt 0.283365 0.444465
vt 0.146268 0.442390
vt 0.136967 0.437158
vt 0.151920 0.445724
vt 0.102957 0.409995
vt 0.116292 0.412080
vt 0.104373 0.415928
vt 0.115729 0.420926
vt 0.104638 0.427212
vt 0.092101 0.432908
vt 0.092263 0.426078
vt 0.090951 0.417330
vt 0.080616 0.434507
vt 0.080778 0.430425
vt 0.077526 0.426942
vt 0.765549 0.755519
vt 0.757582 0.757055
vt 0.078235 0.433704
vt 0.341792 0.438399
vt 0.330263 0.442124
vt 0.349100 0.437143
vt 0.316725 0.444127
vt 0.295469 0.448072
vt 0.284030 0.450147
vt 0.151526 0.448949
vt 0.146511 0.447115
vt 0.787683 0.759900
vt 0.798583 0.760193
vt 0.137864 0.446189
vt 0.125750 0.441275
vt 0.125049 0.433002
vt 0.116972 0.431953
vt 0.105719 0.436255
vt 0.117992 0.439664
vt 0.106680 0.444260
vt 0.092043 0.439358
vt 0.080810 0.439323
vt 0.093929 0.442911
vt 0.081852 0.440925
vt 0.765403 0.765303
vt 0.762366 0.767846
vt 0.649666 0.320471
vt 0.648432 0.332995
vt 0.642359 0.334500
vt 0.639436 0.321467
vt 0.751061 0.767074
vt 0.750832 0.759080
vt 0.632047 0.327888
vt 0.629907 0.342922
vt 0.339772 0.442938
vt 0.120333 0.446808
vt 0.112103 0.447232
vt 0.649666 0.346254
vt 0.640487 0.351540
vt 0.630593 0.369489
vt 0.637950 0.358990
vt 0.638238 0.367825
vt 0.128340 0.448905
vt 0.631608 0.384286
vt 0.642540 0.384425
vt 0.795375 0.771340
vt 0.141450 0.455677
vt 0.857724 0.375083
vt 0.358719 0.004053
vt 0.367161 0.000260
vt 0.350582 0.000000
vt 0.592583 0.275525
vt 0.599898 0.222275
vt 0.609558 0.208263
vt 0.599336 0.286210
vt 0.605475 0.287031
vt 0.614619 0.203650
vt 0.651230 0.408686
vt 0.651230 0.384425
vt 0.657344 0.385414
vt 0.653253 0.442606
vt 0.817999 0.523794
vt 0.892519 0.201114
vt 0.987468 0.839734
vt 0.962290 0.841103
vt 0.960672 0.824521
vt 0.986038 0.823506
vt 0.842584 0.859852
vt 0.819185 0.863139
vt 0.816055 0.844333
vt 0.841260 0.832084
vt 0.849433 0.890465
vt 0.821856 0.876857
vt 0.955334 0.859499
vt 0.935714 0.871119
vt 0.924603 0.857437
vt 0.941876 0.850399
vt 0.894260 0.878986
vt 0.895860 0.860677
vt 0.859677 0.869808
vt 0.869057 0.855806
vt 0.160640 0.810366
vt 0.146005 0.795424
vt 0.158934 0.786501
vt 0.167297 0.796020
vt 0.145749 0.775865
vt 0.158531 0.774035
vt 0.161455 0.750855
vt 0.165927 0.764174
vt 0.841558 0.811309
vt 0.876589 0.798772
vt 0.883520 0.814745
vt 0.859700 0.824502
vt 0.918426 0.802447
vt 0.916604 0.816776
vt 0.938041 0.808809
vt 0.932223 0.822359
vt 0.811346 0.830437
vt 0.822214 0.807001
vt 0.987377 0.869320
vt 0.970293 0.869578
vt 0.970472 0.855834
vt 0.987616 0.855226
vt 0.659700 0.673285
vt 0.655358 0.673787
vt 0.654602 0.668597
vt 0.658152 0.667738
vt 0.986172 0.881201
vt 0.968244 0.882628
vt 0.987478 0.926865
vt 0.966681 0.925684
vt 0.967734 0.917101
vt 0.987461 0.917921
vt 0.953302 0.923438
vt 0.951799 0.914662
vt 0.943685 0.926249
vt 0.932435 0.922477
vt 0.943684 0.935603
vt 0.934369 0.938649
vt 0.961743 0.944619
vt 0.953982 0.955982
vt 0.991397 0.968093
vt 0.990113 0.951178
vt 0.989263 0.938041
vt 0.966946 0.934873
vt 0.967745 0.930107
vt 0.988242 0.932790
vt 0.954722 0.933509
vt 0.953643 0.928443
vt 0.952831 0.933800
vt 0.949446 0.929612
vt 0.955641 0.934568
vt 0.949065 0.935019
vt 0.966997 0.935524
vt 0.964994 0.938748
vt 0.989278 0.938566
vt 0.989177 0.941590
vt 0.987031 0.912257
vt 0.970002 0.911695
vt 0.973632 0.900347
vt 0.985658 0.900074
vt 0.656808 0.685324
vt 0.654574 0.685280
vt 0.650071 0.669840
vt 0.649437 0.662085
vt 0.654892 0.656317
vt 0.940498 0.876470
vt 0.649437 0.688982
vt 0.650213 0.677703
vt 0.951154 0.910246
vt 0.950541 0.905038
vt 0.948161 0.892931
vt 0.901058 0.905135
vt 0.896161 0.895277
vt 0.945459 0.884606
vt 0.895076 0.887061
vt 0.915654 0.919886
vt 0.905898 0.912789
vt 0.192574 0.948342
vt 0.174766 0.933041
vt 0.186620 0.922543
vt 0.199534 0.936468
vt 0.163291 0.907959
vt 0.178058 0.899091
vt 0.993000 0.994449
vt 0.956051 0.980526
vt 0.918584 0.957257
vt 0.155003 0.892559
vt 0.173832 0.879793
vt 0.893290 0.938149
vt 0.150228 0.875985
vt 0.170597 0.865667
vt 0.187297 0.846071
vt 0.189277 0.853838
vt 0.144594 0.859555
vt 0.167024 0.850380
vt 0.183689 0.836058
vt 0.141140 0.836628
vt 0.162531 0.833857
vt 0.181218 0.827692
vt 0.859018 0.892847
vt 0.120553 0.866866
vt 0.118315 0.844364
vt 0.126992 0.881735
vt 0.161168 0.936702
vt 0.142677 0.911113
vt 0.135965 0.896879
vt 0.728843 0.720510
vt 0.725013 0.721146
vt 0.722901 0.706814
vt 0.728843 0.705348
vt 0.711480 0.719651
vt 0.708592 0.712404
vt 0.715150 0.707675
vt 0.718276 0.717798
vt 0.104199 0.870557
vt 0.099081 0.849331
vt 0.121156 0.903145
vt 0.111864 0.886192
vt 0.125366 0.916620
vt 0.725323 0.685353
vt 0.716484 0.689732
vt 0.122193 0.803763
vt 0.664553 0.393020
vt 0.657344 0.393825
vt 0.657344 0.384425
vt 0.664711 0.386087
vt 0.873417 0.353955
vt 0.873656 0.376858
vt 0.871880 0.289830
vt 0.872749 0.311935
vt 0.658215 0.424257
vt 0.663330 0.426747
vt 0.098481 0.809200
vt 0.100615 0.781918
vt 0.126894 0.775768
vt 0.968311 0.796741
vt 0.984301 0.800909
vt 0.920736 0.774472
vt 0.946315 0.783358
vt 0.862050 0.763179
vt 0.818989 0.792009
vt 0.153329 0.731343
vt 0.981823 0.748632
vt 0.960681 0.748678
vt 0.959578 0.713966
vt 0.980721 0.713920
vt 0.940941 0.749160
vt 0.939597 0.714167
vt 0.912547 0.749699
vt 0.911445 0.714987
vt 0.858858 0.752245
vt 0.857454 0.719679
vt 0.185235 0.690501
vt 0.156532 0.698061
vt 0.156746 0.655282
vt 0.187632 0.648617
vt 0.185662 0.701625
vt 0.132032 0.703093
vt 0.132246 0.660314
vt 0.099881 0.710025
vt 0.099565 0.667264
vt 0.064507 0.718052
vt 0.064191 0.675291
vt 0.030453 0.725625
vt 0.029007 0.684296
vt 0.726420 0.408411
vt 0.717297 0.415064
vt 0.718636 0.377341
vt 0.727759 0.370688
vt 0.705927 0.419294
vt 0.707699 0.382319
vt 0.693865 0.424443
vt 0.694715 0.385394
vt 0.680754 0.425607
vt 0.681879 0.386567
vt 0.115715 0.751663
vt 0.132664 0.730529
vt 0.088731 0.766499
vt 0.099987 0.740580
vt 0.684026 0.581753
vt 0.694543 0.581502
vt 0.684713 0.544905
vt 0.695432 0.535176
vt 0.683300 0.511097
vt 0.693842 0.510313
vt 0.680754 0.481108
vt 0.691296 0.480324
vt 0.109982 0.929033
vt 0.130724 0.948401
vt 0.142542 0.938204
vt 0.091918 0.883415
vt 0.083753 0.868556
vt 0.099715 0.904421
vt 0.083099 0.916641
vt 0.078620 0.894016
vt 0.708185 0.552312
vt 0.705135 0.536657
vt 0.709719 0.513706
vt 0.711392 0.538755
vt 0.074201 0.866121
vt 0.701452 0.582758
vt 0.702970 0.562117
vt 0.700790 0.527651
vt 0.706597 0.507330
vt 0.067798 0.754368
vt 0.071501 0.770607
vt 0.703528 0.468717
vt 0.713819 0.459737
vt 0.039684 0.764966
vt 0.020706 0.781649
vt 0.006771 0.732665
vt 0.058430 0.784475
vt 0.710808 0.486504
vt 0.053690 0.809143
vt 0.040193 0.811049
vt 0.063550 0.840973
vt 0.048553 0.833862
vt 0.723861 0.462005
vt 0.720980 0.498357
vt 0.715838 0.484636
vt 0.722854 0.444308
vt 0.715327 0.522178
vt 0.908130 0.686073
vt 0.934321 0.685310
vt 0.097306 0.603324
vt 0.127710 0.596858
vt 0.698082 0.324912
vt 0.710161 0.322052
vt 0.150737 0.591471
vt 0.179470 0.585271
vt 0.720337 0.317421
vt 0.728824 0.311231
vt 0.064397 0.610791
vt 0.952910 0.685123
vt 0.684719 0.325955
vt 0.868510 0.689820
vt 0.981299 0.684945
vt 0.031664 0.619169
vt 0.956792 0.655849
vt 0.985181 0.655671
vt 0.938203 0.656036
vt 0.960707 0.637784
vt 0.964611 0.628378
vt 0.993000 0.628200
vt 0.988958 0.636603
vt 0.942117 0.637972
vt 0.946022 0.628565
vt 0.578218 0.713515
vt 0.577127 0.730780
vt 0.571876 0.730667
vt 0.572967 0.713402
vt 0.581679 0.713941
vt 0.580587 0.731205
vt 0.705644 0.203973
vt 0.699760 0.236278
vt 0.693429 0.235924
vt 0.700572 0.203650
vt 0.708890 0.204256
vt 0.706994 0.238803
vt 0.698642 0.275416
vt 0.688897 0.274863
vt 0.707082 0.275904
vt 0.075778 0.551350
vt 0.108687 0.543883
vt 0.092257 0.515858
vt 0.125166 0.508390
vt 0.589775 0.717880
vt 0.591631 0.731205
vt 0.716142 0.267358
vt 0.723858 0.257256
vt 0.057565 0.560097
vt 0.714501 0.230393
vt 0.717883 0.216785
vt 0.729166 0.249119
vt 0.138652 0.509121
vt 0.131033 0.540036
vt 0.148717 0.512085
vt 0.150651 0.537537
vt 0.158703 0.535215
vt 0.173516 0.531608
vt 0.199534 0.581157
vt 0.914192 0.657387
vt 0.159527 0.519208
vt 0.914271 0.645215
vt 0.163471 0.511625
vt 0.141067 0.502023
vt 0.588159 0.710792
vt 0.589581 0.713140
vt 0.662110 0.429873
vt 0.661690 0.442410
vt 0.657344 0.443153
vt 0.657344 0.426747
vt 0.085327 0.846350
vt 0.082575 0.864270
vt 0.059620 0.847321
vt 0.067850 0.832869
vt 0.050524 0.820721
vt 0.061382 0.815538
vt 0.052387 0.798179
vt 0.063245 0.806114
vt 0.067271 0.784289
vt 0.071335 0.800911
vt 0.085405 0.790228
vt 0.089469 0.806850
vt 0.726880 0.519312
vt 0.722564 0.534715
vt 0.719041 0.535591
vt 0.724591 0.516199
vt 0.733629 0.461672
vt 0.733190 0.474427
vt 0.730901 0.471315
vt 0.731665 0.456599
vt 0.730639 0.495038
vt 0.728350 0.491926
vt 0.090951 0.863067
vt 0.598303 0.445242
vt 0.590148 0.445242
vt 0.592584 0.437634
vt 0.596336 0.437921
vt 0.594674 0.434837
vt 0.727491 0.449240
vt 0.729665 0.445378
vt 0.068232 0.778709
vt 0.662409 0.304343
vt 0.664069 0.310378
vt 0.662024 0.311175
vt 0.661137 0.305228
vt 0.035350 0.464535
vt 0.491795 0.845961
vt 0.498264 0.883564
vt 0.491089 0.886691
vt 0.203575 0.519458
vt 0.211498 0.516707
vt 0.506755 0.885624
vt 0.037353 0.492274
vt 0.650655 0.348301
vt 0.649666 0.338064
vt 0.653793 0.340118
vt 0.654134 0.350291
vt 0.663278 0.213130
vt 0.661308 0.203650
vt 0.662517 0.204537
vt 0.664244 0.213384
vt 0.665148 0.222255
vt 0.666242 0.222874
vt 0.665197 0.233576
vt 0.665923 0.232944
vt 0.733404 0.693191
vt 0.732895 0.703722
vt 0.731645 0.704549
vt 0.732154 0.694018
vt 0.662868 0.242067
vt 0.664728 0.242154
vt 0.661308 0.246154
vt 0.663244 0.247317
vt 0.654221 0.376765
vt 0.654221 0.382623
vt 0.652096 0.382959
vt 0.652426 0.377049
vt 0.733271 0.685353
vt 0.731409 0.686853
vt 0.732606 0.711412
vt 0.732691 0.718072
vt 0.731226 0.719041
vt 0.731293 0.713023
vt 0.663014 0.315866
vt 0.660719 0.316963
vt 0.664771 0.335796
vt 0.664771 0.345559
vt 0.664075 0.352786
vt 0.661872 0.359629
vt 0.658372 0.362914
vt 0.655453 0.358328
vt 0.655458 0.330887
vt 0.658821 0.322108
vt 0.662612 0.324247
vt 0.664116 0.329047
vt 0.649666 0.381563
vt 0.650283 0.377502
vt 0.658043 0.316932
vt 0.658549 0.312705
vt 0.729589 0.704020
vt 0.729836 0.694265
vt 0.651440 0.328802
vt 0.656673 0.363498
vt 0.652143 0.357764
vt 0.728843 0.687603
vt 0.729489 0.711284
vt 0.655994 0.320471
vt 0.728843 0.718282
vt 0.658043 0.308419
vt 0.606916 0.435769
vt 0.607068 0.438406
vt 0.602640 0.437806
vt 0.603126 0.434837
vt 0.717582 0.722460
vt 0.719292 0.721146
vt 0.719934 0.728100
vt 0.718005 0.729920
vt 0.657097 0.363799
vt 0.657175 0.363498
vt 0.661722 0.364342
vt 0.659546 0.368142
vt 0.607068 0.443567
vt 0.602147 0.442931
vt 0.657027 0.364553
vt 0.657027 0.372588
vt 0.714600 0.726053
vt 0.714600 0.733001
vt 0.598790 0.438658
vt 0.599286 0.435687
vt 0.658037 0.376875
vt 0.658037 0.380691
vt 0.654248 0.380581
vt 0.654221 0.376765
vt 0.658018 0.382865
vt 0.654252 0.382756
vt 0.663658 0.367835
vt 0.661479 0.371629
vt 0.598303 0.443782
vt 0.658944 0.376048
vt 0.651570 0.376765
vt 0.650330 0.372136
vt 0.656348 0.366574
vt 0.657027 0.371671
vt 0.657027 0.363498
vt 0.649666 0.369441
vt 0.652824 0.365232
s 1
f 928/736/916 929/737/917 931/738/919 930/739/918
f 930/740/918 931/741/919 933/742/921 932/743/920
f 932/744/920 933/745/921 935/746/923 934/747/922
f 934/747/922 935/746/923 937/748/925 936/749/924
f 936/749/924 937/748/925 939/750/927 938/751/926
f 940/752/928 1123/753/1111 1126/754/1114 1125/755/1113
f 1064/756/1052 1063/757/1051 1358/758/1346 1359/759/1347
f 1114/760/1102 1113/761/1101 947/762/935 954/763/942
f 973/764/961 972/765/960 946/766/934 940/767/928
f 1057/768/1045 1056/769/1044 943/770/931 944/771/932
f 952/772/940 951/773/939 934/747/922 936/749/924
f 1059/774/1047 1058/775/1046 945/776/933 1354/777/1342
f 934/747/922 951/773/939 950/778/938 932/744/920
f 951/773/939 952/772/940 959/779/947 958/780/946
f 928/736/916 930/739/918 949/781/937 948/782/936
f 940/752/928 946/783/934 1124/784/1112 1123/753/1111
f 930/740/918 932/743/920 950/785/938 949/786/937
f 1114/760/1102 953/787/941 938/788/926 1113/761/1101
f 1056/789/1044 1055/790/1043 942/791/930 943/792/931
f 948/782/936 949/781/937 956/793/944 955/794/943
f 952/772/940 953/795/941 960/796/948 959/779/947
f 949/786/937 950/785/938 957/797/945 956/798/944
f 1117/799/1105 1115/800/1103 1114/760/1102 954/763/942
f 950/778/938 951/773/939 958/780/946 957/801/945
f 958/780/946 959/779/947 965/802/953 964/803/952
f 955/794/943 956/793/944 962/804/950 961/805/949
f 959/779/947 960/796/948 966/806/954 965/802/953
f 956/798/944 957/797/945 963/807/951 962/808/950
f 1107/809/1095 1106/810/1094 967/811/955 1108/812/1096
f 957/801/945 958/780/946 964/803/952 963/813/951
f 1112/814/1100 939/815/927 973/816/961 1116/817/1104
f 939/750/927 937/748/925 972/818/960 973/819/961
f 937/748/925 935/746/923 971/820/959 972/818/960
f 931/738/919 929/737/917 968/821/956 969/822/957
f 935/746/923 933/745/921 970/823/958 971/820/959
f 933/742/921 931/741/919 969/824/957 970/825/958
f 1083/826/1071 1084/827/1072 976/828/964 975/829/963
f 1010/830/998 1012/831/1000 1072/832/1060 1071/833/1059
f 1008/834/996 1010/830/998 1071/833/1059 1070/835/1058
f 979/836/967 980/837/968 982/838/970 981/839/969
f 1005/840/993 1003/841/991 993/842/981 992/843/980
f 982/838/970 1013/844/1001 988/845/976 996/846/984
f 981/839/969 982/838/970 996/846/984 997/847/985
f 1007/848/995 1005/840/993 992/843/980 991/849/979
f 1009/850/997 1007/848/995 991/849/979 990/851/978
f 1011/852/999 1009/853/997 990/854/978 989/855/977
f 1013/856/1001 1011/852/999 989/855/977 988/857/976
f 999/858/987 981/859/969 997/860/985 995/861/983
f 1001/862/989 999/858/987 995/861/983 994/863/982
f 979/864/967 981/859/969 999/858/987 998/865/986
f 998/865/986 999/858/987 1001/862/989 1000/866/988
f 1000/867/988 1001/868/989 1003/869/991 1002/870/990
f 1002/871/990 1003/841/991 1005/840/993 1004/872/992
f 1004/872/992 1005/840/993 1007/848/995 1006/873/994
f 1006/873/994 1007/848/995 1009/850/997 1008/874/996
f 1008/834/996 1009/853/997 1011/852/999 1010/830/998
f 1010/830/998 1011/852/999 1013/856/1001 1012/831/1000
f 980/837/968 1012/875/1000 1013/844/1001 982/838/970
f 1003/869/991 1001/868/989 994/876/982 993/877/981
f 994/863/982 995/861/983 983/878/971 984/879/972
f 996/846/984 988/845/976 1689/880/1677 1688/881/1676
f 991/849/979 992/843/980 986/882/974 987/883/975
f 988/857/976 989/855/977 1687/884/1675 1689/885/1677
f 995/886/983 997/847/985 1014/887/1002 983/888/971
f 992/843/980 993/842/981 985/889/973 986/882/974
f 989/855/977 990/854/978 1686/890/1674 1687/884/1675
f 997/847/985 996/846/984 1688/881/1676 1014/887/1002
f 993/877/981 994/876/982 984/891/972 985/892/973
f 990/851/978 991/849/979 987/883/975 1686/893/1674
f 1693/894/1681 1691/895/1679 1688/881/1676 1689/880/1677
f 984/879/972 983/878/971 1015/896/1003 1016/897/1004
f 986/882/974 985/889/973 1017/898/1005 1018/899/1006
f 1692/900/1680 1690/901/1678 1687/884/1675 1686/890/1674
f 983/888/971 1014/887/1002 1024/902/1012 1015/903/1003
f 985/892/973 984/891/972 1016/904/1004 1017/905/1005
f 987/883/975 986/882/974 1018/899/1006 1019/906/1007
f 1018/907/1006 1017/908/1005 1027/909/1015 1028/910/1016
f 1024/911/1012 1023/912/1011 1033/913/1021 1034/914/1022
f 1017/915/1005 1016/916/1004 1026/917/1014 1027/918/1015
f 1019/919/1007 1018/907/1006 1028/910/1016 1029/920/1017
f 1016/921/1004 1015/922/1003 1025/923/1013 1026/924/1014
f 1022/925/1010 1021/926/1009 1031/927/1019 1032/928/1020
f 1021/926/1009 1020/929/1008 1030/930/1018 1031/927/1019
f 1015/931/1003 1024/911/1012 1034/914/1022 1025/932/1013
f 1023/912/1011 1022/933/1010 1032/934/1020 1033/913/1021
f 1020/929/1008 1019/935/1007 1029/936/1017 1030/930/1018
f 1034/914/1022 1033/913/1021 1043/937/1031 1044/938/1032
f 1027/918/1015 1026/917/1014 1036/939/1024 1037/940/1025
f 1029/920/1017 1028/910/1016 1038/941/1026 1039/942/1027
f 1026/924/1014 1025/923/1013 1035/943/1023 1036/944/1024
f 1032/928/1020 1031/927/1019 1041/945/1029 1042/946/1030
f 1031/927/1019 1030/930/1018 1040/947/1028 1041/945/1029
f 1025/932/1013 1034/914/1022 1044/938/1032 1035/948/1023
f 1033/913/1021 1032/934/1020 1042/949/1030 1043/937/1031
f 1030/930/1018 1029/936/1017 1039/950/1027 1040/947/1028
f 1028/910/1016 1027/909/1015 1037/951/1025 1038/941/1026
f 1037/940/1025 1036/939/1024 1046/952/1034 1047/953/1035
f 1039/942/1027 1038/941/1026 1048/954/1036 1049/955/1037
f 1036/944/1024 1035/943/1023 1045/956/1033 1046/957/1034
f 1042/946/1030 1041/945/1029 1051/958/1039 1052/959/1040
f 1041/945/1029 1040/947/1028 1050/960/1038 1051/958/1039
f 1035/948/1023 1044/938/1032 1054/961/1042 1045/962/1033
f 1043/937/1031 1042/949/1030 1052/963/1040 1053/964/1041
f 1040/965/1028 1039/942/1027 1049/955/1037 1050/966/1038
f 1038/941/1026 1037/951/1025 1047/967/1035 1048/954/1036
f 1044/938/1032 1043/937/1031 1053/964/1041 1054/961/1042
f 1049/955/1037 1048/954/1036 1058/775/1046 1059/774/1047
f 1046/957/1034 1045/956/1033 1055/790/1043 1056/789/1044
f 1052/963/1040 1051/968/1039 1061/969/1049 1062/970/1050
f 1051/958/1039 1050/960/1038 1060/971/1048 1061/972/1049
f 1045/962/1033 1054/961/1042 1064/756/1052 1055/973/1043
f 1053/964/1041 1052/963/1040 1062/970/1050 1063/757/1051
f 1050/966/1038 1049/955/1037 1059/774/1047 1060/974/1048
f 1048/954/1036 1047/967/1035 1057/975/1045 1058/775/1046
f 1054/961/1042 1053/964/1041 1063/757/1051 1064/756/1052
f 1047/953/1035 1046/952/1034 1056/769/1044 1057/768/1045
f 1006/873/994 1008/874/996 1070/976/1058 1069/977/1057
f 1004/872/992 1006/873/994 1069/977/1057 1068/978/1056
f 1002/871/990 1004/872/992 1068/978/1056 1067/979/1055
f 1012/875/1000 980/837/968 977/980/965 1072/981/1060
f 1000/867/988 1002/870/990 1067/982/1055 1066/983/1054
f 998/865/986 1000/866/988 1066/984/1054 1065/985/1053
f 980/837/968 979/836/967 978/986/966 977/980/965
f 979/836/967 998/987/986 1065/988/1053 978/986/966
f 1067/979/1055 1068/978/1056 1078/989/1066 1077/990/1065
f 1070/835/1058 1071/833/1059 1081/991/1069 1080/992/1068
f 1065/985/1053 1066/984/1054 1076/993/1064 1075/994/1063
f 1066/983/1054 1067/982/1055 1077/995/1065 1076/996/1064
f 1071/833/1059 1072/832/1060 1082/997/1070 1081/991/1069
f 1068/978/1056 1069/977/1057 1079/998/1067 1078/989/1066
f 977/980/965 978/986/966 1074/999/1062 1073/1000/1061
f 978/986/966 1065/988/1053 1075/1001/1063 1074/999/1062
f 1072/981/1060 977/980/965 1073/1000/1061 1082/1002/1070
f 1069/977/1057 1070/976/1058 1080/1003/1068 1079/998/1067
f 976/1004/964 1073/1000/1061 1074/999/1062 975/1005/963
f 964/803/952 965/802/953 1084/827/1072 1083/826/1071
f 976/828/964 1084/827/1072 1086/1006/1074 1085/1007/1073
f 1085/1008/1073 1086/1009/1074 1088/1010/1076 1087/1011/1075
f 1073/1000/1061 976/1004/964 1085/1012/1073 1082/1002/1070
f 1082/997/1070 1085/1013/1073 1087/1014/1075 1081/991/1069
f 1087/1011/1075 1088/1010/1076 1090/1015/1078 1089/1016/1077
f 1081/991/1069 1087/1014/1075 1089/1017/1077 1080/992/1068
f 1089/1016/1077 1090/1015/1078 1092/1018/1080 1091/1019/1079
f 1078/989/1066 1079/998/1067 1094/1020/1082 1093/1021/1081
f 1079/998/1067 1080/1003/1068 1089/1022/1077 1094/1020/1082
f 1093/1023/1081 1094/1024/1082 1096/1025/1084 1095/1026/1083
f 1091/1019/1079 1096/1027/1084 1094/1028/1082 1089/1016/1077
f 1083/826/1071 975/829/963 1097/1029/1085 1098/1030/1086
f 1098/1031/1086 1097/1032/1085 1099/1033/1087 1100/1034/1088
f 1100/1035/1088 1099/1036/1087 1101/1037/1089 1102/1038/1090
f 1075/1001/1063 1097/1039/1085 975/1005/963 1074/999/1062
f 1076/993/1064 1099/1040/1087 1097/1041/1085 1075/994/1063
f 1077/995/1065 1101/1042/1089 1099/1043/1087 1076/996/1064
f 1077/990/1065 1078/989/1066 1093/1021/1081 1101/1044/1089
f 1102/1038/1090 1101/1037/1089 1103/1045/1091 1104/1046/1092
f 1095/1026/1083 1103/1047/1091 1101/1048/1089 1093/1023/1081
f 964/803/952 1083/826/1071 1098/1030/1086 963/813/951
f 963/807/951 1098/1031/1086 1100/1034/1088 962/808/950
f 962/804/950 1100/1035/1088 1102/1038/1090 961/805/949
f 1102/1038/1090 1104/1046/1092 961/805/949
f 966/806/954 1086/1006/1074 1084/827/1072 965/802/953
f 1092/1018/1080 1090/1015/1078 1106/810/1094 1107/809/1095
f 1090/1015/1078 1088/1010/1076 1105/1049/1093 1106/810/1094
f 1088/1010/1076 1086/1009/1074 966/1050/954 1105/1049/1093
f 1105/1049/1093 966/1050/954 1109/1051/1097 1110/1052/1098
f 1105/1049/1093 1110/1052/1098 967/811/955 1106/810/1094
f 941/1053/929 1112/814/1100 1116/817/1104 974/1054/962
f 953/787/941 1114/760/1102 1115/800/1103 960/1055/948
f 1112/814/1100 941/1053/929 947/762/935 1113/761/1101
f 938/788/926 939/815/927 1112/814/1100 1113/761/1101
f 952/1056/940 936/1057/924 938/788/926 953/787/941
f 960/1055/948 1115/800/1103 1109/1051/1097 966/1050/954
f 1115/800/1103 1117/799/1105 1111/1058/1099 1109/1051/1097
f 1118/1059/1106 1110/1052/1098 1109/1051/1097 1111/1058/1099
f 967/811/955 1110/1052/1098 1118/1059/1106 1108/812/1096
f 971/820/959 970/823/958 1119/1060/1107 1120/1061/1108
f 1120/1061/1108 1119/1060/1107 1121/1062/1109 1122/1063/1110
f 940/767/928 1125/1064/1113 1116/1065/1104 973/764/961
f 974/1054/962 1116/817/1104 1128/1066/1116 1127/1067/1115
f 1125/1064/1113 1129/1068/1117 1128/1069/1116 1116/1065/1104
f 971/1070/959 1120/1071/1108 1131/1072/1119 1130/1073/1118
f 972/1074/960 971/1075/959 1130/1076/1118 946/1077/934
f 1130/1073/1118 1131/1072/1119 1133/1078/1121 1132/1079/1120
f 946/1080/934 1130/1073/1118 1132/1079/1120 1124/1081/1112
f 1133/1078/1121 1131/1072/1119 1134/1082/1122 1135/1083/1123
f 1122/1084/1110 1134/1082/1122 1131/1072/1119 1120/1071/1108
f 1152/1085/1140 1151/1086/1139 1136/1087/1124 1137/1088/1125
f 1137/1089/1125 1136/1090/1124 1138/1091/1126 1139/1092/1127
f 1139/1092/1127 1138/1091/1126 1140/1093/1128 1141/1094/1129
f 1141/1094/1129 1140/1093/1128 1142/1095/1130 1143/1096/1131
f 1143/1096/1131 1142/1095/1130 1129/1097/1117 1144/1098/1132
f 1126/754/1114 1144/1098/1132 1129/1097/1117 1125/755/1113
f 1140/1093/1128 1138/1091/1126 1145/1099/1133 1146/1100/1134
f 1146/1100/1134 1145/1099/1133 1147/1101/1135 1148/1102/1136
f 1147/1101/1135 1145/1099/1133 1554/1103/1542 1555/1104/1543
f 1136/1090/1124 1149/1105/1137 1145/1099/1133 1138/1091/1126
f 1135/1083/1123 1134/1082/1122 1151/1086/1139 1152/1085/1140
f 1153/1106/1141 1149/1107/1137 1136/1087/1124 1151/1086/1139
f 1122/1084/1110 1153/1106/1141 1151/1086/1139 1134/1082/1122
f 1123/1108/1111 1124/1081/1112 1155/1109/1143 1154/1110/1142
f 1141/1094/1129 1143/1096/1131 1163/1111/1151 1162/1112/1150
f 1139/1092/1127 1141/1094/1129 1162/1112/1150 1161/1113/1149
f 1144/1098/1132 1126/754/1114 1156/1114/1144 1164/1115/1152
f 1133/1078/1121 1135/1083/1123 1159/1116/1147 1158/1117/1146
f 1137/1089/1125 1139/1092/1127 1161/1113/1149 1160/1118/1148
f 1143/1096/1131 1144/1098/1132 1164/1115/1152 1163/1111/1151
f 1126/754/1114 1123/753/1111 1154/1119/1142 1156/1114/1144
f 1124/1081/1112 1132/1079/1120 1157/1120/1145 1155/1109/1143
f 1135/1083/1123 1152/1085/1140 1165/1121/1153 1159/1116/1147
f 1132/1079/1120 1133/1078/1121 1158/1117/1146 1157/1120/1145
f 1152/1085/1140 1137/1088/1125 1160/1122/1148 1165/1121/1153
f 1121/1123/1109 1119/1124/1107 1166/1125/1154 1167/1126/1155
f 1167/1127/1155 1166/1128/1154 1168/1129/1156 1169/1130/1157
f 968/821/956 1168/1129/1156 1166/1128/1154 969/822/957
f 969/824/957 1166/1125/1154 1119/1124/1107 970/825/958
f 1121/1123/1109 1167/1126/1155 1171/1131/1159 1170/1132/1158
f 1121/1062/1109 1170/1133/1158 1153/1134/1141 1122/1063/1110
f 1149/1107/1137 1153/1106/1141 1173/1135/1161 1172/1136/1160
f 1172/1137/1160 1173/1138/1161 1175/1139/1163 1174/1140/1162
f 1174/1141/1162 1175/1142/1163 1177/1143/1165 1176/1144/1164
f 1176/1145/1164 1177/1146/1165 1179/1147/1167 1178/1148/1166
f 1178/1148/1166 1179/1147/1167 1181/1149/1169 1180/1150/1168
f 1181/1149/1169 1179/1147/1167 1171/1151/1159 1183/1152/1171
f 1169/1130/1157 1183/1152/1171 1171/1151/1159 1167/1127/1155
f 1173/1153/1161 1153/1154/1141 1182/1155/1170 1186/1156/1174
f 1179/1157/1167 1177/1158/1165 1188/1159/1176 1189/1160/1177
f 1153/1154/1141 1170/1161/1158 1184/1162/1172 1182/1155/1170
f 1171/1163/1159 1179/1157/1167 1189/1160/1177 1185/1164/1173
f 1175/1165/1163 1173/1153/1161 1186/1156/1174 1187/1166/1175
f 1177/1167/1165 1175/1168/1163 1187/1169/1175 1188/1170/1176
f 1170/1171/1158 1171/1163/1159 1185/1164/1173 1184/1172/1172
f 1188/1170/1176 1187/1169/1175 1194/1173/1182 1195/1174/1183
f 1186/1156/1174 1182/1155/1170 1190/1175/1178 1193/1176/1181
f 1184/1172/1172 1185/1164/1173 1192/1177/1180 1191/1178/1179
f 1189/1160/1177 1188/1159/1176 1195/1179/1183 1196/1180/1184
f 1187/1166/1175 1186/1156/1174 1193/1176/1181 1194/1181/1182
f 1182/1155/1170 1184/1162/1172 1191/1182/1179 1190/1175/1178
f 1185/1164/1173 1189/1160/1177 1196/1180/1184 1192/1177/1180
f 1190/1175/1178 1191/1182/1179 1198/1183/1186 1197/1184/1185
f 1192/1177/1180 1196/1180/1184 1203/1185/1191 1199/1186/1187
f 1195/1174/1183 1194/1173/1182 1201/1187/1189 1202/1188/1190
f 1193/1176/1181 1190/1175/1178 1197/1184/1185 1200/1189/1188
f 1191/1178/1179 1192/1177/1180 1199/1186/1187 1198/1190/1186
f 1196/1180/1184 1195/1179/1183 1202/1191/1190 1203/1185/1191
f 1194/1181/1182 1193/1176/1181 1200/1189/1188 1201/1192/1189
f 1203/1185/1191 1202/1191/1190 1209/1193/1197 1210/1194/1198
f 1201/1192/1189 1200/1189/1188 1695/1195/1683 1208/1196/1196
f 1197/1184/1185 1198/1183/1186 1205/1197/1193 1694/1198/1682
f 1199/1186/1187 1203/1185/1191 1210/1194/1198 1206/1199/1194
f 1202/1188/1190 1201/1187/1189 1208/1200/1196 1209/1201/1197
f 1200/1189/1188 1197/1184/1185 1694/1198/1682 1695/1195/1683
f 1198/1190/1186 1199/1186/1187 1206/1199/1194 1205/1202/1193
f 1206/1199/1194 1210/1194/1198 1217/1203/1205 1213/1204/1201
f 1209/1201/1197 1208/1200/1196 1215/1205/1203 1216/1206/1204
f 1207/1207/1195 1204/1208/1192 1211/1209/1199 1214/1210/1202
f 1205/1202/1193 1206/1199/1194 1213/1204/1201 1212/1211/1200
f 1210/1194/1198 1209/1193/1197 1216/1212/1204 1217/1203/1205
f 1208/1196/1196 1207/1207/1195 1214/1210/1202 1215/1213/1203
f 1204/1208/1192 1205/1197/1193 1212/1214/1200 1211/1209/1199
f 1215/1213/1203 1214/1210/1202 1221/1215/1209 1222/1216/1210
f 1211/1209/1199 1212/1214/1200 1219/1217/1207 1218/1218/1206
f 1213/1204/1201 1217/1203/1205 1224/1219/1212 1220/1220/1208
f 1216/1206/1204 1215/1205/1203 1222/1221/1210 1223/1222/1211
f 1214/1210/1202 1211/1209/1199 1218/1218/1206 1221/1215/1209
f 1212/1211/1200 1213/1204/1201 1220/1220/1208 1219/1223/1207
f 1217/1203/1205 1216/1212/1204 1223/1224/1211 1224/1219/1212
f 1219/1223/1207 1220/1220/1208 1227/1225/1215 1226/1226/1214
f 1224/1219/1212 1223/1224/1211 1230/1227/1218 1231/1228/1219
f 1222/1216/1210 1221/1215/1209 1228/1229/1216 1229/1230/1217
f 1218/1218/1206 1219/1217/1207 1226/1231/1214 1225/1232/1213
f 1220/1220/1208 1224/1219/1212 1231/1228/1219 1227/1225/1215
f 1223/1222/1211 1222/1221/1210 1229/1233/1217 1230/1234/1218
f 1221/1215/1209 1218/1218/1206 1225/1232/1213 1228/1229/1216
f 1174/1141/1162 1176/1144/1164 1233/1235/1221 1232/1236/1220
f 1172/1137/1160 1174/1140/1162 1558/1237/1546 1553/1238/1541
f 1232/1239/1220 1233/1240/1221 1237/1241/1225 1236/1242/1224
f 1232/1239/1220 1236/1242/1224 1557/1243/1545 1556/1244/1544
f 1232/1245/1220 1556/1246/1544 1558/1237/1546 1174/1140/1162
f 1237/1247/1225 1233/1248/1221 1240/1249/1228 1241/1250/1229
f 1241/1250/1229 1240/1249/1228 1242/1251/1230 1243/1252/1231
f 1227/1253/1215 1231/1254/1219 1250/1255/1238 1246/1256/1234
f 1230/1257/1218 1229/1258/1217 1248/1259/1236 1249/1260/1237
f 1228/1261/1216 1225/1262/1213 1244/1263/1232 1247/1264/1235
f 1226/1265/1214 1227/1266/1215 1246/1267/1234 1245/1268/1233
f 1231/1269/1219 1230/1270/1218 1249/1271/1237 1250/1272/1238
f 1229/1273/1217 1228/1274/1216 1247/1275/1235 1248/1276/1236
f 1225/1262/1213 1226/1277/1214 1245/1278/1233 1244/1263/1232
f 1246/1267/1234 1250/1279/1238 1257/1280/1245 1253/1281/1241
f 1249/1260/1237 1352/1282/1340 1256/1283/1244
f 1247/1264/1235 1244/1263/1232 1251/1284/1239 1254/1285/1242
f 1245/1268/1233 1246/1267/1234 1253/1281/1241 1252/1286/1240
f 1250/1272/1238 1249/1271/1237 1256/1287/1244 1257/1288/1245
f 1248/1276/1236 1247/1275/1235 1353/1289/1341 1255/1290/1243
f 1252/1286/1240 1343/1291/1331 1245/1268/1233
f 1254/1285/1242 1251/1284/1239 1258/1292/1246 1259/1293/1247
f 1259/1293/1247 1258/1292/1246 1260/1294/1248 1261/1295/1249
f 1261/1295/1249 1260/1294/1248 1262/1296/1250 1263/1297/1251
f 1263/1298/1251 1262/1299/1250 1264/1300/1252 1265/1301/1253
f 1265/1302/1253 1264/1303/1252 1266/1304/1254 1267/1305/1255
f 1267/1305/1255 1266/1304/1254 1268/1306/1256 1269/1307/1257
f 1269/1307/1257 1268/1306/1256 1270/1308/1258 1271/1309/1259
f 1271/1310/1259 1270/1311/1258 1272/1312/1260 1273/1313/1261
f 1273/1314/1261 1272/1315/1260 1274/1316/1262 1275/1317/1263
f 1275/1317/1263 1274/1316/1262 1276/1318/1264 1277/1319/1265
f 1277/1319/1265 1276/1318/1264 1278/1320/1266 1279/1321/1267
f 1279/1321/1267 1278/1320/1266 1280/1322/1268 1281/1323/1269
f 1281/1324/1269 1280/1325/1268 1282/1326/1270 1283/1327/1271
f 1283/1328/1271 1282/1329/1270 1284/1330/1272 1285/1331/1273
f 1285/1331/1273 1284/1330/1272 1286/1332/1274 1287/1333/1275
f 1287/1333/1275 1286/1332/1274 1288/1334/1276 1289/1335/1277
f 1289/1336/1277 1288/1337/1276 1290/1338/1278 1291/1339/1279
f 1291/1339/1279 1290/1338/1278 1292/1340/1280 1293/1341/1281
f 1293/1341/1281 1292/1340/1280 1294/1342/1282 1295/1343/1283
f 1295/1344/1283 1294/1345/1282 1296/1346/1284 1297/1347/1285
f 1297/1348/1285 1296/1349/1284 1298/1350/1286 1299/1351/1287
f 1299/1351/1287 1298/1350/1286 1300/1352/1288 1301/1353/1289
f 1301/1353/1289 1300/1352/1288 1302/1354/1290 1303/1355/1291
f 1303/1356/1291 1302/1357/1290 1304/1358/1292 1305/1359/1293
f 1305/1359/1293 1304/1358/1292 1306/1360/1294 1307/1361/1295
f 1307/1361/1295 1306/1360/1294 1308/1362/1296 1309/1363/1297
f 1309/1364/1297 1308/1365/1296 1310/1366/1298 1311/1367/1299
f 1311/1368/1299 1310/1369/1298 1312/1370/1300 1313/1371/1301
f 1313/1371/1301 1312/1370/1300 1314/1372/1302 1315/1373/1303
f 1315/1373/1303 1314/1372/1302 1316/1374/1304 1317/1375/1305
f 1317/1376/1305 1316/1377/1304 1318/1378/1306 1319/1379/1307
f 1319/1379/1307 1318/1378/1306 1320/1380/1308 1321/1381/1309
f 1321/1381/1309 1320/1380/1308 1322/1382/1310 1323/1383/1311
f 1323/1384/1311 1322/1385/1310 1324/1386/1312 1325/1387/1313
f 1325/1387/1313 1324/1386/1312 1326/1388/1314 1327/1389/1315
f 1327/1389/1315 1326/1388/1314 1328/1390/1316 1329/1391/1317
f 1329/1391/1317 1328/1390/1316 1330/1392/1318 1331/1393/1319
f 1331/1393/1319 1330/1392/1318 1332/1394/1320 1333/1395/1321
f 1257/1396/1245 1333/1395/1321 1332/1394/1320 1253/1397/1241
f 1278/1398/1266 1284/1399/1272 1282/1400/1270 1280/1401/1268
f 1276/1318/1264 1286/1402/1274 1284/1403/1272 1278/1320/1266
f 1292/1404/1280 1298/1405/1286 1296/1406/1284 1294/1407/1282
f 1290/1408/1278 1300/1409/1288 1298/1405/1286 1292/1404/1280
f 1288/1410/1276 1302/1411/1290 1300/1409/1288 1290/1408/1278
f 1274/1316/1262 1288/1412/1276 1286/1402/1274 1276/1318/1264
f 1306/1413/1294 1312/1414/1300 1310/1415/1298 1308/1416/1296
f 1304/1417/1292 1314/1418/1302 1312/1414/1300 1306/1413/1294
f 1302/1411/1290 1316/1419/1304 1314/1418/1302 1304/1417/1292
f 1316/1377/1304 1330/1420/1318 1328/1421/1316 1318/1378/1306
f 1318/1422/1306 1328/1423/1316 1326/1424/1314 1320/1425/1308
f 1320/1425/1308 1326/1424/1314 1324/1426/1312 1322/1427/1310
f 1263/1428/1251 1265/1429/1253 1267/1430/1255 1261/1431/1249
f 1260/1432/1248 1266/1433/1254 1264/1434/1252 1262/1435/1250
f 1258/1436/1246 1268/1437/1256 1266/1433/1254 1260/1432/1248
f 1251/1438/1239 1270/1439/1258 1268/1437/1256 1258/1436/1246
f 1335/1440/1323 1336/1441/1324 1251/1442/1239 1244/1443/1232
f 1272/1444/1260 1270/1439/1258 1251/1438/1239 1336/1445/1324
f 1337/1446/1325 1288/1410/1276 1274/1447/1262 1272/1444/1260
f 1316/1419/1304 1302/1411/1290 1338/1448/1326 1339/1449/1327
f 1302/1411/1290 1288/1410/1276 1337/1446/1325 1338/1448/1326
f 1316/1419/1304 1339/1449/1327 1332/1450/1320 1330/1451/1318
f 1340/1452/1328 1253/1453/1241 1332/1450/1320 1339/1449/1327
f 1272/1444/1260 1336/1445/1324 1342/1454/1330 1337/1446/1325
f 1337/1446/1325 1342/1454/1330 1341/1455/1329 1338/1448/1326
f 1338/1448/1326 1341/1455/1329 1340/1452/1328 1339/1449/1327
f 1336/1445/1324 1335/1456/1323 1342/1454/1330
f 1245/1268/1233 1343/1291/1331 1335/1440/1323 1244/1443/1232
f 1341/1455/1329 1342/1454/1330 1335/1456/1323 1343/1457/1331
f 1343/1457/1331 1252/1458/1240 1340/1452/1328 1341/1455/1329
f 1252/1458/1240 1253/1453/1241 1340/1452/1328
f 1261/1431/1249 1267/1430/1255 1269/1459/1257 1259/1460/1247
f 1259/1460/1247 1269/1459/1257 1271/1461/1259 1254/1462/1242
f 1255/1290/1243 1353/1289/1341 1273/1463/1261 1348/1464/1336
f 1281/1465/1269 1283/1466/1271 1285/1467/1273 1279/1468/1267
f 1295/1469/1283 1297/1470/1285 1299/1471/1287 1293/1472/1281
f 1309/1473/1297 1311/1474/1299 1313/1475/1301 1307/1476/1295
f 1323/1477/1311 1325/1478/1313 1327/1479/1315 1321/1480/1309
f 1321/1480/1309 1327/1479/1315 1329/1481/1317 1319/1482/1307
f 1319/1482/1307 1329/1481/1317 1331/1483/1319 1317/1484/1305
f 1307/1476/1295 1313/1475/1301 1315/1485/1303 1305/1486/1293
f 1305/1486/1293 1315/1485/1303 1317/1487/1305 1303/1488/1291
f 1293/1472/1281 1299/1471/1287 1301/1489/1289 1291/1490/1279
f 1291/1490/1279 1301/1489/1289 1303/1488/1291 1289/1491/1277
f 1279/1468/1267 1285/1467/1273 1287/1492/1275 1277/1493/1265
f 1277/1493/1265 1287/1492/1275 1289/1494/1277 1275/1495/1263
f 1353/1289/1341 1247/1275/1235 1254/1496/1242
f 1275/1497/1263 1289/1498/1277 1344/1499/1332 1334/1500/1322
f 1289/1491/1277 1303/1488/1291 1345/1501/1333 1344/1502/1332
f 1303/1488/1291 1317/1487/1305 1346/1503/1334 1345/1501/1333
f 1317/1484/1305 1331/1483/1319 1347/1504/1335 1346/1505/1334
f 1273/1463/1261 1275/1506/1263 1334/1507/1322 1348/1464/1336
f 1349/1508/1337 1347/1504/1335 1331/1483/1319 1333/1509/1321
f 1350/1510/1338 1346/1505/1334 1347/1504/1335 1349/1508/1337
f 1344/1502/1332 1345/1501/1333 1350/1511/1338 1351/1512/1339
f 1344/1502/1332 1351/1512/1339 1348/1513/1336 1334/1514/1322
f 1346/1505/1334 1350/1510/1338 1345/1515/1333
f 1256/1287/1244 1349/1508/1337 1333/1509/1321 1257/1288/1245
f 1349/1508/1337 1256/1287/1244 1350/1510/1338
f 1273/1463/1261 1353/1289/1341 1254/1496/1242 1271/1516/1259
f 1256/1283/1244 1352/1282/1340 1351/1512/1339 1350/1511/1338
f 1352/1282/1340 1249/1260/1237 1248/1259/1236 1255/1517/1243
f 1351/1512/1339 1352/1282/1340 1255/1517/1243 1348/1513/1336
f 1062/970/1050 1061/969/1049 1356/1518/1344 1357/1519/1345
f 1061/972/1049 1060/971/1048 1355/1520/1343 1356/1521/1344
f 1055/790/1043 1064/1522/1052 1359/1523/1347 942/791/930
f 1063/757/1051 1062/970/1050 1357/1519/1345 1358/758/1346
f 1060/974/1048 1059/774/1047 1354/777/1342 1355/1524/1343
f 1058/775/1046 1057/975/1045 944/1525/932 945/776/933
f 1359/759/1347 1358/758/1346 1368/1526/1356 1369/1527/1357
f 1357/1519/1345 1356/1518/1344 1366/1528/1354 1367/1529/1355
f 1354/777/1342 945/776/933 1363/1530/1351 1364/1531/1352
f 945/776/933 944/1525/932 1362/1532/1350 1363/1530/1351
f 943/792/931 942/791/930 1360/1533/1348 1361/1534/1349
f 1355/1524/1343 1354/777/1342 1364/1531/1352 1365/1535/1353
f 942/791/930 1359/1523/1347 1369/1536/1357 1360/1533/1348
f 1356/1521/1344 1355/1520/1343 1365/1537/1353 1366/1538/1354
f 944/1525/932 943/1539/931 1361/1540/1349 1362/1532/1350
f 1358/758/1346 1357/1519/1345 1367/1529/1355 1368/1526/1356
f 1366/1538/1354 1365/1537/1353 1370/1541/1358 1371/1542/1359
f 1371/1542/1359 1370/1541/1358 1372/1543/1360 1373/1544/1361
f 1373/1544/1361 1372/1543/1360 1374/1545/1362 1375/1546/1363
f 1371/1547/1359 1373/1548/1361 1377/1549/1365 1376/1550/1364
f 1366/1528/1354 1371/1547/1359 1376/1550/1364 1367/1529/1355
f 1378/1551/1366 1377/1549/1365 1373/1548/1361 1375/1552/1363
f 1377/1549/1365 1378/1551/1366 1386/1553/1374 1384/1554/1372
f 1376/1550/1364 1377/1549/1365 1384/1554/1372 1385/1555/1373
f 1368/1526/1356 1367/1529/1355 1385/1555/1373 1381/1556/1369
f 1360/1557/1348 1369/1527/1357 1383/1558/1371 1382/1559/1370
f 1369/1527/1357 1368/1526/1356 1381/1556/1369 1383/1558/1371
f 1379/1560/1367 1380/1561/1368 1388/1562/1376 1387/1563/1375
f 1385/1555/1373 1367/1529/1355 1376/1550/1364
f 1384/1554/1372 1386/1553/1374 1380/1561/1368 1379/1560/1367
f 1385/1555/1373 1384/1554/1372 1379/1560/1367 1381/1556/1369
f 1379/1560/1367 1387/1563/1375 1383/1558/1371 1381/1556/1369
f 1362/1532/1350 1361/1540/1349 1389/1564/1377 1390/1565/1378
f 1361/1534/1349 1360/1533/1348 1382/1566/1370 1389/1567/1377
f 1364/1531/1352 1363/1530/1351 1391/1568/1379 1392/1569/1380
f 1363/1530/1351 1362/1532/1350 1390/1565/1378 1391/1568/1379
f 1389/1567/1377 1382/1566/1370 1393/1570/1381 1394/1571/1382
f 1382/1559/1370 1383/1558/1371 1387/1563/1375 1393/1572/1381
f 1391/1568/1379 1390/1565/1378 1395/1573/1383 1396/1574/1384
f 1390/1565/1378 1389/1564/1377 1394/1575/1382 1395/1573/1383
f 1392/1569/1380 1391/1568/1379 1396/1574/1384 1397/1576/1385
f 1394/1571/1382 1393/1570/1381 1398/1577/1386 1415/1578/1403
f 1388/1562/1376 1398/1579/1386 1393/1572/1381 1387/1563/1375
f 1396/1574/1384 1395/1573/1383 1414/1580/1402 1399/1581/1387
f 1395/1573/1383 1394/1575/1382 1415/1582/1403 1414/1580/1402
f 1370/1583/1358 1365/1535/1353 1400/1584/1388 1401/1585/1389
f 1365/1535/1353 1364/1531/1352 1392/1569/1380 1400/1584/1388
f 1401/1585/1389 1400/1584/1388 1402/1586/1390 1403/1587/1391
f 1397/1576/1385 1402/1586/1390 1400/1584/1388 1392/1569/1380
f 1401/1585/1389 1403/1587/1391 1405/1588/1393 1404/1589/1392
f 1370/1583/1358 1401/1585/1389 1404/1589/1392 1372/1590/1360
f 1404/1589/1392 1405/1588/1393 1407/1591/1395 1406/1592/1394
f 1372/1590/1360 1404/1589/1392 1406/1592/1394 1374/1593/1362
f 1375/1546/1363 1374/1545/1362 1408/1594/1396 1409/1595/1397
f 1407/1591/1395 1408/1596/1396 1374/1593/1362 1406/1592/1394
f 1386/1553/1374 1378/1551/1366 1410/1597/1398 1411/1598/1399
f 1378/1551/1366 1375/1552/1363 1409/1599/1397 1410/1597/1398
f 1388/1562/1376 1380/1561/1368 1412/1600/1400 1413/1601/1401
f 1380/1561/1368 1386/1553/1374 1411/1598/1399 1412/1600/1400
f 1417/1602/1405 1398/1579/1386 1388/1562/1376 1413/1601/1401
f 1416/1603/1404 1419/1604/1407 1414/1580/1402 1415/1582/1403
f 1416/1605/1404 1415/1578/1403 1398/1577/1386 1417/1606/1405
f 1418/1607/1406 1399/1581/1387 1414/1580/1402 1419/1604/1407
f 1418/1607/1406 1421/1608/1409 1420/1609/1408 1399/1581/1387
f 1403/1587/1391 1402/1586/1390 1422/1610/1410 1423/1611/1411
f 1396/1574/1384 1399/1581/1387 1420/1609/1408 1397/1576/1385
f 1397/1576/1385 1420/1609/1408 1422/1610/1410 1402/1586/1390
f 1423/1611/1411 1422/1610/1410 1424/1612/1412 1425/1613/1413
f 1421/1608/1409 1424/1612/1412 1422/1610/1410 1420/1609/1408
f 1407/1591/1395 1405/1588/1393 1426/1614/1414 1427/1615/1415
f 1405/1588/1393 1403/1587/1391 1423/1611/1411 1426/1614/1414
f 1427/1615/1415 1426/1614/1414 1428/1616/1416 1429/1617/1417
f 1425/1613/1413 1428/1616/1416 1426/1614/1414 1423/1611/1411
f 1407/1591/1395 1427/1615/1415 1408/1596/1396
f 1408/1594/1396 1427/1618/1415 1429/1619/1417 1409/1595/1397
f 1429/1620/1417 1428/1621/1416 1430/1622/1418 1431/1623/1419
f 1409/1595/1397 1429/1619/1417 1431/1624/1419 1410/1625/1398
f 1411/1626/1399 1431/1623/1419 1430/1622/1418 1412/1627/1400
f 1411/1598/1399 1410/1597/1398 1431/1628/1419
f 1433/1629/1421 1432/1630/1420 1425/1613/1413 1424/1612/1412
f 1425/1631/1413 1432/1632/1420 1430/1622/1418 1428/1621/1416
f 1430/1622/1418 1432/1632/1420 1412/1627/1400
f 1413/1633/1401 1412/1627/1400 1432/1632/1420 1433/1634/1421
f 1434/1635/1422 1413/1633/1401 1433/1634/1421
f 1421/1608/1409 1434/1636/1422 1433/1629/1421 1424/1612/1412
f 1417/1637/1405 1413/1633/1401 1434/1635/1422 1435/1638/1423
f 1417/1606/1405 1435/1639/1423 1416/1605/1404
f 1419/1604/1407 1416/1603/1404 1435/1640/1423
f 1419/1604/1407 1435/1640/1423 1418/1607/1406
f 1418/1607/1406 1435/1640/1423 1434/1636/1422 1421/1608/1409
f 1149/1105/1137 1172/1137/1160 1553/1238/1541 1552/1641/1540
f 1178/1148/1166 1240/1642/1228 1233/1643/1221 1176/1145/1164
f 1180/1150/1168 1242/1644/1230 1240/1642/1228 1178/1148/1166
f 1142/1645/1130 1140/1646/1128 1146/1647/1134 1436/1648/1424
f 1437/1649/1425 1436/1648/1424 1146/1647/1134 1148/1650/1136
f 1128/1651/1116 1436/1652/1424 1437/1653/1425 1127/1654/1115
f 1129/1068/1117 1142/1645/1130 1436/1648/1424 1128/1069/1116
f 1160/1118/1148 1161/1113/1149 1438/1655/1426
f 1155/1109/1143 1157/1120/1145 1438/1656/1426
f 1164/1115/1152 1156/1114/1144 1438/1655/1426
f 1154/1110/1142 1155/1109/1143 1438/1656/1426
f 1161/1113/1149 1162/1112/1150 1438/1655/1426
f 1158/1117/1146 1159/1116/1147 1438/1656/1426
f 1165/1121/1153 1160/1122/1148 1438/1656/1426
f 1156/1114/1144 1154/1119/1142 1438/1655/1426
f 1162/1112/1150 1163/1111/1151 1438/1655/1426
f 1159/1116/1147 1165/1121/1153 1438/1656/1426
f 1157/1120/1145 1158/1117/1146 1438/1656/1426
f 1163/1111/1151 1164/1115/1152 1438/1655/1426
f 1457/1657/1445 1463/1658/1451 1464/1659/1452 1458/1660/1446
f 1463/1661/1451 1466/1662/1454 1467/1663/1455 1464/1664/1452
f 1463/1661/1451 1469/1665/1457 1470/1666/1458 1466/1662/1454
f 1469/1667/1457 1471/1668/1459 1472/1669/1460 1470/1670/1458
f 1471/1668/1459 1473/1671/1461 1474/1672/1462 1472/1669/1460
f 1473/1671/1461 1475/1673/1463 1476/1674/1464 1474/1672/1462
f 1475/1675/1463 1477/1676/1465 1478/1677/1466 1476/1678/1464
f 1477/1676/1465 1479/1679/1467 1480/1680/1468 1478/1677/1466
f 1479/1679/1467 1481/1681/1469 1482/1682/1470 1480/1680/1468
f 1481/1683/1469 1483/1684/1471 1484/1685/1472 1482/1686/1470
f 1483/1684/1471 1485/1687/1473 1486/1688/1474 1484/1685/1472
f 1485/1687/1473 1487/1689/1475 1488/1690/1476 1486/1688/1474
f 1464/1664/1452 1467/1663/1455 1488/1691/1476 1487/1692/1475
f 1455/1693/1443 1489/1694/1477 1490/1695/1478 1456/1696/1444
f 1456/1696/1444 1490/1695/1478 1463/1658/1451 1457/1657/1445
f 1463/1658/1451 1490/1695/1478 1489/1694/1477 1469/1667/1457
f 1453/1697/1441 1491/1698/1479 1492/1699/1480 1454/1700/1442
f 1454/1701/1442 1492/1702/1480 1489/1694/1477 1455/1693/1443
f 1449/1703/1437 1493/1704/1481 1494/1705/1482 1450/1706/1438
f 1493/1704/1481 1495/1707/1483 1496/1708/1484 1494/1705/1482
f 1495/1707/1483 1497/1709/1485 1498/1710/1486 1496/1708/1484
f 1497/1709/1485 1499/1711/1487 1500/1712/1488 1498/1710/1486
f 1499/1711/1487 1502/1713/1490 1501/1714/1489 1500/1712/1488
f 1444/1715/1432 1501/1714/1489 1502/1713/1490 1445/1716/1433
f 1447/1717/1435 1503/1718/1491 1504/1719/1492 1448/1720/1436
f 1503/1718/1491 1505/1721/1493 1506/1722/1494 1504/1719/1492
f 1505/1721/1493 1507/1723/1495 1508/1724/1496 1506/1722/1494
f 1507/1723/1495 1509/1725/1497 1510/1726/1498 1508/1724/1496
f 1509/1725/1497 1511/1727/1499 1512/1728/1500 1510/1726/1498
f 1513/1729/1501 1446/1730/1434 1512/1728/1500 1511/1727/1499
f 1446/1730/1434 1445/1716/1433 1502/1713/1490 1512/1728/1500
f 1512/1728/1500 1502/1713/1490 1499/1711/1487 1510/1726/1498
f 1499/1711/1487 1497/1709/1485 1508/1724/1496 1510/1726/1498
f 1497/1709/1485 1495/1707/1483 1506/1722/1494 1508/1724/1496
f 1495/1707/1483 1493/1704/1481 1504/1719/1492 1506/1722/1494
f 1448/1720/1436 1504/1719/1492 1493/1704/1481 1449/1703/1437
f 1451/1731/1439 1514/1732/1502 1515/1733/1503 1452/1734/1440
f 1452/1735/1440 1515/1736/1503 1491/1698/1479 1453/1697/1441
f 1451/1731/1439 1450/1706/1438 1494/1705/1482 1514/1732/1502
f 1492/1699/1480 1517/1737/1505 1516/1738/1504 1489/1739/1477
f 1471/1668/1459 1469/1667/1457 1489/1694/1477 1516/1740/1504
f 1515/1736/1503 1519/1741/1507 1518/1742/1506 1491/1698/1479
f 1491/1698/1479 1518/1742/1506 1517/1737/1505 1492/1699/1480
f 1520/1743/1508 1519/1744/1507 1515/1733/1503 1514/1732/1502
f 1496/1708/1484 1520/1743/1508 1514/1732/1502 1494/1705/1482
f 1518/1745/1506 1522/1746/1510 1521/1747/1509 1517/1748/1505
f 1523/1749/1511 1473/1671/1461 1471/1668/1459 1516/1740/1504
f 1516/1740/1504 1517/1748/1505 1521/1747/1509 1523/1749/1511
f 1520/1743/1508 1525/1750/1513 1524/1751/1512 1519/1744/1507
f 1519/1744/1507 1524/1751/1512 1522/1746/1510 1518/1745/1506
f 1496/1708/1484 1498/1710/1486 1525/1750/1513 1520/1743/1508
f 1442/1752/1430 1526/1753/1514 1527/1754/1515 1443/1755/1431
f 1526/1753/1514 1528/1756/1516 1529/1757/1517 1527/1754/1515
f 1443/1758/1431 1527/1759/1515 1501/1714/1489 1444/1715/1432
f 1527/1759/1515 1529/1760/1517 1500/1712/1488 1501/1714/1489
f 1500/1712/1488 1529/1760/1517 1525/1750/1513 1498/1710/1486
f 1528/1756/1516 1530/1761/1518 1531/1762/1519 1529/1757/1517
f 1524/1751/1512 1525/1750/1513 1529/1760/1517 1531/1763/1519
f 1530/1761/1518 1532/1764/1520 1533/1765/1521 1531/1762/1519
f 1522/1766/1510 1524/1767/1512 1531/1762/1519 1533/1765/1521
f 1532/1764/1520 1534/1768/1522 1535/1769/1523 1533/1765/1521
f 1521/1770/1509 1522/1766/1510 1533/1765/1521 1535/1769/1523
f 1534/1768/1522 1536/1771/1524 1537/1772/1525 1535/1769/1523
f 1523/1773/1511 1521/1770/1509 1535/1769/1523 1537/1772/1525
f 1475/1673/1463 1473/1671/1461 1523/1749/1511 1537/1774/1525
f 1475/1675/1463 1537/1772/1525 1536/1771/1524 1477/1676/1465
f 1534/1768/1522 1542/1775/1530 1543/1776/1531 1536/1771/1524
f 1532/1764/1520 1541/1777/1529 1542/1775/1530 1534/1768/1522
f 1526/1753/1514 1538/1778/1526 1539/1779/1527 1528/1756/1516
f 1530/1761/1518 1540/1780/1528 1541/1777/1529 1532/1764/1520
f 1528/1756/1516 1539/1779/1527 1540/1780/1528 1530/1761/1518
f 1442/1781/1430 1441/1782/1429 1538/1783/1526 1526/1784/1514
f 1439/1785/1427 1544/1786/1532 1545/1787/1533 1440/1788/1428
f 1440/1788/1428 1545/1787/1533 1538/1783/1526 1441/1782/1429
f 1542/1775/1530 1549/1789/1537 1550/1790/1538 1543/1776/1531
f 1540/1780/1528 1547/1791/1535 1548/1792/1536 1541/1777/1529
f 1541/1777/1529 1548/1792/1536 1549/1789/1537 1542/1775/1530
f 1539/1779/1527 1546/1793/1534 1547/1791/1535 1540/1780/1528
f 1539/1794/1527 1538/1783/1526 1545/1787/1533 1546/1795/1534
f 1551/1796/1539 1477/1676/1465 1536/1771/1524 1543/1776/1531
f 1239/1797/1227 1557/1798/1545 1544/1799/1532 1439/1800/1427
f 1552/1641/1540 1553/1238/1541 1234/1801/1222 1150/1802/1138
f 1552/1641/1540 1554/1103/1542 1145/1099/1133 1149/1105/1137
f 1555/1104/1543 1554/1103/1542 1552/1641/1540 1150/1802/1138
f 1558/1237/1546 1556/1246/1544 1238/1803/1226 1235/1804/1223
f 1556/1805/1544 1557/1798/1545 1239/1797/1227 1238/1806/1226
f 1553/1238/1541 1558/1237/1546 1235/1804/1223 1234/1801/1222
f 1550/1790/1538 1559/1807/1547 1551/1796/1539 1543/1776/1531
f 1559/1807/1547 1561/1808/1549 1560/1809/1548 1551/1796/1539
f 1479/1679/1467 1477/1676/1465 1551/1796/1539 1560/1809/1548
f 1458/1660/1446 1464/1659/1452 1562/1810/1550 1567/1811/1555
f 1485/1687/1473 1565/1812/1553 1566/1813/1554 1487/1689/1475
f 1483/1684/1471 1564/1814/1552 1565/1812/1553 1485/1687/1473
f 1481/1683/1469 1563/1815/1551 1564/1814/1552 1483/1684/1471
f 1487/1689/1475 1566/1813/1554 1562/1810/1550 1464/1659/1452
f 1481/1681/1469 1479/1679/1467 1560/1809/1548 1563/1816/1551
f 1460/1817/1448 1567/1811/1555 1562/1810/1550 1569/1818/1557
f 1460/1817/1448 1569/1818/1557 1570/1819/1558 1461/1820/1449
f 1569/1818/1557 1468/1821/1456 1465/1822/1453 1570/1819/1558
f 1468/1821/1456 1459/1823/1447 1568/1824/1556 1465/1822/1453
f 1468/1821/1456 1569/1818/1557 1562/1810/1550 1566/1813/1554
f 1566/1813/1554 1565/1812/1553 1459/1823/1447 1468/1821/1456
f 1459/1823/1447 1571/1825/1559 1572/1826/1560 1568/1824/1556
f 1565/1812/1553 1564/1814/1552 1571/1825/1559 1459/1823/1447
f 1571/1827/1559 1573/1828/1561 1574/1829/1562 1572/1830/1560
f 1564/1831/1552 1563/1816/1551 1573/1828/1561 1571/1827/1559
f 1573/1828/1561 1462/1832/1450 1575/1833/1563 1574/1829/1562
f 1462/1832/1450 1576/1834/1564 1577/1835/1565 1575/1833/1563
f 1576/1834/1564 1578/1836/1566 1579/1837/1567 1577/1835/1565
f 1578/1836/1566 1580/1838/1568 1581/1839/1569 1579/1837/1567
f 1580/1840/1568 1582/1841/1570 1583/1842/1571 1581/1843/1569
f 1582/1841/1570 1584/1844/1572 1585/1845/1573 1583/1842/1571
f 1584/1844/1572 1586/1846/1574 1587/1847/1575 1585/1845/1573
f 1586/1846/1574 1588/1848/1576 1589/1849/1577 1587/1847/1575
f 1560/1809/1548 1590/1850/1578 1591/1851/1579 1563/1816/1551
f 1563/1816/1551 1591/1851/1579 1462/1832/1450 1573/1828/1561
f 1590/1850/1578 1592/1852/1580 1593/1853/1581 1591/1851/1579
f 1576/1834/1564 1462/1832/1450 1591/1851/1579 1593/1853/1581
f 1560/1809/1548 1561/1808/1549 1592/1852/1580 1590/1850/1578
f 1241/1250/1229 1243/1252/1231 1595/1854/1583 1594/1855/1582
f 1594/1855/1582 1595/1854/1583 1597/1856/1585 1596/1857/1584
f 1596/1857/1584 1597/1856/1585 1599/1858/1587 1598/1859/1586
f 1598/1859/1586 1599/1858/1587 1601/1860/1589 1600/1861/1588
f 1586/1846/1574 1600/1861/1588 1601/1860/1589 1588/1848/1576
f 1602/1862/1590 1544/1863/1532 1557/1243/1545 1236/1242/1224
f 1544/1863/1532 1602/1862/1590 1546/1793/1534 1545/1864/1533
f 1548/1792/1536 1604/1865/1592 1605/1866/1593 1549/1789/1537
f 1547/1791/1535 1603/1867/1591 1604/1865/1592 1548/1792/1536
f 1547/1791/1535 1546/1793/1534 1602/1862/1590 1603/1867/1591
f 1602/1862/1590 1606/1868/1594 1607/1869/1595 1603/1867/1591
f 1604/1870/1592 1608/1871/1596 1609/1872/1597 1605/1873/1593
f 1603/1867/1591 1607/1869/1595 1608/1874/1596 1604/1865/1592
f 1236/1242/1224 1237/1241/1225 1606/1868/1594 1602/1862/1590
f 1237/1247/1225 1241/1250/1229 1594/1855/1582 1606/1875/1594
f 1596/1857/1584 1607/1876/1595 1606/1875/1594 1594/1855/1582
f 1608/1871/1596 1610/1877/1598 1611/1878/1599 1609/1872/1597
f 1608/1871/1596 1607/1876/1595 1596/1857/1584 1610/1877/1598
f 1596/1857/1584 1598/1859/1586 1611/1878/1599 1610/1877/1598
f 1612/1879/1600 1578/1836/1566 1576/1834/1564 1593/1853/1581
f 1613/1880/1601 1612/1879/1600 1593/1853/1581 1592/1852/1580
f 1584/1844/1572 1614/1881/1602 1600/1861/1588 1586/1846/1574
f 1582/1841/1570 1615/1882/1603 1614/1881/1602 1584/1844/1572
f 1616/1883/1604 1580/1838/1568 1578/1836/1566 1612/1879/1600
f 1580/1838/1568 1616/1883/1604 1615/1884/1603 1582/1885/1570
f 1613/1880/1601 1617/1886/1605 1616/1883/1604 1612/1879/1600
f 1600/1861/1588 1614/1881/1602 1611/1878/1599 1598/1859/1586
f 1615/1882/1603 1618/1887/1606 1611/1878/1599 1614/1881/1602
f 1616/1883/1604 1619/1888/1607 1618/1889/1606 1615/1884/1603
f 1609/1890/1597 1611/1891/1599 1618/1889/1606 1619/1888/1607
f 1617/1892/1605 1620/1893/1608 1619/1894/1607 1616/1895/1604
f 1605/1873/1593 1609/1872/1597 1619/1894/1607 1620/1893/1608 1685/1896/1673
f 1568/1824/1556 1623/1897/1611 1622/1898/1610 1465/1822/1453
f 1577/1835/1565 1628/1899/1616 1627/1900/1615 1575/1833/1563
f 1587/1847/1575 1633/1901/1621 1632/1902/1620 1585/1845/1573
f 1574/1829/1562 1626/1903/1614 1625/1904/1613 1572/1830/1560
f 1583/1842/1571 1631/1905/1619 1630/1906/1618 1581/1843/1569
f 1579/1837/1567 1629/1907/1617 1628/1899/1616 1577/1835/1565
f 1465/1822/1453 1622/1898/1610 1624/1908/1612 1570/1819/1558
f 1589/1849/1577 1634/1909/1622 1633/1901/1621 1587/1847/1575
f 1575/1833/1563 1627/1900/1615 1626/1903/1614 1574/1829/1562
f 1585/1845/1573 1632/1902/1620 1631/1905/1619 1583/1842/1571
f 1572/1826/1560 1625/1910/1613 1623/1897/1611 1568/1824/1556
f 1570/1819/1558 1624/1908/1612 1621/1911/1609 1461/1820/1449
f 1581/1839/1569 1630/1912/1618 1629/1907/1617 1579/1837/1567
f 1624/1908/1612 1637/1913/1625 1635/1914/1623 1621/1911/1609
f 1622/1898/1610 1636/1915/1624 1637/1913/1625 1624/1908/1612
f 1663/1916/1651 1640/1917/1628 1638/1918/1626 1664/1919/1652
f 1665/1920/1653 1639/1921/1627 1640/1917/1628 1663/1916/1651
f 1640/1922/1628 1643/1923/1631 1641/1924/1629 1638/1925/1626
f 1639/1926/1627 1642/1927/1630 1643/1923/1631 1640/1922/1628
f 1643/1928/1631 1646/1929/1634 1644/1930/1632 1641/1931/1629
f 1642/1932/1630 1645/1933/1633 1646/1929/1634 1643/1928/1631
f 1646/1929/1634 1649/1934/1637 1647/1935/1635 1644/1930/1632
f 1645/1933/1633 1648/1936/1636 1649/1934/1637 1646/1929/1634
f 1633/1901/1621 1634/1909/1622 1647/1935/1635 1649/1934/1637
f 1632/1902/1620 1633/1901/1621 1649/1934/1637 1648/1936/1636
f 1629/1907/1617 1651/1937/1639 1650/1938/1638 1628/1899/1616
f 1651/1937/1639 1653/1939/1641 1652/1940/1640 1650/1938/1638
f 1642/1927/1630 1639/1926/1627 1652/1941/1640 1653/1942/1641
f 1631/1905/1619 1655/1943/1643 1654/1944/1642 1630/1906/1618
f 1631/1905/1619 1632/1902/1620 1648/1936/1636 1655/1943/1643
f 1630/1912/1618 1654/1945/1642 1651/1937/1639 1629/1907/1617
f 1656/1946/1644 1645/1933/1633 1642/1932/1630 1653/1947/1641
f 1645/1933/1633 1656/1946/1644 1655/1943/1643 1648/1936/1636
f 1653/1947/1641 1651/1948/1639 1654/1944/1642 1656/1946/1644
f 1655/1943/1643 1656/1946/1644 1654/1944/1642
f 1652/1940/1640 1658/1949/1646 1657/1950/1645 1650/1938/1638
f 1658/1949/1646 1660/1951/1648 1659/1952/1647 1657/1950/1645
f 1627/1900/1615 1628/1899/1616 1650/1938/1638 1657/1950/1645
f 1626/1903/1614 1627/1900/1615 1657/1950/1645 1659/1952/1647
f 1625/1904/1613 1662/1953/1650 1661/1954/1649 1623/1955/1611
f 1625/1904/1613 1626/1903/1614 1659/1952/1647 1662/1953/1650
f 1623/1897/1611 1661/1956/1649 1636/1915/1624 1622/1898/1610
f 1636/1915/1624 1665/1920/1653 1663/1916/1651 1637/1913/1625
f 1637/1913/1625 1663/1916/1651 1664/1919/1652 1635/1914/1623
f 1660/1951/1648 1666/1957/1654 1662/1953/1650 1659/1952/1647
f 1665/1920/1653 1636/1915/1624 1661/1956/1649 1666/1958/1654
f 1665/1959/1653 1666/1957/1654 1660/1951/1648 1639/1960/1627
f 1652/1941/1640 1639/1926/1627 1660/1961/1648 1658/1962/1646
f 1662/1953/1650 1666/1957/1654 1661/1954/1649
f 1550/1963/1538 1667/1964/1655 1669/1965/1657 1668/1966/1656
f 1668/1967/1656 1669/1968/1657 1671/1969/1659 1670/1970/1658
f 1670/1970/1658 1671/1969/1659 1673/1971/1661 1672/1972/1660
f 1672/1972/1660 1673/1971/1661 1675/1973/1663 1674/1974/1662
f 1674/1974/1662 1675/1973/1663 1677/1975/1665 1676/1976/1664
f 1676/1976/1664 1677/1975/1665 1679/1977/1667 1678/1978/1666
f 1561/1808/1549 1559/1807/1547 1678/1978/1666 1679/1977/1667
f 1671/1979/1659 1669/1980/1657 1680/1981/1668 1681/1982/1669
f 1677/1983/1665 1675/1984/1663 1683/1985/1671 1684/1986/1672
f 1673/1987/1661 1671/1979/1659 1681/1982/1669 1682/1988/1670
f 1675/1984/1663 1673/1987/1661 1682/1988/1670 1683/1985/1671
f 1620/1893/1608 1681/1982/1669 1680/1981/1668 1685/1896/1673
f 1549/1789/1537 1667/1989/1655 1550/1790/1538
f 1685/1896/1673 1680/1981/1668 1605/1873/1593
f 1549/1990/1537 1605/1991/1593 1680/1992/1668 1667/1993/1655
f 1667/1993/1655 1680/1992/1668 1669/1994/1657
f 1617/1892/1605 1682/1988/1670 1681/1982/1669 1620/1893/1608
f 1613/1995/1601 1683/1985/1671 1682/1988/1670 1617/1892/1605
f 1592/1996/1580 1684/1986/1672 1683/1985/1671 1613/1995/1601
f 1592/1852/1580 1561/1808/1549 1679/1977/1667
f 1677/1975/1665 1684/1997/1672 1592/1852/1580 1679/1977/1667
f 1559/1807/1547 1550/1790/1538 1668/1967/1656 1678/1978/1666
f 1670/1970/1658 1676/1976/1664 1678/1978/1666 1668/1967/1656
f 1672/1972/1660 1674/1974/1662 1676/1976/1664 1670/1970/1658
f 1484/1998/1472 1486/1999/1474 1706/2000/1694 1705/2001/1693
f 1686/893/1674 987/883/975 1692/2002/1680
f 1693/2003/1681 1689/885/1677 1687/884/1675 1690/901/1678
f 1691/895/1679 1014/887/1002 1688/881/1676
f 1693/2003/1681 1690/901/1678 1021/2004/1009 1022/2005/1010
f 1691/895/1679 1023/2006/1011 1024/902/1012 1014/887/1002
f 1691/895/1679 1693/894/1681 1022/2007/1010 1023/2006/1011
f 1690/901/1678 1692/900/1680 1020/2008/1008 1021/2004/1009
f 1692/2002/1680 987/883/975 1019/906/1007 1020/2009/1008
f 1694/1198/1682 1205/1197/1193 1204/1208/1192
f 1695/1195/1683 1694/1198/1682 1204/1208/1192 1207/1207/1195
f 1208/1196/1196 1695/1195/1683 1207/1207/1195
f 1702/2010/1690 1703/2011/1691 1715/2012/1703 1714/2013/1702
f 1482/2014/1470 1484/2015/1472 1705/2016/1693 1704/2017/1692
f 1480/2018/1468 1482/2014/1470 1704/2017/1692 1703/2019/1691
f 1478/2020/1466 1480/2018/1468 1703/2019/1691 1702/2021/1690
f 1467/2022/1455 1466/2023/1454 1696/2024/1684 1697/2025/1685
f 1476/2026/1464 1478/2020/1466 1702/2021/1690 1701/2027/1689
f 1474/2028/1462 1476/2026/1464 1701/2027/1689 1700/2029/1688
f 1472/2030/1460 1474/2031/1462 1700/2032/1688 1699/2033/1687
f 1488/2034/1476 1467/2022/1455 1697/2025/1685 1707/2035/1695
f 1470/2036/1458 1472/2037/1460 1699/2038/1687 1698/2039/1686
f 1486/1999/1474 1488/2040/1476 1707/2041/1695 1706/2000/1694
f 1466/2023/1454 1470/2036/1458 1698/2039/1686 1696/2024/1684
f 1709/2042/1697 1708/2043/1696 1710/2044/1698 1711/2045/1699 1712/2046/1700 1713/2047/1701 1714/2013/1702 1715/2012/1703 1716/2048/1704 1717/2049/1705 1718/2050/1706 1719/2051/1707
f 1699/2033/1687 1700/2032/1688 1712/2052/1700 1711/2053/1699
f 1706/2000/1694 1707/2041/1695 1719/2054/1707 1718/2055/1706
f 1697/2025/1685 1696/2024/1684 1708/2056/1696 1709/2057/1697
f 1703/2011/1691 1704/2058/1692 1716/2048/1704 1715/2012/1703
f 1700/2059/1688 1701/2060/1689 1713/2047/1701 1712/2046/1700
f 1707/2035/1695 1697/2025/1685 1709/2057/1697 1719/2061/1707
f 1696/2024/1684 1698/2039/1686 1710/2062/1698 1708/2056/1696
f 1704/2058/1692 1705/2063/1693 1717/2049/1705 1716/2048/1704
f 1701/2060/1689 1702/2010/1690 1714/2013/1702 1713/2047/1701
f 1698/2039/1686 1699/2038/1687 1711/2064/1699 1710/2062/1698
f 1705/2001/1693 1706/2000/1694 1718/2055/1706 1717/2065/1705
f 1505/2066/1493 1503/2067/1491 1721/2068/1709 1722/2069/1710
f 1511/2070/1499 1509/2071/1497 1724/2072/1712 1725/2073/1713
f 1507/2074/1495 1505/2075/1493 1722/2076/1710 1723/2077/1711
f 1503/2067/1491 1447/2078/1435 1720/2079/1708 1721/2068/1709
f 1509/2080/1497 1507/2074/1495 1723/2077/1711 1724/2081/1712
f 1513/2082/1501 1511/2070/1499 1725/2073/1713 1726/2083/1714
f 1722/2069/1710 1721/2068/1709 1728/2084/1716 1729/2085/1717
f 1726/2086/1714 1725/2087/1713 1732/2088/1720 1733/2089/1721
f 1725/2087/1713 1724/2090/1712 1731/2091/1719 1732/2088/1720
f 1723/2077/1711 1722/2076/1710 1729/2092/1717 1730/2093/1718
f 1721/2068/1709 1720/2079/1708 1727/2094/1715 1728/2084/1716
f 1724/2081/1712 1723/2077/1711 1730/2093/1718 1731/2095/1719
f 1733/2096/1721 1732/2097/1720 1728/2098/1716 1727/2099/1715
f 1729/2100/1717 1728/2098/1716 1732/2097/1720 1731/2101/1719
f 1730/2102/1718 1729/2100/1717 1731/2101/1719
f 928/736/916 1734/739/1722 1735/738/1723 929/737/917
f 1734/740/1722 1736/743/1724 1737/742/1725 1735/741/1723
f 1736/744/1724 1738/747/1726 1739/746/1727 1737/745/1725
f 1738/747/1726 1740/749/1728 1741/748/1729 1739/746/1727
f 1740/749/1728 1742/751/1730 1743/750/1731 1741/748/1729
f 1744/752/1732 1911/755/1899 1912/754/1900 1909/753/1897
f 1861/756/1849 2130/759/2117 2129/758/2116 1860/757/1848
f 1902/760/1890 954/763/942 947/762/935 1901/761/1889
f 1771/764/1759 1744/767/1732 1749/766/1737 1770/765/1758
f 1854/768/1842 1747/771/1735 1746/770/1734 1853/769/1841
f 1753/772/1741 1740/749/1728 1738/747/1726 1752/773/1740
f 1856/774/1844 2125/777/2112 1748/776/1736 1855/775/1843
f 1738/747/1726 1736/744/1724 1751/778/1739 1752/773/1740
f 1752/773/1740 1757/780/1745 1758/779/1746 1753/772/1741
f 928/736/916 948/782/936 1750/781/1738 1734/739/1722
f 1744/752/1732 1909/753/1897 1910/784/1898 1749/783/1737
f 1734/740/1722 1750/786/1738 1751/785/1739 1736/743/1724
f 1902/760/1890 1901/761/1889 1742/788/1730 1754/787/1742
f 1853/789/1841 1746/792/1734 1745/791/1733 1852/790/1840
f 948/782/936 955/794/943 1755/793/1743 1750/781/1738
f 1753/772/1741 1758/779/1746 1759/796/1747 1754/795/1742
f 1750/786/1738 1755/798/1743 1756/797/1744 1751/785/1739
f 1117/799/1105 954/763/942 1902/760/1890 1903/800/1891
f 1751/778/1739 1756/801/1744 1757/780/1745 1752/773/1740
f 1757/780/1745 1763/803/1751 1764/802/1752 1758/779/1746
f 955/794/943 1760/805/1748 1761/804/1749 1755/793/1743
f 1758/779/1746 1764/802/1752 1765/806/1753 1759/796/1747
f 1755/798/1743 1761/808/1749 1762/807/1750 1756/797/1744
f 1107/809/1095 1108/812/1096 1766/811/1754 1897/810/1885
f 1756/801/1744 1762/813/1750 1763/803/1751 1757/780/1745
f 1900/814/1888 1904/817/1892 1771/816/1759 1743/815/1731
f 1743/750/1731 1771/819/1759 1770/818/1758 1741/748/1729
f 1741/748/1729 1770/818/1758 1769/820/1757 1739/746/1727
f 1735/738/1723 1767/822/1755 968/821/956 929/737/917
f 1739/746/1727 1769/820/1757 1768/823/1756 1737/745/1725
f 1737/742/1725 1768/825/1756 1767/824/1755 1735/741/1723
f 1880/826/1868 1772/829/1760 1773/828/1761 1881/827/1869
f 1807/830/1795 1868/833/1856 1869/832/1857 1809/831/1797
f 1805/834/1793 1867/835/1855 1868/833/1856 1807/830/1795
f 1776/836/1764 1778/839/1766 1779/838/1767 1777/837/1765
f 1802/840/1790 1789/843/1777 1790/842/1778 1800/841/1788
f 1779/838/1767 1793/846/1781 1785/845/1773 1810/844/1798
f 1778/839/1766 1794/847/1782 1793/846/1781 1779/838/1767
f 1804/848/1792 1788/849/1776 1789/843/1777 1802/840/1790
f 1806/850/1794 1787/851/1775 1788/849/1776 1804/848/1792
f 1808/852/1796 1786/855/1774 1787/854/1775 1806/853/1794
f 1810/856/1798 1785/857/1773 1786/855/1774 1808/852/1796
f 1796/858/1784 1792/861/1780 1794/860/1782 1778/859/1766
f 1798/862/1786 1791/863/1779 1792/861/1780 1796/858/1784
f 1776/864/1764 1795/865/1783 1796/858/1784 1778/859/1766
f 1795/865/1783 1797/866/1785 1798/862/1786 1796/858/1784
f 1797/867/1785 1799/870/1787 1800/869/1788 1798/868/1786
f 1799/871/1787 1801/872/1789 1802/840/1790 1800/841/1788
f 1801/872/1789 1803/873/1791 1804/848/1792 1802/840/1790
f 1803/873/1791 1805/874/1793 1806/850/1794 1804/848/1792
f 1805/834/1793 1807/830/1795 1808/852/1796 1806/853/1794
f 1807/830/1795 1809/831/1797 1810/856/1798 1808/852/1796
f 1777/837/1765 1779/838/1767 1810/844/1798 1809/875/1797
f 1800/869/1788 1790/877/1778 1791/876/1779 1798/868/1786
f 1791/863/1779 1781/879/1769 1780/878/1768 1792/861/1780
f 1793/846/1781 2419/881/2406 2420/880/2407 1785/845/1773
f 1788/849/1776 1784/883/1772 1783/882/1771 1789/843/1777
f 1785/857/1773 2420/885/2407 2418/884/2405 1786/855/1774
f 1792/886/1780 1780/888/1768 1811/887/1799 1794/847/1782
f 1789/843/1777 1783/882/1771 1782/889/1770 1790/842/1778
f 1786/855/1774 2418/884/2405 2417/890/2404 1787/854/1775
f 1794/847/1782 1811/887/1799 2419/881/2406 1793/846/1781
f 1790/877/1778 1782/892/1770 1781/891/1769 1791/876/1779
f 1787/851/1775 2417/893/2404 1784/883/1772 1788/849/1776
f 2424/894/2411 2420/880/2407 2419/881/2406 2422/895/2409
f 1781/879/1769 1813/897/1801 1812/896/1800 1780/878/1768
f 1783/882/1771 1815/899/1803 1814/898/1802 1782/889/1770
f 2423/900/2410 2417/890/2404 2418/884/2405 2421/901/2408
f 1780/888/1768 1812/903/1800 1821/902/1809 1811/887/1799
f 1782/892/1770 1814/905/1802 1813/904/1801 1781/891/1769
f 1784/883/1772 1816/906/1804 1815/899/1803 1783/882/1771
f 1815/907/1803 1825/910/1813 1824/909/1812 1814/908/1802
f 1821/911/1809 1831/914/1819 1830/913/1818 1820/912/1808
f 1814/915/1802 1824/918/1812 1823/917/1811 1813/916/1801
f 1816/919/1804 1826/920/1814 1825/910/1813 1815/907/1803
f 1813/921/1801 1823/924/1811 1822/923/1810 1812/922/1800
f 1819/925/1807 1829/928/1817 1828/927/1816 1818/926/1806
f 1818/926/1806 1828/927/1816 1827/930/1815 1817/929/1805
f 1812/931/1800 1822/932/1810 1831/914/1819 1821/911/1809
f 1820/912/1808 1830/913/1818 1829/934/1817 1819/933/1807
f 1817/929/1805 1827/930/1815 1826/936/1814 1816/935/1804
f 1831/914/1819 1841/938/1829 1840/937/1828 1830/913/1818
f 1824/918/1812 1834/940/1822 1833/939/1821 1823/917/1811
f 1826/920/1814 1836/942/1824 1835/941/1823 1825/910/1813
f 1823/924/1811 1833/944/1821 1832/943/1820 1822/923/1810
f 1829/928/1817 1839/946/1827 1838/945/1826 1828/927/1816
f 1828/927/1816 1838/945/1826 1837/947/1825 1827/930/1815
f 1822/932/1810 1832/948/1820 1841/938/1829 1831/914/1819
f 1830/913/1818 1840/937/1828 1839/949/1827 1829/934/1817
f 1827/930/1815 1837/947/1825 1836/950/1824 1826/936/1814
f 1825/910/1813 1835/941/1823 1834/951/1822 1824/909/1812
f 1834/940/1822 1844/953/1832 1843/952/1831 1833/939/1821
f 1836/942/1824 1846/955/1834 1845/954/1833 1835/941/1823
f 1833/944/1821 1843/957/1831 1842/956/1830 1832/943/1820
f 1839/946/1827 1849/959/1837 1848/958/1836 1838/945/1826
f 1838/945/1826 1848/958/1836 1847/960/1835 1837/947/1825
f 1832/948/1820 1842/962/1830 1851/961/1839 1841/938/1829
f 1840/937/1828 1850/964/1838 1849/963/1837 1839/949/1827
f 1837/965/1825 1847/966/1835 1846/955/1834 1836/942/1824
f 1835/941/1823 1845/954/1833 1844/967/1832 1834/951/1822
f 1841/938/1829 1851/961/1839 1850/964/1838 1840/937/1828
f 1846/955/1834 1856/774/1844 1855/775/1843 1845/954/1833
f 1843/957/1831 1853/789/1841 1852/790/1840 1842/956/1830
f 1849/963/1837 1859/970/1847 1858/969/1846 1848/968/1836
f 1848/958/1836 1858/972/1846 1857/971/1845 1847/960/1835
f 1842/962/1830 1852/973/1840 1861/756/1849 1851/961/1839
f 1850/964/1838 1860/757/1848 1859/970/1847 1849/963/1837
f 1847/966/1835 1857/974/1845 1856/774/1844 1846/955/1834
f 1845/954/1833 1855/775/1843 1854/975/1842 1844/967/1832
f 1851/961/1839 1861/756/1849 1860/757/1848 1850/964/1838
f 1844/953/1832 1854/768/1842 1853/769/1841 1843/952/1831
f 1803/873/1791 1866/977/1854 1867/976/1855 1805/874/1793
f 1801/872/1789 1865/978/1853 1866/977/1854 1803/873/1791
f 1799/871/1787 1864/979/1852 1865/978/1853 1801/872/1789
f 1809/875/1797 1869/981/1857 1774/980/1762 1777/837/1765
f 1797/867/1785 1863/983/1851 1864/982/1852 1799/870/1787
f 1795/865/1783 1862/985/1850 1863/984/1851 1797/866/1785
f 1777/837/1765 1774/980/1762 1775/986/1763 1776/836/1764
f 1776/836/1764 1775/986/1763 1862/988/1850 1795/987/1783
f 1864/979/1852 1874/990/1862 1875/989/1863 1865/978/1853
f 1867/835/1855 1877/992/1865 1878/991/1866 1868/833/1856
f 1862/985/1850 1872/994/1860 1873/993/1861 1863/984/1851
f 1863/983/1851 1873/996/1861 1874/995/1862 1864/982/1852
f 1868/833/1856 1878/991/1866 1879/997/1867 1869/832/1857
f 1865/978/1853 1875/989/1863 1876/998/1864 1866/977/1854
f 1774/980/1762 1870/1000/1858 1871/999/1859 1775/986/1763
f 1775/986/1763 1871/999/1859 1872/1001/1860 1862/988/1850
f 1869/981/1857 1879/1002/1867 1870/1000/1858 1774/980/1762
f 1866/977/1854 1876/998/1864 1877/1003/1865 1867/976/1855
f 1773/1004/1761 1772/1005/1760 1871/999/1859 1870/1000/1858
f 1763/803/1751 1880/826/1868 1881/827/1869 1764/802/1752
f 1773/828/1761 1882/1007/1870 1883/1006/1871 1881/827/1869
f 1882/1008/1870 1884/1011/1872 1885/1010/1873 1883/1009/1871
f 1870/1000/1858 1879/1002/1867 1882/1012/1870 1773/1004/1761
f 1879/997/1867 1878/991/1866 1884/1014/1872 1882/1013/1870
f 1884/1011/1872 1886/1016/1874 1887/1015/1875 1885/1010/1873
f 1878/991/1866 1877/992/1865 1886/1017/1874 1884/1014/1872
f 1886/1016/1874 1091/1019/1079 1092/1018/1080 1887/1015/1875
f 1875/989/1863 1888/1021/1876 1889/1020/1877 1876/998/1864
f 1876/998/1864 1889/1020/1877 1886/1022/1874 1877/1003/1865
f 1888/1023/1876 1095/1026/1083 1096/1025/1084 1889/1024/1877
f 1091/1019/1079 1886/1016/1874 1889/1028/1877 1096/1027/1084
f 1880/826/1868 1891/1030/1879 1890/1029/1878 1772/829/1760
f 1891/1031/1879 1893/1034/1881 1892/1033/1880 1890/1032/1878
f 1893/1035/1881 1895/1038/1883 1894/1037/1882 1892/1036/1880
f 1872/1001/1860 1871/999/1859 1772/1005/1760 1890/1039/1878
f 1873/993/1861 1872/994/1860 1890/1041/1878 1892/1040/1880
f 1874/995/1862 1873/996/1861 1892/1043/1880 1894/1042/1882
f 1874/990/1862 1894/1044/1882 1888/1021/1876 1875/989/1863
f 1895/1038/1883 1104/1046/1092 1103/1045/1091 1894/1037/1882
f 1095/1026/1083 1888/1023/1876 1894/1048/1882 1103/1047/1091
f 1763/803/1751 1762/813/1750 1891/1030/1879 1880/826/1868
f 1762/807/1750 1761/808/1749 1893/1034/1881 1891/1031/1879
f 1761/804/1749 1760/805/1748 1895/1038/1883 1893/1035/1881
f 1895/1038/1883 1760/805/1748 1104/1046/1092
f 1765/806/1753 1764/802/1752 1881/827/1869 1883/1006/1871
f 1092/1018/1080 1107/809/1095 1897/810/1885 1887/1015/1875
f 1887/1015/1875 1897/810/1885 1896/1049/1884 1885/1010/1873
f 1885/1010/1873 1896/1049/1884 1765/1050/1753 1883/1009/1871
f 1896/1049/1884 1899/1052/1887 1898/1051/1886 1765/1050/1753
f 1896/1049/1884 1897/810/1885 1766/811/1754 1899/1052/1887
f 941/1053/929 974/1054/962 1904/817/1892 1900/814/1888
f 1754/787/1742 1759/1055/1747 1903/800/1891 1902/760/1890
f 1900/814/1888 1901/761/1889 947/762/935 941/1053/929
f 1742/788/1730 1901/761/1889 1900/814/1888 1743/815/1731
f 1753/1056/1741 1754/787/1742 1742/788/1730 1740/1057/1728
f 1759/1055/1747 1765/1050/1753 1898/1051/1886 1903/800/1891
f 1903/800/1891 1898/1051/1886 1111/1058/1099 1117/799/1105
f 1118/1059/1106 1111/1058/1099 1898/1051/1886 1899/1052/1887
f 1766/811/1754 1108/812/1096 1118/1059/1106 1899/1052/1887
f 1769/820/1757 1906/1061/1894 1905/1060/1893 1768/823/1756
f 1906/1061/1894 1908/1063/1896 1907/1062/1895 1905/1060/1893
f 1744/767/1732 1771/764/1759 1904/1065/1892 1911/1064/1899
f 974/1054/962 1127/1067/1115 1913/1066/1901 1904/817/1892
f 1911/1064/1899 1904/1065/1892 1913/1069/1901 1914/1068/1902
f 1769/1070/1757 1915/1073/1903 1916/1072/1904 1906/1071/1894
f 1770/1074/1758 1749/1077/1737 1915/1076/1903 1769/1075/1757
f 1915/1073/1903 1917/1079/1905 1918/1078/1906 1916/1072/1904
f 1749/1080/1737 1910/1081/1898 1917/1079/1905 1915/1073/1903
f 1918/1078/1906 1920/1083/1908 1919/1082/1907 1916/1072/1904
f 1908/1084/1896 1906/1071/1894 1916/1072/1904 1919/1082/1907
f 1934/1085/1922 1922/1088/1910 1921/1087/1909 1933/1086/1921
f 1922/1089/1910 1924/1092/1912 1923/1091/1911 1921/1090/1909
f 1924/1092/1912 1926/1094/1914 1925/1093/1913 1923/1091/1911
f 1926/1094/1914 1928/1096/1916 1927/1095/1915 1925/1093/1913
f 1928/1096/1916 1929/1098/1917 1914/1097/1902 1927/1095/1915
f 1912/754/1900 1911/755/1899 1914/1097/1902 1929/1098/1917
f 1925/1093/1913 1931/1100/1919 1930/1099/1918 1923/1091/1911
f 1931/1100/1919 1148/1102/1136 1147/1101/1135 1930/1099/1918
f 1147/1101/1135 1555/1104/1543 2301/1103/2288 1930/1099/1918
f 1921/1090/1909 1923/1091/1911 1930/1099/1918 1932/1105/1920
f 1920/1083/1908 1934/1085/1922 1933/1086/1921 1919/1082/1907
f 1935/1106/1923 1933/1086/1921 1921/1087/1909 1932/1107/1920
f 1908/1084/1896 1919/1082/1907 1933/1086/1921 1935/1106/1923
f 1909/1108/1897 1936/1110/1924 1937/1109/1925 1910/1081/1898
f 1926/1094/1914 1944/1112/1932 1945/1111/1933 1928/1096/1916
f 1924/1092/1912 1943/1113/1931 1944/1112/1932 1926/1094/1914
f 1929/1098/1917 1946/1115/1934 1938/1114/1926 1912/754/1900
f 1918/1078/1906 1940/1117/1928 1941/1116/1929 1920/1083/1908
f 1922/1089/1910 1942/1118/1930 1943/1113/1931 1924/1092/1912
f 1928/1096/1916 1945/1111/1933 1946/1115/1934 1929/1098/1917
f 1912/754/1900 1938/1114/1926 1936/1119/1924 1909/753/1897
f 1910/1081/1898 1937/1109/1925 1939/1120/1927 1917/1079/1905
f 1920/1083/1908 1941/1116/1929 1947/1121/1935 1934/1085/1922
f 1917/1079/1905 1939/1120/1927 1940/1117/1928 1918/1078/1906
f 1934/1085/1922 1947/1121/1935 1942/1122/1930 1922/1088/1910
f 1907/1123/1895 1949/1126/1937 1948/1125/1936 1905/1124/1893
f 1949/1127/1937 1169/1130/1157 1168/1129/1156 1948/1128/1936
f 968/821/956 1767/822/1755 1948/1128/1936 1168/1129/1156
f 1767/824/1755 1768/825/1756 1905/1124/1893 1948/1125/1936
f 1907/1123/1895 1950/1132/1938 1951/1131/1939 1949/1126/1937
f 1907/1062/1895 1908/1063/1896 1935/1134/1923 1950/1133/1938
f 1932/1107/1920 1952/1136/1940 1953/1135/1941 1935/1106/1923
f 1952/1137/1940 1954/1140/1942 1955/1139/1943 1953/1138/1941
f 1954/1141/1942 1956/1144/1944 1957/1143/1945 1955/1142/1943
f 1956/1145/1944 1958/1148/1946 1959/1147/1947 1957/1146/1945
f 1958/1148/1946 1180/1150/1168 1181/1149/1169 1959/1147/1947
f 1181/1149/1169 1183/1152/1171 1951/1151/1939 1959/1147/1947
f 1169/1130/1157 1949/1127/1937 1951/1151/1939 1183/1152/1171
f 1953/1153/1941 1963/1156/1951 1960/1155/1948 1935/1154/1923
f 1959/1157/1947 1966/1160/1954 1965/1159/1953 1957/1158/1945
f 1935/1154/1923 1960/1155/1948 1961/1162/1949 1950/1161/1938
f 1951/1163/1939 1962/1164/1950 1966/1160/1954 1959/1157/1947
f 1955/1165/1943 1964/1166/1952 1963/1156/1951 1953/1153/1941
f 1957/1167/1945 1965/1170/1953 1964/1169/1952 1955/1168/1943
f 1950/1171/1938 1961/1172/1949 1962/1164/1950 1951/1163/1939
f 1965/1170/1953 1972/1174/1960 1971/1173/1959 1964/1169/1952
f 1963/1156/1951 1970/1176/1958 1967/1175/1955 1960/1155/1948
f 1961/1172/1949 1968/1178/1956 1969/1177/1957 1962/1164/1950
f 1966/1160/1954 1973/1180/1961 1972/1179/1960 1965/1159/1953
f 1964/1166/1952 1971/1181/1959 1970/1176/1958 1963/1156/1951
f 1960/1155/1948 1967/1175/1955 1968/1182/1956 1961/1162/1949
f 1962/1164/1950 1969/1177/1957 1973/1180/1961 1966/1160/1954
f 1967/1175/1955 1974/1184/1962 1975/1183/1963 1968/1182/1956
f 1969/1177/1957 1976/1186/1964 1980/1185/1968 1973/1180/1961
f 1972/1174/1960 1979/1188/1967 1978/1187/1966 1971/1173/1959
f 1970/1176/1958 1977/1189/1965 1974/1184/1962 1967/1175/1955
f 1968/1178/1956 1975/1190/1963 1976/1186/1964 1969/1177/1957
f 1973/1180/1961 1980/1185/1968 1979/1191/1967 1972/1179/1960
f 1971/1181/1959 1978/1192/1966 1977/1189/1965 1970/1176/1958
f 1980/1185/1968 1987/1194/1975 1986/1193/1974 1979/1191/1967
f 1978/1192/1966 1985/1196/1973 2426/1195/2413 1977/1189/1965
f 1974/1184/1962 2425/1198/2412 1982/1197/1970 1975/1183/1963
f 1976/1186/1964 1983/1199/1971 1987/1194/1975 1980/1185/1968
f 1979/1188/1967 1986/1201/1974 1985/1200/1973 1978/1187/1966
f 1977/1189/1965 2426/1195/2413 2425/1198/2412 1974/1184/1962
f 1975/1190/1963 1982/1202/1970 1983/1199/1971 1976/1186/1964
f 1983/1199/1971 1990/1204/1978 1994/1203/1981 1987/1194/1975
f 1986/1201/1974 1993/1206/1980 1992/1205/1979 1985/1200/1973
f 1984/1207/1972 1991/1210/1202 1988/1209/1976 1981/1208/1969
f 1982/1202/1970 1989/1211/1977 1990/1204/1978 1983/1199/1971
f 1987/1194/1975 1994/1203/1981 1993/1212/1980 1986/1193/1974
f 1985/1196/1973 1992/1213/1979 1991/1210/1202 1984/1207/1972
f 1981/1208/1969 1988/1209/1976 1989/1214/1977 1982/1197/1970
f 1992/1213/1979 1999/1216/1986 1998/1215/1985 1991/1210/1202
f 1988/1209/1976 1995/1218/1982 1996/1217/1983 1989/1214/1977
f 1990/1204/1978 1997/1220/1984 2001/1219/1988 1994/1203/1981
f 1993/1206/1980 2000/1222/1987 1999/1221/1986 1992/1205/1979
f 1991/1210/1202 1998/1215/1985 1995/1218/1982 1988/1209/1976
f 1989/1211/1977 1996/1223/1983 1997/1220/1984 1990/1204/1978
f 1994/1203/1981 2001/1219/1988 2000/1224/1987 1993/1212/1980
f 1996/1223/1983 2003/1226/1990 2004/1225/1991 1997/1220/1984
f 2001/1219/1988 2008/1228/1995 2007/1227/1994 2000/1224/1987
f 1999/1216/1986 2006/1230/1993 2005/1229/1992 1998/1215/1985
f 1995/1218/1982 2002/1232/1989 2003/1231/1990 1996/1217/1983
f 1997/1220/1984 2004/1225/1991 2008/1228/1995 2001/1219/1988
f 2000/1222/1987 2007/1234/1994 2006/1233/1993 1999/1221/1986
f 1998/1215/1985 2005/1229/1992 2002/1232/1989 1995/1218/1982
f 1954/1141/1942 2009/1236/1996 2010/1235/1997 1956/1144/1944
f 1952/1137/1940 2300/1238/2287 2304/1237/2291 1954/1140/1942
f 2009/1239/1996 2011/1242/1998 2012/1241/1999 2010/1240/1997
f 2009/1239/1996 2302/1244/2289 2303/1243/2290 2011/1242/1998
f 2009/1245/1996 1954/1140/1942 2304/1237/2291 2302/1246/2289
f 2012/1247/1999 2014/1250/2001 2013/1249/2000 2010/1248/1997
f 2014/1250/2001 1243/1252/1231 1242/1251/1230 2013/1249/2000
f 2004/1253/1991 2017/1256/2004 2021/1255/2008 2008/1254/1995
f 2007/1257/1994 2020/1260/2007 2019/1259/2006 2006/1258/1993
f 2005/1261/1992 2018/1264/2005 2015/1263/2002 2002/1262/1989
f 2003/1265/1990 2016/1268/2003 2017/1267/2004 2004/1266/1991
f 2008/1269/1995 2021/1272/2008 2020/1271/2007 2007/1270/1994
f 2006/1273/1993 2019/1276/2006 2018/1275/2005 2005/1274/1992
f 2002/1262/1989 2015/1263/2002 2016/1278/2003 2003/1277/1990
f 2017/1267/2004 2024/1281/2011 2028/1280/2015 2021/1279/2008
f 2020/1260/2007 2027/1283/2014 2123/1282/2110
f 2018/1264/2005 2025/1285/2012 2022/1284/2009 2015/1263/2002
f 2016/1268/2003 2023/1286/2010 2024/1281/2011 2017/1267/2004
f 2021/1272/2008 2028/1288/2015 2027/1287/2014 2020/1271/2007
f 2019/1276/2006 2026/1290/2013 2124/1289/2111 2018/1275/2005
f 2023/1286/2010 2016/1268/2003 2114/1291/2101
f 2025/1285/2012 2030/1293/2017 2029/1292/2016 2022/1284/2009
f 2030/1293/2017 2032/1295/2019 2031/1294/2018 2029/1292/2016
f 2032/1295/2019 2034/1297/2021 2033/1296/2020 2031/1294/2018
f 2034/1298/2021 2036/1301/2023 2035/1300/2022 2033/1299/2020
f 2036/1302/2023 2038/1305/2025 2037/1304/2024 2035/1303/2022
f 2038/1305/2025 2040/1307/2027 2039/1306/2026 2037/1304/2024
f 2040/1307/2027 2042/1309/2029 2041/1308/2028 2039/1306/2026
f 2042/1310/2029 2044/1313/2031 2043/1312/2030 2041/1311/2028
f 2044/1314/2031 2046/1317/2033 2045/1316/2032 2043/1315/2030
f 2046/1317/2033 2048/1319/2035 2047/1318/2034 2045/1316/2032
f 2048/1319/2035 2050/1321/2037 2049/1320/2036 2047/1318/2034
f 2050/1321/2037 2052/1323/2039 2051/1322/2038 2049/1320/2036
f 2052/1324/2039 2054/1327/2041 2053/1326/2040 2051/1325/2038
f 2054/1328/2041 2056/1331/2043 2055/1330/2042 2053/1329/2040
f 2056/1331/2043 2058/1333/2045 2057/1332/2044 2055/1330/2042
f 2058/1333/2045 2060/1335/2047 2059/1334/2046 2057/1332/2044
f 2060/1336/2047 2062/1339/2049 2061/1338/2048 2059/1337/2046
f 2062/1339/2049 2064/1341/2051 2063/1340/2050 2061/1338/2048
f 2064/1341/2051 2066/1343/2053 2065/1342/2052 2063/1340/2050
f 2066/1344/2053 2068/1347/2055 2067/1346/2054 2065/1345/2052
f 2068/1348/2055 2070/1351/2057 2069/1350/2056 2067/1349/2054
f 2070/1351/2057 2072/1353/2059 2071/1352/2058 2069/1350/2056
f 2072/1353/2059 2074/1355/2061 2073/1354/2060 2071/1352/2058
f 2074/1356/2061 2076/1359/2063 2075/1358/2062 2073/1357/2060
f 2076/1359/2063 2078/1361/2065 2077/1360/2064 2075/1358/2062
f 2078/1361/2065 2080/1363/2067 2079/1362/2066 2077/1360/2064
f 2080/1364/2067 2082/1367/2069 2081/1366/2068 2079/1365/2066
f 2082/1368/2069 2084/1371/2071 2083/1370/2070 2081/1369/2068
f 2084/1371/2071 2086/1373/2073 2085/1372/2072 2083/1370/2070
f 2086/1373/2073 2088/1375/2075 2087/1374/2074 2085/1372/2072
f 2088/1376/2075 2090/1379/2077 2089/1378/2076 2087/1377/2074
f 2090/1379/2077 2092/1381/2079 2091/1380/2078 2089/1378/2076
f 2092/1381/2079 2094/1383/2081 2093/1382/2080 2091/1380/2078
f 2094/1384/2081 2096/1387/2083 2095/1386/2082 2093/1385/2080
f 2096/1387/2083 2098/1389/2085 2097/1388/2084 2095/1386/2082
f 2098/1389/2085 2100/1391/2087 2099/1390/2086 2097/1388/2084
f 2100/1391/2087 2102/1393/2089 2101/1392/2088 2099/1390/2086
f 2102/1393/2089 2104/1395/2091 2103/1394/2090 2101/1392/2088
f 2028/1396/2015 2024/1397/2011 2103/1394/2090 2104/1395/2091
f 2049/1398/2036 2051/1401/2038 2053/1400/2040 2055/1399/2042
f 2047/1318/2034 2049/1320/2036 2055/1403/2042 2057/1402/2044
f 2063/1404/2050 2065/1407/2052 2067/1406/2054 2069/1405/2056
f 2061/1408/2048 2063/1404/2050 2069/1405/2056 2071/1409/2058
f 2059/1410/2046 2061/1408/2048 2071/1409/2058 2073/1411/2060
f 2045/1316/2032 2047/1318/2034 2057/1402/2044 2059/1412/2046
f 2077/1413/2064 2079/1416/2066 2081/1415/2068 2083/1414/2070
f 2075/1417/2062 2077/1413/2064 2083/1414/2070 2085/1418/2072
f 2073/1411/2060 2075/1417/2062 2085/1418/2072 2087/1419/2074
f 2087/1377/2074 2089/1378/2076 2099/1421/2086 2101/1420/2088
f 2089/1422/2076 2091/1425/2078 2097/1424/2084 2099/1423/2086
f 2091/1425/2078 2093/1427/2080 2095/1426/2082 2097/1424/2084
f 2034/1428/2021 2032/1431/2019 2038/1430/2025 2036/1429/2023
f 2031/1432/2018 2033/1435/2020 2035/1434/2022 2037/1433/2024
f 2029/1436/2016 2031/1432/2018 2037/1433/2024 2039/1437/2026
f 2022/1438/2009 2029/1436/2016 2039/1437/2026 2041/1439/2028
f 2106/1440/2093 2015/1443/2002 2022/1442/2009 2107/1441/2094
f 2043/1444/2030 2107/1445/2094 2022/1438/2009 2041/1439/2028
f 2108/1446/2095 2043/1444/2030 2045/1447/2032 2059/1410/2046
f 2087/1419/2074 2110/1449/2097 2109/1448/2096 2073/1411/2060
f 2073/1411/2060 2109/1448/2096 2108/1446/2095 2059/1410/2046
f 2087/1419/2074 2101/1451/2088 2103/1450/2090 2110/1449/2097
f 2111/1452/2098 2110/1449/2097 2103/1450/2090 2024/1453/2011
f 2043/1444/2030 2108/1446/2095 2113/1454/2100 2107/1445/2094
f 2108/1446/2095 2109/1448/2096 2112/1455/2099 2113/1454/2100
f 2109/1448/2096 2110/1449/2097 2111/1452/2098 2112/1455/2099
f 2107/1445/2094 2113/1454/2100 2106/1456/2093
f 2016/1268/2003 2015/1443/2002 2106/1440/2093 2114/1291/2101
f 2112/1455/2099 2114/1457/2101 2106/1456/2093 2113/1454/2100
f 2114/1457/2101 2112/1455/2099 2111/1452/2098 2023/1458/2010
f 2023/1458/2010 2111/1452/2098 2024/1453/2011
f 2032/1431/2019 2030/1460/2017 2040/1459/2027 2038/1430/2025
f 2030/1460/2017 2025/1462/2012 2042/1461/2029 2040/1459/2027
f 2026/1290/2013 2119/1464/2106 2044/1463/2031 2124/1289/2111
f 2052/1465/2039 2050/1468/2037 2056/1467/2043 2054/1466/2041
f 2066/1469/2053 2064/1472/2051 2070/1471/2057 2068/1470/2055
f 2080/1473/2067 2078/1476/2065 2084/1475/2071 2082/1474/2069
f 2094/1477/2081 2092/1480/2079 2098/1479/2085 2096/1478/2083
f 2092/1480/2079 2090/1482/2077 2100/1481/2087 2098/1479/2085
f 2090/1482/2077 2088/1484/2075 2102/1483/2089 2100/1481/2087
f 2078/1476/2065 2076/1486/2063 2086/1485/2073 2084/1475/2071
f 2076/1486/2063 2074/1488/2061 2088/1487/2075 2086/1485/2073
f 2064/1472/2051 2062/1490/2049 2072/1489/2059 2070/1471/2057
f 2062/1490/2049 2060/1491/2047 2074/1488/2061 2072/1489/2059
f 2050/1468/2037 2048/1493/2035 2058/1492/2045 2056/1467/2043
f 2048/1493/2035 2046/1495/2033 2060/1494/2047 2058/1492/2045
f 2124/1289/2111 2025/1496/2012 2018/1275/2005
f 2046/1497/2033 2105/1500/2092 2115/1499/2102 2060/1498/2047
f 2060/1491/2047 2115/1502/2102 2116/1501/2103 2074/1488/2061
f 2074/1488/2061 2116/1501/2103 2117/1503/2104 2088/1487/2075
f 2088/1484/2075 2117/1505/2104 2118/1504/2105 2102/1483/2089
f 2044/1463/2031 2119/1464/2106 2105/1507/2092 2046/1506/2033
f 2120/1508/2107 2104/1509/2091 2102/1483/2089 2118/1504/2105
f 2121/1510/2108 2120/1508/2107 2118/1504/2105 2117/1505/2104
f 2115/1502/2102 2122/1512/2109 2121/1511/2108 2116/1501/2103
f 2115/1502/2102 2105/1514/2092 2119/1513/2106 2122/1512/2109
f 2117/1505/2104 2116/1515/2103 2121/1510/2108
f 2027/1287/2014 2028/1288/2015 2104/1509/2091 2120/1508/2107
f 2120/1508/2107 2121/1510/2108 2027/1287/2014
f 2044/1463/2031 2042/1516/2029 2025/1496/2012 2124/1289/2111
f 2027/1283/2014 2121/1511/2108 2122/1512/2109 2123/1282/2110
f 2123/1282/2110 2026/1517/2013 2019/1259/2006 2020/1260/2007
f 2122/1512/2109 2119/1513/2106 2026/1517/2013 2123/1282/2110
f 1859/970/1847 2128/1519/2115 2127/1518/2114 1858/969/1846
f 1858/972/1846 2127/1521/2114 2126/1520/2113 1857/971/1845
f 1852/790/1840 1745/791/1733 2130/1523/2117 1861/1522/1849
f 1860/757/1848 2129/758/2116 2128/1519/2115 1859/970/1847
f 1857/974/1845 2126/1524/2113 2125/777/2112 1856/774/1844
f 1855/775/1843 1748/776/1736 1747/1525/1735 1854/975/1842
f 2130/759/2117 2140/1527/2127 2139/1526/2126 2129/758/2116
f 2128/1519/2115 2138/1529/2125 2137/1528/2124 2127/1518/2114
f 2125/777/2112 2135/1531/2122 2134/1530/2121 1748/776/1736
f 1748/776/1736 2134/1530/2121 2133/1532/2120 1747/1525/1735
f 1746/792/1734 2132/1534/2119 2131/1533/2118 1745/791/1733
f 2126/1524/2113 2136/1535/2123 2135/1531/2122 2125/777/2112
f 1745/791/1733 2131/1533/2118 2140/1536/2127 2130/1523/2117
f 2127/1521/2114 2137/1538/2124 2136/1537/2123 2126/1520/2113
f 1747/1525/1735 2133/1532/2120 2132/1540/2119 1746/1539/1734
f 2129/758/2116 2139/1526/2126 2138/1529/2125 2128/1519/2115
f 2137/1538/2124 2142/1542/2129 2141/1541/2128 2136/1537/2123
f 2142/1542/2129 2144/1544/2131 2143/1543/2130 2141/1541/2128
f 2144/1544/2131 2146/1546/2133 2145/1545/2132 2143/1543/2130
f 2142/1547/2129 2147/1550/2134 2148/1549/2135 2144/1548/2131
f 2137/1528/2124 2138/1529/2125 2147/1550/2134 2142/1547/2129
f 2149/1551/2136 2146/1552/2133 2144/1548/2131 2148/1549/2135
f 2148/1549/2135 2155/1554/2142 2157/1553/2144 2149/1551/2136
f 2147/1550/2134 2156/1555/2143 2155/1554/2142 2148/1549/2135
f 2139/1526/2126 2152/1556/2139 2156/1555/2143 2138/1529/2125
f 2131/1557/2118 2153/1559/2140 2154/1558/2141 2140/1527/2127
f 2140/1527/2127 2154/1558/2141 2152/1556/2139 2139/1526/2126
f 2150/1560/2137 2158/1563/2145 2159/1562/2146 2151/1561/2138
f 2156/1555/2143 2147/1550/2134 2138/1529/2125
f 2155/1554/2142 2150/1560/2137 2151/1561/2138 2157/1553/2144
f 2156/1555/2143 2152/1556/2139 2150/1560/2137 2155/1554/2142
f 2150/1560/2137 2152/1556/2139 2154/1558/2141 2158/1563/2145
f 2133/1532/2120 2161/1565/2148 2160/1564/2147 2132/1540/2119
f 2132/1534/2119 2160/1567/2147 2153/1566/2140 2131/1533/2118
f 2135/1531/2122 2163/1569/2150 2162/1568/2149 2134/1530/2121
f 2134/1530/2121 2162/1568/2149 2161/1565/2148 2133/1532/2120
f 2160/1567/2147 2165/1571/2152 2164/1570/2151 2153/1566/2140
f 2153/1559/2140 2164/1572/2151 2158/1563/2145 2154/1558/2141
f 2162/1568/2149 2167/1574/2154 2166/1573/2153 2161/1565/2148
f 2161/1565/2148 2166/1573/2153 2165/1575/2152 2160/1564/2147
f 2163/1569/2150 2168/1576/2155 2167/1574/2154 2162/1568/2149
f 2165/1571/2152 2186/1578/2173 2169/1577/2156 2164/1570/2151
f 2159/1562/2146 2158/1563/2145 2164/1572/2151 2169/1579/2156
f 2167/1574/2154 2170/1581/2157 2185/1580/2172 2166/1573/2153
f 2166/1573/2153 2185/1580/2172 2186/1582/2173 2165/1575/2152
f 2141/1583/2128 2172/1585/2159 2171/1584/2158 2136/1535/2123
f 2136/1535/2123 2171/1584/2158 2163/1569/2150 2135/1531/2122
f 2172/1585/2159 2174/1587/2161 2173/1586/2160 2171/1584/2158
f 2168/1576/2155 2163/1569/2150 2171/1584/2158 2173/1586/2160
f 2172/1585/2159 2175/1589/2162 2176/1588/2163 2174/1587/2161
f 2141/1583/2128 2143/1590/2130 2175/1589/2162 2172/1585/2159
f 2175/1589/2162 2177/1592/2164 2178/1591/2165 2176/1588/2163
f 2143/1590/2130 2145/1593/2132 2177/1592/2164 2175/1589/2162
f 2146/1546/2133 2180/1595/2167 2179/1594/2166 2145/1545/2132
f 2178/1591/2165 2177/1592/2164 2145/1593/2132 2179/1596/2166
f 2157/1553/2144 2182/1598/2169 2181/1597/2168 2149/1551/2136
f 2149/1551/2136 2181/1597/2168 2180/1599/2167 2146/1552/2133
f 2159/1562/2146 2184/1601/2171 2183/1600/2170 2151/1561/2138
f 2151/1561/2138 2183/1600/2170 2182/1598/2169 2157/1553/2144
f 2188/1602/2175 2184/1601/2171 2159/1562/2146 2169/1579/2156
f 2187/1603/2174 2186/1582/2173 2185/1580/2172 2190/1604/2177
f 2187/1605/2174 2188/1606/2175 2169/1577/2156 2186/1578/2173
f 2189/1607/2176 2190/1604/2177 2185/1580/2172 2170/1581/2157
f 2189/1607/2176 2170/1581/2157 2191/1609/2178 2192/1608/2179
f 2174/1587/2161 2194/1611/2181 2193/1610/2180 2173/1586/2160
f 2167/1574/2154 2168/1576/2155 2191/1609/2178 2170/1581/2157
f 2168/1576/2155 2173/1586/2160 2193/1610/2180 2191/1609/2178
f 2194/1611/2181 2196/1613/2183 2195/1612/2182 2193/1610/2180
f 2192/1608/2179 2191/1609/2178 2193/1610/2180 2195/1612/2182
f 2178/1591/2165 2198/1615/2185 2197/1614/2184 2176/1588/2163
f 2176/1588/2163 2197/1614/2184 2194/1611/2181 2174/1587/2161
f 2198/1615/2185 2200/1617/2187 2199/1616/2186 2197/1614/2184
f 2196/1613/2183 2194/1611/2181 2197/1614/2184 2199/1616/2186
f 2178/1591/2165 2179/1596/2166 2198/1615/2185
f 2179/1594/2166 2180/1595/2167 2200/1619/2187 2198/1618/2185
f 2200/1620/2187 2202/1623/2189 2201/1622/2188 2199/1621/2186
f 2180/1595/2167 2181/1625/2168 2202/1624/2189 2200/1619/2187
f 2182/1626/2169 2183/1627/2170 2201/1622/2188 2202/1623/2189
f 2182/1598/2169 2202/1628/2189 2181/1597/2168
f 2204/1629/2191 2195/1612/2182 2196/1613/2183 2203/1630/2190
f 2196/1631/2183 2199/1621/2186 2201/1622/2188 2203/1632/2190
f 2201/1622/2188 2183/1627/2170 2203/1632/2190
f 2184/1633/2171 2204/1634/2191 2203/1632/2190 2183/1627/2170
f 2205/1635/2192 2204/1634/2191 2184/1633/2171
f 2192/1608/2179 2195/1612/2182 2204/1629/2191 2205/1636/2192
f 2188/1637/2175 2206/1638/2193 2205/1635/2192 2184/1633/2171
f 2188/1606/2175 2187/1605/2174 2206/1639/2193
f 2190/1604/2177 2206/1640/2193 2187/1603/2174
f 2190/1604/2177 2189/1607/2176 2206/1640/2193
f 2189/1607/2176 2192/1608/2179 2205/1636/2192 2206/1640/2193
f 1932/1105/1920 2299/1641/2286 2300/1238/2287 1952/1137/1940
f 1958/1148/1946 1956/1145/1944 2010/1643/1997 2013/1642/2000
f 1180/1150/1168 1958/1148/1946 2013/1642/2000 1242/1644/1230
f 1927/1645/1915 2207/1648/2194 1931/1647/1919 1925/1646/1913
f 1437/1649/1425 1148/1650/1136 1931/1647/1919 2207/1648/2194
f 1913/1651/1901 1127/1654/1115 1437/1653/1425 2207/1652/2194
f 1914/1068/1902 1913/1069/1901 2207/1648/2194 1927/1645/1915
f 1942/1118/1930 2208/1655/2195 1943/1113/1931
f 1937/1109/1925 2208/1656/2195 1939/1120/1927
f 1946/1115/1934 2208/1655/2195 1938/1114/1926
f 1936/1110/1924 2208/1656/2195 1937/1109/1925
f 1943/1113/1931 2208/1655/2195 1944/1112/1932
f 1940/1117/1928 2208/1656/2195 1941/1116/1929
f 1947/1121/1935 2208/1656/2195 1942/1122/1930
f 1938/1114/1926 2208/1655/2195 1936/1119/1924
f 1944/1112/1932 2208/1655/2195 1945/1111/1933
f 1941/1116/1929 2208/1656/2195 1947/1121/1935
f 1939/1120/1927 2208/1656/2195 1940/1117/1928
f 1945/1111/1933 2208/1655/2195 1946/1115/1934
f 1457/1657/1445 1458/1660/1446 2212/1659/2199 2211/1658/2198
f 2211/1661/2198 2212/1664/2199 2215/1663/2202 2214/1662/2201
f 2211/1661/2198 2214/1662/2201 2218/1666/2205 2217/1665/2204
f 2217/1667/2204 2218/1670/2205 2220/1669/2207 2219/1668/2206
f 2219/1668/2206 2220/1669/2207 2222/1672/2209 2221/1671/2208
f 2221/1671/2208 2222/1672/2209 2224/1674/2211 2223/1673/2210
f 2223/1675/2210 2224/1678/2211 2226/1677/2213 2225/1676/2212
f 2225/1676/2212 2226/1677/2213 2228/1680/2215 2227/1679/2214
f 2227/1679/2214 2228/1680/2215 2230/1682/2217 2229/1681/2216
f 2229/1683/2216 2230/1686/2217 2232/1685/2219 2231/1684/2218
f 2231/1684/2218 2232/1685/2219 2234/1688/2221 2233/1687/2220
f 2233/1687/2220 2234/1688/2221 2236/1690/2223 2235/1689/2222
f 2212/1664/2199 2235/1692/2222 2236/1691/2223 2215/1663/2202
f 1455/1693/1443 1456/1696/1444 2238/1695/2225 2237/1694/2224
f 1456/1696/1444 1457/1657/1445 2211/1658/2198 2238/1695/2225
f 2211/1658/2198 2217/1667/2204 2237/1694/2224 2238/1695/2225
f 1453/1697/1441 1454/1700/1442 2240/1699/2227 2239/1698/2226
f 1454/1701/1442 1455/1693/1443 2237/1694/2224 2240/1702/2227
f 1449/1703/1437 1450/1706/1438 2242/1705/2229 2241/1704/2228
f 2241/1704/2228 2242/1705/2229 2244/1708/2231 2243/1707/2230
f 2243/1707/2230 2244/1708/2231 2246/1710/2233 2245/1709/2232
f 2245/1709/2232 2246/1710/2233 2248/1712/2235 2247/1711/2234
f 2247/1711/2234 2248/1712/2235 2249/1714/2236 2250/1713/2237
f 1444/1715/1432 1445/1716/1433 2250/1713/2237 2249/1714/2236
f 1447/1717/1435 1448/1720/1436 2252/1719/2239 2251/1718/2238
f 2251/1718/2238 2252/1719/2239 2254/1722/2241 2253/1721/2240
f 2253/1721/2240 2254/1722/2241 2256/1724/2243 2255/1723/2242
f 2255/1723/2242 2256/1724/2243 2258/1726/2245 2257/1725/2244
f 2257/1725/2244 2258/1726/2245 2260/1728/2247 2259/1727/2246
f 1513/1729/1501 2259/1727/2246 2260/1728/2247 1446/1730/1434
f 1446/1730/1434 2260/1728/2247 2250/1713/2237 1445/1716/1433
f 2260/1728/2247 2258/1726/2245 2247/1711/2234 2250/1713/2237
f 2247/1711/2234 2258/1726/2245 2256/1724/2243 2245/1709/2232
f 2245/1709/2232 2256/1724/2243 2254/1722/2241 2243/1707/2230
f 2243/1707/2230 2254/1722/2241 2252/1719/2239 2241/1704/2228
f 1448/1720/1436 1449/1703/1437 2241/1704/2228 2252/1719/2239
f 1451/1731/1439 1452/1734/1440 2262/1733/2249 2261/1732/2248
f 1452/1735/1440 1453/1697/1441 2239/1698/2226 2262/1736/2249
f 1451/1731/1439 2261/1732/2248 2242/1705/2229 1450/1706/1438
f 2240/1699/2227 2237/1739/2224 2263/1738/2250 2264/1737/2251
f 2219/1668/2206 2263/1740/2250 2237/1694/2224 2217/1667/2204
f 2262/1736/2249 2239/1698/2226 2265/1742/2252 2266/1741/2253
f 2239/1698/2226 2240/1699/2227 2264/1737/2251 2265/1742/2252
f 2267/1743/2254 2261/1732/2248 2262/1733/2249 2266/1744/2253
f 2244/1708/2231 2242/1705/2229 2261/1732/2248 2267/1743/2254
f 2265/1745/2252 2264/1748/2251 2268/1747/2255 2269/1746/2256
f 2270/1749/2257 2263/1740/2250 2219/1668/2206 2221/1671/2208
f 2263/1740/2250 2270/1749/2257 2268/1747/2255 2264/1748/2251
f 2267/1743/2254 2266/1744/2253 2271/1751/2258 2272/1750/2259
f 2266/1744/2253 2265/1745/2252 2269/1746/2256 2271/1751/2258
f 2244/1708/2231 2267/1743/2254 2272/1750/2259 2246/1710/2233
f 1442/1752/1430 1443/1755/1431 2274/1754/2261 2273/1753/2260
f 2273/1753/2260 2274/1754/2261 2276/1757/2263 2275/1756/2262
f 1443/1758/1431 1444/1715/1432 2249/1714/2236 2274/1759/2261
f 2274/1759/2261 2249/1714/2236 2248/1712/2235 2276/1760/2263
f 2248/1712/2235 2246/1710/2233 2272/1750/2259 2276/1760/2263
f 2275/1756/2262 2276/1757/2263 2278/1762/2265 2277/1761/2264
f 2271/1751/2258 2278/1763/2265 2276/1760/2263 2272/1750/2259
f 2277/1761/2264 2278/1762/2265 2280/1765/2267 2279/1764/2266
f 2269/1766/2256 2280/1765/2267 2278/1762/2265 2271/1767/2258
f 2279/1764/2266 2280/1765/2267 2282/1769/2269 2281/1768/2268
f 2268/1770/2255 2282/1769/2269 2280/1765/2267 2269/1766/2256
f 2281/1768/2268 2282/1769/2269 2284/1772/2271 2283/1771/2270
f 2270/1773/2257 2284/1772/2271 2282/1769/2269 2268/1770/2255
f 2223/1673/2210 2284/1774/2271 2270/1749/2257 2221/1671/2208
f 2223/1675/2210 2225/1676/2212 2283/1771/2270 2284/1772/2271
f 2281/1768/2268 2283/1771/2270 2290/1776/2277 2289/1775/2276
f 2279/1764/2266 2281/1768/2268 2289/1775/2276 2288/1777/2275
f 2273/1753/2260 2275/1756/2262 2286/1779/2273 2285/1778/2272
f 2277/1761/2264 2279/1764/2266 2288/1777/2275 2287/1780/2274
f 2275/1756/2262 2277/1761/2264 2287/1780/2274 2286/1779/2273
f 1442/1781/1430 2273/1784/2260 2285/1783/2272 1441/1782/1429
f 1439/1785/1427 1440/1788/1428 2292/1787/2279 2291/1786/2278
f 1440/1788/1428 1441/1782/1429 2285/1783/2272 2292/1787/2279
f 2289/1775/2276 2290/1776/2277 2297/1790/2284 2296/1789/2283
f 2287/1780/2274 2288/1777/2275 2295/1792/2282 2294/1791/2281
f 2288/1777/2275 2289/1775/2276 2296/1789/2283 2295/1792/2282
f 2286/1779/2273 2287/1780/2274 2294/1791/2281 2293/1793/2280
f 2286/1794/2273 2293/1795/2280 2292/1787/2279 2285/1783/2272
f 2298/1796/2285 2290/1776/2277 2283/1771/2270 2225/1676/2212
f 1239/1797/1227 1439/1800/1427 2291/1799/2278 2303/1798/2290
f 2299/1641/2286 1150/1802/1138 1234/1801/1222 2300/1238/2287
f 2299/1641/2286 1932/1105/1920 1930/1099/1918 2301/1103/2288
f 1555/1104/1543 1150/1802/1138 2299/1641/2286 2301/1103/2288
f 2304/1237/2291 1235/1804/1223 1238/1803/1226 2302/1246/2289
f 2302/1805/2289 1238/1806/1226 1239/1797/1227 2303/1798/2290
f 2300/1238/2287 1234/1801/1222 1235/1804/1223 2304/1237/2291
f 2297/1790/2284 2290/1776/2277 2298/1796/2285 2305/1807/2292
f 2305/1807/2292 2298/1796/2285 2306/1809/2293 2307/1808/2294
f 2227/1679/2214 2306/1809/2293 2298/1796/2285 2225/1676/2212
f 1458/1660/1446 1567/1811/1555 2308/1810/2295 2212/1659/2199
f 2233/1687/2220 2235/1689/2222 2312/1813/2299 2311/1812/2298
f 2231/1684/2218 2233/1687/2220 2311/1812/2298 2310/1814/2297
f 2229/1683/2216 2231/1684/2218 2310/1814/2297 2309/1815/2296
f 2235/1689/2222 2212/1659/2199 2308/1810/2295 2312/1813/2299
f 2229/1681/2216 2309/1816/2296 2306/1809/2293 2227/1679/2214
f 1460/1817/1448 2314/1818/2301 2308/1810/2295 1567/1811/1555
f 1460/1817/1448 1461/1820/1449 2315/1819/2302 2314/1818/2301
f 2314/1818/2301 2315/1819/2302 2213/1822/2200 2216/1821/2203
f 2216/1821/2203 2213/1822/2200 2313/1824/2300 2209/1823/2196
f 2216/1821/2203 2312/1813/2299 2308/1810/2295 2314/1818/2301
f 2312/1813/2299 2216/1821/2203 2209/1823/2196 2311/1812/2298
f 2209/1823/2196 2313/1824/2300 2317/1826/2304 2316/1825/2303
f 2311/1812/2298 2209/1823/2196 2316/1825/2303 2310/1814/2297
f 2316/1827/2303 2317/1830/2304 2319/1829/2306 2318/1828/2305
f 2310/1831/2297 2316/1827/2303 2318/1828/2305 2309/1816/2296
f 2318/1828/2305 2319/1829/2306 2320/1833/2307 2210/1832/2197
f 2210/1832/2197 2320/1833/2307 2322/1835/2309 2321/1834/2308
f 2321/1834/2308 2322/1835/2309 2324/1837/2311 2323/1836/2310
f 2323/1836/2310 2324/1837/2311 2326/1839/2313 2325/1838/2312
f 2325/1840/2312 2326/1843/2313 2328/1842/2315 2327/1841/2314
f 2327/1841/2314 2328/1842/2315 2330/1845/2317 2329/1844/2316
f 2329/1844/2316 2330/1845/2317 2332/1847/2319 2331/1846/2318
f 2331/1846/2318 2332/1847/2319 1589/1849/1577 1588/1848/1576
f 2306/1809/2293 2309/1816/2296 2334/1851/2321 2333/1850/2320
f 2309/1816/2296 2318/1828/2305 2210/1832/2197 2334/1851/2321
f 2333/1850/2320 2334/1851/2321 2336/1853/2323 2335/1852/2322
f 2321/1834/2308 2336/1853/2323 2334/1851/2321 2210/1832/2197
f 2306/1809/2293 2333/1850/2320 2335/1852/2322 2307/1808/2294
f 2014/1250/2001 2337/1855/2324 1595/1854/1583 1243/1252/1231
f 2337/1855/2324 2338/1857/2325 1597/1856/1585 1595/1854/1583
f 2338/1857/2325 2339/1859/2326 1599/1858/1587 1597/1856/1585
f 2339/1859/2326 2340/1861/2327 1601/1860/1589 1599/1858/1587
f 2331/1846/2318 1588/1848/1576 1601/1860/1589 2340/1861/2327
f 2341/1862/2328 2011/1242/1998 2303/1243/2290 2291/1863/2278
f 2291/1863/2278 2292/1864/2279 2293/1793/2280 2341/1862/2328
f 2295/1792/2282 2296/1789/2283 2344/1866/2331 2343/1865/2330
f 2294/1791/2281 2295/1792/2282 2343/1865/2330 2342/1867/2329
f 2294/1791/2281 2342/1867/2329 2341/1862/2328 2293/1793/2280
f 2341/1862/2328 2342/1867/2329 2346/1869/2333 2345/1868/2332
f 2343/1870/2330 2344/1873/2331 2348/1872/2335 2347/1871/2334
f 2342/1867/2329 2343/1865/2330 2347/1874/2334 2346/1869/2333
f 2011/1242/1998 2341/1862/2328 2345/1868/2332 2012/1241/1999
f 2012/1247/1999 2345/1875/2332 2337/1855/2324 2014/1250/2001
f 2338/1857/2325 2337/1855/2324 2345/1875/2332 2346/1876/2333
f 2347/1871/2334 2348/1872/2335 2350/1878/2337 2349/1877/2336
f 2347/1871/2334 2349/1877/2336 2338/1857/2325 2346/1876/2333
f 2338/1857/2325 2349/1877/2336 2350/1878/2337 2339/1859/2326
f 2351/1879/2338 2336/1853/2323 2321/1834/2308 2323/1836/2310
f 2352/1880/2339 2335/1852/2322 2336/1853/2323 2351/1879/2338
f 2329/1844/2316 2331/1846/2318 2340/1861/2327 2353/1881/2340
f 2327/1841/2314 2329/1844/2316 2353/1881/2340 2354/1882/2341
f 2355/1883/2342 2351/1879/2338 2323/1836/2310 2325/1838/2312
f 2325/1838/2312 2327/1885/2314 2354/1884/2341 2355/1883/2342
f 2352/1880/2339 2351/1879/2338 2355/1883/2342 2356/1886/2343
f 2340/1861/2327 2339/1859/2326 2350/1878/2337 2353/1881/2340
f 2354/1882/2341 2353/1881/2340 2350/1878/2337 2357/1887/2344
f 2355/1883/2342 2354/1884/2341 2357/1889/2344 2358/1888/2345
f 2348/1890/2335 2358/1888/2345 2357/1889/2344 2350/1891/2337
f 2356/1892/2343 2355/1895/2342 2358/1894/2345 2359/1893/2346
f 2344/1873/2331 2416/1896/2403 2359/1893/2346 2358/1894/2345 2348/1872/2335
f 2313/1824/2300 2213/1822/2200 2360/1898/2347 2361/1897/2348
f 2322/1835/2309 2320/1833/2307 2365/1900/2352 2366/1899/2353
f 2332/1847/2319 2330/1845/2317 2370/1902/2357 2371/1901/2358
f 2319/1829/2306 2317/1830/2304 2363/1904/2350 2364/1903/2351
f 2328/1842/2315 2326/1843/2313 2368/1906/2355 2369/1905/2356
f 2324/1837/2311 2322/1835/2309 2366/1899/2353 2367/1907/2354
f 2213/1822/2200 2315/1819/2302 2362/1908/2349 2360/1898/2347
f 1589/1849/1577 2332/1847/2319 2371/1901/2358 1634/1909/1622
f 2320/1833/2307 2319/1829/2306 2364/1903/2351 2365/1900/2352
f 2330/1845/2317 2328/1842/2315 2369/1905/2356 2370/1902/2357
f 2317/1826/2304 2313/1824/2300 2361/1897/2348 2363/1910/2350
f 2315/1819/2302 1461/1820/1449 1621/1911/1609 2362/1908/2349
f 2326/1839/2313 2324/1837/2311 2367/1907/2354 2368/1912/2355
f 2362/1908/2349 1621/1911/1609 1635/1914/1623 2373/1913/2360
f 2360/1898/2347 2362/1908/2349 2373/1913/2360 2372/1915/2359
f 2395/1916/2382 1664/1919/1652 1638/1918/1626 2375/1917/2362
f 2396/1920/2383 2395/1916/2382 2375/1917/2362 2374/1921/2361
f 2375/1922/2362 1638/1925/1626 1641/1924/1629 2377/1923/2364
f 2374/1926/2361 2375/1922/2362 2377/1923/2364 2376/1927/2363
f 2377/1928/2364 1641/1931/1629 1644/1930/1632 2379/1929/2366
f 2376/1932/2363 2377/1928/2364 2379/1929/2366 2378/1933/2365
f 2379/1929/2366 1644/1930/1632 1647/1935/1635 2381/1934/2368
f 2378/1933/2365 2379/1929/2366 2381/1934/2368 2380/1936/2367
f 2371/1901/2358 2381/1934/2368 1647/1935/1635 1634/1909/1622
f 2370/1902/2357 2380/1936/2367 2381/1934/2368 2371/1901/2358
f 2367/1907/2354 2366/1899/2353 2382/1938/2369 2383/1937/2370
f 2383/1937/2370 2382/1938/2369 2384/1940/2371 2385/1939/2372
f 2376/1927/2363 2385/1942/2372 2384/1941/2371 2374/1926/2361
f 2369/1905/2356 2368/1906/2355 2386/1944/2373 2387/1943/2374
f 2369/1905/2356 2387/1943/2374 2380/1936/2367 2370/1902/2357
f 2368/1912/2355 2367/1907/2354 2383/1937/2370 2386/1945/2373
f 2388/1946/2375 2385/1947/2372 2376/1932/2363 2378/1933/2365
f 2378/1933/2365 2380/1936/2367 2387/1943/2374 2388/1946/2375
f 2385/1947/2372 2388/1946/2375 2386/1944/2373 2383/1948/2370
f 2387/1943/2374 2386/1944/2373 2388/1946/2375
f 2384/1940/2371 2382/1938/2369 2389/1950/2376 2390/1949/2377
f 2390/1949/2377 2389/1950/2376 2391/1952/2378 2392/1951/2379
f 2365/1900/2352 2389/1950/2376 2382/1938/2369 2366/1899/2353
f 2364/1903/2351 2391/1952/2378 2389/1950/2376 2365/1900/2352
f 2363/1904/2350 2361/1955/2348 2393/1954/2380 2394/1953/2381
f 2363/1904/2350 2394/1953/2381 2391/1952/2378 2364/1903/2351
f 2361/1897/2348 2360/1898/2347 2372/1915/2359 2393/1956/2380
f 2372/1915/2359 2373/1913/2360 2395/1916/2382 2396/1920/2383
f 2373/1913/2360 1635/1914/1623 1664/1919/1652 2395/1916/2382
f 2392/1951/2379 2391/1952/2378 2394/1953/2381 2397/1957/2384
f 2396/1920/2383 2397/1958/2384 2393/1956/2380 2372/1915/2359
f 2396/1959/2383 2374/1960/2361 2392/1951/2379 2397/1957/2384
f 2384/1941/2371 2390/1962/2377 2392/1961/2379 2374/1926/2361
f 2394/1953/2381 2393/1954/2380 2397/1957/2384
f 2297/1963/2284 2399/1966/2386 2400/1965/2387 2398/1964/2385
f 2399/1967/2386 2401/1970/2388 2402/1969/2389 2400/1968/2387
f 2401/1970/2388 2403/1972/2390 2404/1971/2391 2402/1969/2389
f 2403/1972/2390 2405/1974/2392 2406/1973/2393 2404/1971/2391
f 2405/1974/2392 2407/1976/2394 2408/1975/2395 2406/1973/2393
f 2407/1976/2394 2409/1978/2396 2410/1977/2397 2408/1975/2395
f 2307/1808/2294 2410/1977/2397 2409/1978/2396 2305/1807/2292
f 2402/1979/2389 2412/1982/2399 2411/1981/2398 2400/1980/2387
f 2408/1983/2395 2415/1986/2402 2414/1985/2401 2406/1984/2393
f 2404/1987/2391 2413/1988/2400 2412/1982/2399 2402/1979/2389
f 2406/1984/2393 2414/1985/2401 2413/1988/2400 2404/1987/2391
f 2359/1893/2346 2416/1896/2403 2411/1981/2398 2412/1982/2399
f 2296/1789/2283 2297/1790/2284 2398/1989/2385
f 2416/1896/2403 2344/1873/2331 2411/1981/2398
f 2296/1990/2283 2398/1993/2385 2411/1992/2398 2344/1991/2331
f 2398/1993/2385 2400/1994/2387 2411/1992/2398
f 2356/1892/2343 2359/1893/2346 2412/1982/2399 2413/1988/2400
f 2352/1995/2339 2356/1892/2343 2413/1988/2400 2414/1985/2401
f 2335/1996/2322 2352/1995/2339 2414/1985/2401 2415/1986/2402
f 2335/1852/2322 2410/1977/2397 2307/1808/2294
f 2408/1975/2395 2410/1977/2397 2335/1852/2322 2415/1997/2402
f 2305/1807/2292 2409/1978/2396 2399/1967/2386 2297/1790/2284
f 2401/1970/2388 2399/1967/2386 2409/1978/2396 2407/1976/2394
f 2403/1972/2390 2401/1970/2388 2407/1976/2394 2405/1974/2392
f 2232/1998/2219 2436/2001/2423 2437/2000/2424 2234/1999/2221
f 2417/893/2404 2423/2002/2410 1784/883/1772
f 2424/2003/2411 2421/901/2408 2418/884/2405 2420/885/2407
f 2422/895/2409 2419/881/2406 1811/887/1799
f 2424/2003/2411 1819/2005/1807 1818/2004/1806 2421/901/2408
f 2422/895/2409 1811/887/1799 1821/902/1809 1820/2006/1808
f 2422/895/2409 1820/2006/1808 1819/2007/1807 2424/894/2411
f 2421/901/2408 1818/2004/1806 1817/2008/1805 2423/900/2410
f 2423/2002/2410 1817/2009/1805 1816/906/1804 1784/883/1772
f 2425/1198/2412 1981/1208/1969 1982/1197/1970
f 2426/1195/2413 1984/1207/1972 1981/1208/1969 2425/1198/2412
f 1985/1196/1973 1984/1207/1972 2426/1195/2413
f 2433/2010/2420 2445/2013/2432 2446/2012/2433 2434/2011/2421
f 2230/2014/2217 2435/2017/2422 2436/2016/2423 2232/2015/2219
f 2228/2018/2215 2434/2019/2421 2435/2017/2422 2230/2014/2217
f 2226/2020/2213 2433/2021/2420 2434/2019/2421 2228/2018/2215
f 2215/2022/2202 2428/2025/2415 2427/2024/2414 2214/2023/2201
f 2224/2026/2211 2432/2027/2419 2433/2021/2420 2226/2020/2213
f 2222/2028/2209 2431/2029/2418 2432/2027/2419 2224/2026/2211
f 2220/2030/2207 2430/2033/2417 2431/2032/2418 2222/2031/2209
f 2236/2034/2223 2438/2035/2425 2428/2025/2415 2215/2022/2202
f 2218/2036/2205 2429/2039/2416 2430/2038/2417 2220/2037/2207
f 2234/1999/2221 2437/2000/2424 2438/2041/2425 2236/2040/2223
f 2214/2023/2201 2427/2024/2414 2429/2039/2416 2218/2036/2205
f 2440/2042/2427 2450/2051/2437 2449/2050/2436 2448/2049/2435 2447/2048/2434 2446/2012/2433 2445/2013/2432 2444/2047/2431 2443/2046/2430 2442/2045/2429 2441/2044/2428 2439/2043/2426
f 2430/2033/2417 2442/2053/2429 2443/2052/2430 2431/2032/2418
f 2437/2000/2424 2449/2055/2436 2450/2054/2437 2438/2041/2425
f 2428/2025/2415 2440/2057/2427 2439/2056/2426 2427/2024/2414
f 2434/2011/2421 2446/2012/2433 2447/2048/2434 2435/2058/2422
f 2431/2059/2418 2443/2046/2430 2444/2047/2431 2432/2060/2419
f 2438/2035/2425 2450/2061/2437 2440/2057/2427 2428/2025/2415
f 2427/2024/2414 2439/2056/2426 2441/2062/2428 2429/2039/2416
f 2435/2058/2422 2447/2048/2434 2448/2049/2435 2436/2063/2423
f 2432/2060/2419 2444/2047/2431 2445/2013/2432 2433/2010/2420
f 2429/2039/2416 2441/2062/2428 2442/2064/2429 2430/2038/2417
f 2436/2001/2423 2448/2065/2435 2449/2055/2436 2437/2000/2424
f 2253/2066/2240 2452/2069/2439 2451/2068/2438 2251/2067/2238
f 2259/2070/2246 2455/2073/2442 2454/2072/2441 2257/2071/2244
f 2255/2074/2242 2453/2077/2440 2452/2076/2439 2253/2075/2240
f 2251/2067/2238 2451/2068/2438 1720/2079/1708 1447/2078/1435
f 2257/2080/2244 2454/2081/2441 2453/2077/2440 2255/2074/2242
f 1513/2082/1501 1726/2083/1714 2455/2073/2442 2259/2070/2246
f 2452/2069/2439 2457/2085/2444 2456/2084/2443 2451/2068/2438
f 1726/2086/1714 1733/2089/1721 2460/2088/2447 2455/2087/2442
f 2455/2087/2442 2460/2088/2447 2459/2091/2446 2454/2090/2441
f 2453/2077/2440 2458/2093/2445 2457/2092/2444 2452/2076/2439
f 2451/2068/2438 2456/2084/2443 1727/2094/1715 1720/2079/1708
f 2454/2081/2441 2459/2095/2446 2458/2093/2445 2453/2077/2440
f 1733/2096/1721 1727/2099/1715 2456/2098/2443 2460/2097/2447
f 2457/2100/2444 2459/2101/2446 2460/2097/2447 2456/2098/2443
f 2458/2102/2445 2459/2101/2446 2457/2100/2444
o Body_03-eyes
v 0.037825 0.311188 0.059538
v 0.037825 0.318393 0.052333
v 0.037825 0.322292 0.042919
v 0.038768 0.302779 0.063437
v 0.039774 0.306481 0.061951
v 0.040655 0.310909 0.059538
v 0.041427 0.314790 0.056290
v 0.042061 0.317976 0.052333
v 0.042531 0.320343 0.047818
v 0.042821 0.321800 0.042919
v 0.039675 0.302425 0.063437
v 0.041649 0.305912 0.061951
v 0.043377 0.310084 0.059538
v 0.044891 0.313740 0.056290
v 0.046134 0.316740 0.052333
v 0.047057 0.318970 0.047818
v 0.047626 0.320343 0.042919
v 0.040512 0.301850 0.063437
v 0.043377 0.304989 0.061951
v 0.045885 0.308743 0.059538
v 0.048084 0.312033 0.056290
v 0.049888 0.314734 0.052333
v 0.051229 0.316740 0.047818
v 0.052054 0.317976 0.042919
v 0.041244 0.301077 0.063437
v 0.044891 0.303746 0.061951
v 0.048084 0.306939 0.059538
v 0.050882 0.309737 0.056290
v 0.053178 0.312033 0.052333
v 0.054885 0.313740 0.047818
v 0.055935 0.314790 0.042919
v 0.041846 0.300134 0.063437
v 0.046134 0.302232 0.061951
v 0.049888 0.304740 0.059538
v 0.053178 0.306939 0.056290
v 0.055878 0.308743 0.052333
v 0.057885 0.310084 0.047818
v 0.059121 0.310909 0.042919
v 0.037825 0.296680 0.063441
v 0.042293 0.299059 0.063437
v 0.047057 0.300504 0.061951
v 0.051229 0.302232 0.059538
v 0.054885 0.303746 0.056290
v 0.057885 0.304989 0.052333
v 0.060115 0.305912 0.047818
v 0.061487 0.306481 0.042919
v 0.042568 0.297893 0.063437
v 0.047626 0.298629 0.061951
v 0.052054 0.299510 0.059538
v 0.055935 0.300282 0.056290
v 0.059121 0.300916 0.052333
v 0.061487 0.301386 0.047818
v 0.062945 0.301676 0.042919
v 0.042661 0.296680 0.063437
v 0.047818 0.296680 0.061951
v 0.052333 0.296680 0.059538
v 0.056290 0.296680 0.056290
v 0.059538 0.296680 0.052333
v 0.061951 0.296680 0.047818
v 0.063437 0.296680 0.042919
v 0.042568 0.295466 0.063437
v 0.047626 0.294730 0.061951
v 0.052054 0.293849 0.059538
v 0.055935 0.293077 0.056290
v 0.059121 0.292444 0.052333
v 0.061487 0.291973 0.047818
v 0.062945 0.291683 0.042919
v 0.042293 0.294300 0.063437
v 0.047057 0.292855 0.061951
v 0.051229 0.291128 0.059538
v 0.054885 0.289613 0.056290
v 0.057885 0.288370 0.052333
v 0.060115 0.287447 0.047818
v 0.061487 0.286878 0.042919
v 0.041846 0.293225 0.063437
v 0.046134 0.291128 0.061951
v 0.049888 0.288619 0.059538
v 0.053178 0.286421 0.056290
v 0.055878 0.284616 0.052333
v 0.057885 0.283276 0.047818
v 0.059121 0.282450 0.042919
v 0.041244 0.292282 0.063437
v 0.044891 0.289613 0.061951
v 0.048083 0.286421 0.059538
v 0.050882 0.283622 0.056290
v 0.053178 0.281326 0.052333
v 0.054885 0.279620 0.047818
v 0.055935 0.278569 0.042919
v 0.040512 0.291509 0.063437
v 0.043377 0.288370 0.061951
v 0.045885 0.284616 0.059538
v 0.048084 0.281326 0.056290
v 0.049888 0.278626 0.052333
v 0.051229 0.276619 0.047818
v 0.052054 0.275384 0.042919
v 0.039675 0.290934 0.063437
v 0.041649 0.287447 0.061951
v 0.043377 0.283276 0.059538
v 0.044891 0.279620 0.056290
v 0.046134 0.276619 0.052333
v 0.047057 0.274390 0.047818
v 0.047626 0.273017 0.042919
v 0.038768 0.290580 0.063437
v 0.039774 0.286878 0.061951
v 0.040655 0.282450 0.059538
v 0.041427 0.278569 0.056290
v 0.042061 0.275384 0.052333
v 0.042531 0.273017 0.047818
v 0.042821 0.271559 0.042919
v 0.037825 0.290461 0.063437
v 0.037825 0.286686 0.061951
v 0.037825 0.282171 0.059538
v 0.037825 0.278214 0.056290
v 0.037825 0.274966 0.052333
v 0.037825 0.272553 0.047818
v 0.037825 0.271067 0.042919
v 0.036881 0.290580 0.063437
v 0.035875 0.286878 0.061951
v 0.034994 0.282450 0.059538
v 0.034222 0.278569 0.056290
v 0.033588 0.275384 0.052333
v 0.033118 0.273017 0.047818
v 0.032828 0.271559 0.042919
v 0.035974 0.290934 0.063437
v 0.034000 0.287447 0.061951
v 0.032272 0.283276 0.059538
v 0.030758 0.279620 0.056290
v 0.029515 0.276619 0.052333
v 0.028592 0.274390 0.047818
v 0.028023 0.273017 0.042919
v 0.035138 0.291509 0.063437
v 0.032272 0.288370 0.061951
v 0.029764 0.284616 0.059538
v 0.027566 0.281326 0.056290
v 0.025761 0.278626 0.052333
v 0.024421 0.276619 0.047818
v 0.023595 0.275384 0.042919
v 0.034405 0.292282 0.063437
v 0.030758 0.289613 0.061951
v 0.027566 0.286421 0.059538
v 0.024767 0.283622 0.056290
v 0.022471 0.281326 0.052333
v 0.020765 0.279620 0.047818
v 0.019714 0.278569 0.042919
v 0.033803 0.293225 0.063437
v 0.029515 0.291128 0.061951
v 0.025761 0.288619 0.059538
v 0.022471 0.286421 0.056290
v 0.019771 0.284616 0.052333
v 0.017764 0.283276 0.047818
v 0.016528 0.282450 0.042919
v 0.033356 0.294300 0.063437
v 0.028592 0.292855 0.061951
v 0.024421 0.291128 0.059538
v 0.020765 0.289613 0.056290
v 0.017764 0.288370 0.052333
v 0.015535 0.287447 0.047818
v 0.014162 0.286878 0.042919
v 0.033081 0.295466 0.063437
v 0.028023 0.294730 0.061951
v 0.023595 0.293849 0.059538
v 0.019714 0.293077 0.056290
v 0.016528 0.292444 0.052333
v 0.014162 0.291973 0.047818
v 0.012704 0.291683 0.042919
v 0.032988 0.296680 0.063437
v 0.027831 0.296680 0.061951
v 0.023316 0.296680 0.059538
v 0.019359 0.296680 0.056290
v 0.016111 0.296680 0.052333
v 0.013698 0.296680 0.047818
v 0.012212 0.296680 0.042919
v 0.033081 0.297893 0.063437
v 0.028023 0.298629 0.061951
v 0.023595 0.299510 0.059538
v 0.019714 0.300282 0.056290
v 0.016528 0.300916 0.052333
v 0.014162 0.301386 0.047818
v 0.012704 0.301676 0.042919
v 0.033356 0.299059 0.063437
v 0.028592 0.300504 0.061951
v 0.024421 0.302232 0.059538
v 0.020765 0.303746 0.056290
v 0.017764 0.304989 0.052333
v 0.015535 0.305912 0.047818
v 0.014162 0.306481 0.042919
v 0.033803 0.300134 0.063437
v 0.029515 0.302232 0.061951
v 0.025761 0.304740 0.059538
v 0.022471 0.306939 0.056290
v 0.019771 0.308743 0.052333
v 0.017764 0.310084 0.047818
v 0.016528 0.310909 0.042919
v 0.034405 0.301077 0.063437
v 0.030758 0.303746 0.061951
v 0.027566 0.306939 0.059538
v 0.024767 0.309737 0.056290
v 0.022471 0.312033 0.052333
v 0.020765 0.313740 0.047818
v 0.019714 0.314790 0.042919
v 0.035138 0.301850 0.063437
v 0.032272 0.304989 0.061951
v 0.029764 0.308743 0.059538
v 0.027566 0.312033 0.056290
v 0.025761 0.314734 0.052333
v 0.024421 0.316740 0.047818
v 0.023595 0.317976 0.042919
v 0.035974 0.302425 0.063437
v 0.034000 0.305912 0.061951
v 0.032272 0.310084 0.059538
v 0.030758 0.313740 0.056290
v 0.029515 0.316740 0.052333
v 0.028592 0.318970 0.047818
v 0.028023 0.320343 0.042919
v 0.036881 0.302779 0.063437
v 0.035875 0.306481 0.061951
v 0.034994 0.310909 0.059538
v 0.034222 0.314790 0.056290
v 0.033588 0.317976 0.052333
v 0.033118 0.320343 0.047818
v 0.032828 0.321800 0.042919
v 0.037825 0.302898 0.063437
v 0.037825 0.306673 0.061951
v 0.037825 0.315145 0.056290
v 0.037825 0.320806 0.047818
v -0.037825 0.311188 0.059538
v -0.037825 0.318393 0.052333
v -0.037825 0.322292 0.042919
v -0.038768 0.302779 0.063437
v -0.039774 0.306481 0.061951
v -0.040655 0.310909 0.059538
v -0.041427 0.314790 0.056290
v -0.042061 0.317976 0.052333
v -0.042531 0.320343 0.047818
v -0.042821 0.321800 0.042919
v -0.039675 0.302425 0.063437
v -0.041649 0.305912 0.061951
v -0.043377 0.310084 0.059538
v -0.044891 0.313740 0.056290
v -0.046134 0.316740 0.052333
v -0.047057 0.318970 0.047818
v -0.047626 0.320343 0.042919
v -0.040512 0.301850 0.063437
v -0.043377 0.304989 0.061951
v -0.045885 0.308743 0.059538
v -0.048084 0.312033 0.056290
v -0.049888 0.314734 0.052333
v -0.051229 0.316740 0.047818
v -0.052054 0.317976 0.042919
v -0.041244 0.301077 0.063437
v -0.044891 0.303746 0.061951
v -0.048084 0.306939 0.059538
v -0.050882 0.309737 0.056290
v -0.053178 0.312033 0.052333
v -0.054885 0.313740 0.047818
v -0.055935 0.314790 0.042919
v -0.041846 0.300134 0.063437
v -0.046134 0.302232 0.061951
v -0.049888 0.304740 0.059538
v -0.053178 0.306939 0.056290
v -0.055878 0.308743 0.052333
v -0.057885 0.310084 0.047818
v -0.059121 0.310909 0.042919
v -0.037825 0.296680 0.063441
v -0.042293 0.299059 0.063437
v -0.047057 0.300504 0.061951
v -0.051229 0.302232 0.059538
v -0.054885 0.303746 0.056290
v -0.057885 0.304989 0.052333
v -0.060115 0.305912 0.047818
v -0.061487 0.306481 0.042919
v -0.042568 0.297893 0.063437
v -0.047626 0.298629 0.061951
v -0.052054 0.299510 0.059538
v -0.055935 0.300282 0.056290
v -0.059121 0.300916 0.052333
v -0.061487 0.301386 0.047818
v -0.062945 0.301676 0.042919
v -0.042661 0.296680 0.063437
v -0.047818 0.296680 0.061951
v -0.052333 0.296680 0.059538
v -0.056290 0.296680 0.056290
v -0.059538 0.296680 0.052333
v -0.061951 0.296680 0.047818
v -0.063437 0.296680 0.042919
v -0.042568 0.295466 0.063437
v -0.047626 0.294730 0.061951
v -0.052054 0.293849 0.059538
v -0.055935 0.293077 0.056290
v -0.059121 0.292444 0.052333
v -0.061487 0.291973 0.047818
v -0.062945 0.291683 0.042919
v -0.042293 0.294300 0.063437
v -0.047057 0.292855 0.061951
v -0.051229 0.291128 0.059538
v -0.054885 0.289613 0.056290
v -0.057885 0.288370 0.052333
v -0.060115 0.287447 0.047818
v -0.061487 0.286878 0.042919
v -0.041846 0.293225 0.063437
v -0.046134 0.291128 0.061951
v -0.049888 0.288619 0.059538
v -0.053178 0.286421 0.056290
v -0.055878 0.284616 0.052333
v -0.057885 0.283276 0.047818
v -0.059121 0.282450 0.042919
v -0.041244 0.292282 0.063437
v -0.044891 0.289613 0.061951
v -0.048083 0.286421 0.059538
v -0.050882 0.283622 0.056290
v -0.053178 0.281326 0.052333
v -0.054885 0.279620 0.047818
v -0.055935 0.278569 0.042919
v -0.040512 0.291509 0.063437
v -0.043377 0.288370 0.061951
v -0.045885 0.284616 0.059538
v -0.048084 0.281326 0.056290
v -0.049888 0.278626 0.052333
v -0.051229 0.276619 0.047818
v -0.052054 0.275384 0.042919
v -0.039675 0.290934 0.063437
v -0.041649 0.287447 0.061951
v -0.043377 0.283276 0.059538
v -0.044891 0.279620 0.056290
v -0.046134 0.276619 0.052333
v -0.047057 0.274390 0.047818
v -0.047626 0.273017 0.042919
v -0.038768 0.290580 0.063437
v -0.039774 0.286878 0.061951
v -0.040655 0.282450 0.059538
v -0.041427 0.278569 0.056290
v -0.042061 0.275384 0.052333
v -0.042531 0.273017 0.047818
v -0.042821 0.271559 0.042919
v -0.037825 0.290461 0.063437
v -0.037825 0.286686 0.061951
v -0.037825 0.282171 0.059538
v -0.037825 0.278214 0.056290
v -0.037825 0.274966 0.052333
v -0.037825 0.272553 0.047818
v -0.037825 0.271067 0.042919
v -0.036881 0.290580 0.063437
v -0.035875 0.286878 0.061951
v -0.034994 0.282450 0.059538
v -0.034222 0.278569 0.056290
v -0.033588 0.275384 0.052333
v -0.033118 0.273017 0.047818
v -0.032828 0.271559 0.042919
v -0.035974 0.290934 0.063437
v -0.034000 0.287447 0.061951
v -0.032272 0.283276 0.059538
v -0.030758 0.279620 0.056290
v -0.029515 0.276619 0.052333
v -0.028592 0.274390 0.047818
v -0.028023 0.273017 0.042919
v -0.035138 0.291509 0.063437
v -0.032272 0.288370 0.061951
v -0.029764 0.284616 0.059538
v -0.027566 0.281326 0.056290
v -0.025761 0.278626 0.052333
v -0.024421 0.276619 0.047818
v -0.023595 0.275384 0.042919
v -0.034405 0.292282 0.063437
v -0.030758 0.289613 0.061951
v -0.027566 0.286421 0.059538
v -0.024767 0.283622 0.056290
v -0.022471 0.281326 0.052333
v -0.020765 0.279620 0.047818
v -0.019714 0.278569 0.042919
v -0.033803 0.293225 0.063437
v -0.029515 0.291128 0.061951
v -0.025761 0.288619 0.059538
v -0.022471 0.286421 0.056290
v -0.019771 0.284616 0.052333
v -0.017764 0.283276 0.047818
v -0.016528 0.282450 0.042919
v -0.033356 0.294300 0.063437
v -0.028592 0.292855 0.061951
v -0.024421 0.291128 0.059538
v -0.020765 0.289613 0.056290
v -0.017764 0.288370 0.052333
v -0.015535 0.287447 0.047818
v -0.014162 0.286878 0.042919
v -0.033081 0.295466 0.063437
v -0.028023 0.294730 0.061951
v -0.023595 0.293849 0.059538
v -0.019714 0.293077 0.056290
v -0.016528 0.292444 0.052333
v -0.014162 0.291973 0.047818
v -0.012704 0.291683 0.042919
v -0.032988 0.296680 0.063437
v -0.027831 0.296680 0.061951
v -0.023316 0.296680 0.059538
v -0.019359 0.296680 0.056290
v -0.016111 0.296680 0.052333
v -0.013698 0.296680 0.047818
v -0.012212 0.296680 0.042919
v -0.033081 0.297893 0.063437
v -0.028023 0.298629 0.061951
v -0.023595 0.299510 0.059538
v -0.019714 0.300282 0.056290
v -0.016528 0.300916 0.052333
v -0.014162 0.301386 0.047818
v -0.012704 0.301676 0.042919
v -0.033356 0.299059 0.063437
v -0.028592 0.300504 0.061951
v -0.024421 0.302232 0.059538
v -0.020765 0.303746 0.056290
v -0.017764 0.304989 0.052333
v -0.015535 0.305912 0.047818
v -0.014162 0.306481 0.042919
v -0.033803 0.300134 0.063437
v -0.029515 0.302232 0.061951
v -0.025761 0.304740 0.059538
v -0.022471 0.306939 0.056290
v -0.019771 0.308743 0.052333
v -0.017764 0.310084 0.047818
v -0.016528 0.310909 0.042919
v -0.034405 0.301077 0.063437
v -0.030758 0.303746 0.061951
v -0.027566 0.306939 0.059538
v -0.024767 0.309737 0.056290
v -0.022471 0.312033 0.052333
v -0.020765 0.313740 0.047818
v -0.019714 0.314790 0.042919
v -0.035138 0.301850 0.063437
v -0.032272 0.304989 0.061951
v -0.029764 0.308743 0.059538
v -0.027566 0.312033 0.056290
v -0.025761 0.314734 0.052333
v -0.024421 0.316740 0.047818
v -0.023595 0.317976 0.042919
v -0.035974 0.302425 0.063437
v -0.034000 0.305912 0.061951
v -0.032272 0.310084 0.059538
v -0.030758 0.313740 0.056290
v -0.029515 0.316740 0.052333
v -0.028592 0.318970 0.047818
v -0.028023 0.320343 0.042919
v -0.036881 0.302779 0.063437
v -0.035875 0.306481 0.061951
v -0.034994 0.310909 0.059538
v -0.034222 0.314790 0.056290
v -0.033588 0.317976 0.052333
v -0.033118 0.320343 0.047818
v -0.032828 0.321800 0.042919
v -0.037825 0.302898 0.063437
v -0.037825 0.306673 0.061951
v -0.037825 0.315145 0.056290
v -0.037825 0.320806 0.047818
vn -0.0000 0.5817 0.8134
vn -0.0000 0.8511 0.5251
vn -0.0000 0.9569 0.2903
vn 0.0557 0.2162 0.9748
vn 0.0877 0.4192 0.9037
vn 0.1155 0.5624 0.8188
vn 0.1436 0.7095 0.6899
vn 0.1634 0.8291 0.5347
vn 0.1696 0.9166 0.3622
vn 0.1549 0.9444 0.2901
vn 0.0905 0.1722 0.9809
vn 0.1681 0.3843 0.9078
vn 0.2210 0.5208 0.8246
vn 0.2762 0.6604 0.6982
vn 0.3173 0.7753 0.5461
vn 0.3391 0.8627 0.3752
vn 0.3315 0.8977 0.2901
vn 0.1132 0.1361 0.9842
vn 0.2369 0.3349 0.9120
vn 0.3157 0.4641 0.8276
vn 0.3964 0.5909 0.7027
vn 0.4587 0.6965 0.5518
vn 0.4990 0.7787 0.3804
vn 0.5048 0.8130 0.2901
vn 0.1274 0.1031 0.9865
vn 0.2917 0.2745 0.9163
vn 0.3979 0.3925 0.8293
vn 0.5014 0.5016 0.7050
vn 0.5836 0.5935 0.5542
vn 0.6411 0.6656 0.3820
vn 0.6604 0.6926 0.2902
vn 0.1357 0.0733 0.9880
vn 0.3321 0.2077 0.9201
vn 0.4649 0.3075 0.8302
vn 0.5879 0.3948 0.7061
vn 0.6871 0.4689 0.5550
vn 0.7594 0.5265 0.3823
vn 0.7897 0.5405 0.2903
vn -0.0000 -0.0000 1.0000
vn 0.1400 0.0466 0.9891
vn 0.3587 0.1381 0.9232
vn 0.5146 0.2124 0.8307
vn 0.6526 0.2741 0.7064
vn 0.7652 0.3262 0.5550
vn 0.8489 0.3652 0.3821
vn 0.8854 0.3631 0.2903
vn 0.1419 0.0229 0.9896
vn 0.3732 0.0694 0.9252
vn 0.5455 0.1104 0.8308
vn 0.6933 0.1427 0.7064
vn 0.8146 0.1689 0.5548
vn 0.9049 0.1876 0.3820
vn 0.9418 0.1694 0.2902
vn 0.1422 0.0013 0.9898
vn 0.3779 0.0029 0.9258
vn 0.5566 0.0034 0.8308
vn 0.7079 0.0037 0.7063
vn 0.8319 0.0034 0.5548
vn 0.9241 0.0025 0.3821
vn 0.9565 -0.0305 0.2901
vn 0.1413 -0.0207 0.9898
vn 0.3739 -0.0657 0.9251
vn 0.5467 -0.1047 0.8308
vn 0.6948 -0.1353 0.7064
vn 0.8161 -0.1611 0.5550
vn 0.9061 -0.1811 0.3823
vn 0.9298 -0.2266 0.2900
vn 0.1386 -0.0448 0.9893
vn 0.3592 -0.1365 0.9232
vn 0.5161 -0.2089 0.8306
vn 0.6552 -0.2683 0.7063
vn 0.7687 -0.3180 0.5549
vn 0.8526 -0.3561 0.3824
vn 0.8644 -0.4107 0.2899
vn 0.1334 -0.0712 0.9885
vn 0.3322 -0.2068 0.9203
vn 0.4662 -0.3055 0.8303
vn 0.5908 -0.3910 0.7058
vn 0.6921 -0.4621 0.5545
vn 0.7663 -0.5165 0.3821
vn 0.7644 -0.5759 0.2899
vn 0.1244 -0.1000 0.9872
vn 0.2916 -0.2738 0.9165
vn 0.3987 -0.3911 0.8295
vn 0.5042 -0.4991 0.7047
vn 0.5895 -0.5886 0.5533
vn 0.6509 -0.6566 0.3810
vn 0.6348 -0.7163 0.2898
vn 0.1098 -0.1313 0.9852
vn 0.2366 -0.3341 0.9123
vn 0.3159 -0.4629 0.8282
vn 0.3986 -0.5892 0.7028
vn 0.4648 -0.6932 0.5508
vn 0.5114 -0.7716 0.3783
vn 0.4819 -0.8269 0.2898
vn 0.0873 -0.1655 0.9823
vn 0.1678 -0.3835 0.9082
vn 0.2206 -0.5192 0.8257
vn 0.2775 -0.6589 0.6992
vn 0.3227 -0.7732 0.5459
vn 0.3532 -0.8582 0.3724
vn 0.3141 -0.9041 0.2898
vn 0.0537 -0.2077 0.9767
vn 0.0875 -0.4183 0.9041
vn 0.1150 -0.5601 0.8204
vn 0.1439 -0.7074 0.6920
vn 0.1667 -0.8272 0.5366
vn 0.1814 -0.9149 0.3606
vn 0.1458 -0.9458 0.2900
vn -0.0000 -0.2451 0.9695
vn -0.0000 -0.4331 0.9014
vn -0.0000 -0.5792 0.8152
vn -0.0000 -0.7283 0.6852
vn -0.0000 -0.8491 0.5283
vn -0.0000 -0.9366 0.3504
vn -0.0000 -0.9569 0.2903
vn -0.0537 -0.2077 0.9767
vn -0.0875 -0.4183 0.9041
vn -0.1150 -0.5601 0.8204
vn -0.1439 -0.7074 0.6920
vn -0.1667 -0.8272 0.5366
vn -0.1814 -0.9149 0.3606
vn -0.1458 -0.9458 0.2900
vn -0.0873 -0.1655 0.9823
vn -0.1678 -0.3835 0.9082
vn -0.2206 -0.5192 0.8257
vn -0.2775 -0.6589 0.6992
vn -0.3227 -0.7732 0.5459
vn -0.3532 -0.8582 0.3724
vn -0.3141 -0.9041 0.2898
vn -0.1098 -0.1313 0.9852
vn -0.2366 -0.3341 0.9123
vn -0.3159 -0.4629 0.8282
vn -0.3986 -0.5892 0.7028
vn -0.4648 -0.6932 0.5508
vn -0.5114 -0.7716 0.3783
vn -0.4819 -0.8269 0.2898
vn -0.1244 -0.1000 0.9872
vn -0.2916 -0.2738 0.9165
vn -0.3987 -0.3911 0.8295
vn -0.5042 -0.4991 0.7047
vn -0.5895 -0.5886 0.5533
vn -0.6509 -0.6566 0.3810
vn -0.6348 -0.7163 0.2898
vn -0.1335 -0.0712 0.9885
vn -0.3322 -0.2068 0.9203
vn -0.4662 -0.3055 0.8303
vn -0.5908 -0.3910 0.7058
vn -0.6921 -0.4621 0.5545
vn -0.7663 -0.5165 0.3821
vn -0.7644 -0.5759 0.2899
vn -0.1386 -0.0448 0.9893
vn -0.3592 -0.1365 0.9232
vn -0.5161 -0.2089 0.8306
vn -0.6552 -0.2683 0.7062
vn -0.7687 -0.3180 0.5549
vn -0.8526 -0.3561 0.3824
vn -0.8644 -0.4107 0.2899
vn -0.1413 -0.0207 0.9898
vn -0.3739 -0.0657 0.9251
vn -0.5467 -0.1047 0.8308
vn -0.6948 -0.1353 0.7064
vn -0.8161 -0.1611 0.5550
vn -0.9061 -0.1811 0.3823
vn -0.9298 -0.2266 0.2900
vn -0.1422 0.0013 0.9898
vn -0.3779 0.0029 0.9258
vn -0.5566 0.0034 0.8308
vn -0.7079 0.0037 0.7063
vn -0.8319 0.0034 0.5548
vn -0.9241 0.0025 0.3821
vn -0.9565 -0.0305 0.2901
vn -0.1419 0.0229 0.9896
vn -0.3732 0.0694 0.9252
vn -0.5455 0.1104 0.8308
vn -0.6933 0.1427 0.7064
vn -0.8146 0.1689 0.5548
vn -0.9049 0.1876 0.3820
vn -0.9418 0.1694 0.2902
vn -0.1400 0.0466 0.9891
vn -0.3587 0.1381 0.9232
vn -0.5146 0.2124 0.8307
vn -0.6526 0.2741 0.7064
vn -0.7652 0.3262 0.5550
vn -0.8489 0.3652 0.3821
vn -0.8854 0.3631 0.2903
vn -0.1357 0.0733 0.9880
vn -0.3321 0.2077 0.9201
vn -0.4649 0.3075 0.8302
vn -0.5879 0.3948 0.7061
vn -0.6871 0.4689 0.5550
vn -0.7594 0.5265 0.3823
vn -0.7897 0.5405 0.2903
vn -0.1274 0.1031 0.9865
vn -0.2917 0.2745 0.9163
vn -0.3979 0.3925 0.8293
vn -0.5014 0.5016 0.7050
vn -0.5836 0.5935 0.5542
vn -0.6411 0.6656 0.3820
vn -0.6604 0.6926 0.2902
vn -0.1132 0.1361 0.9842
vn -0.2369 0.3349 0.9120
vn -0.3157 0.4641 0.8276
vn -0.3964 0.5909 0.7027
vn -0.4587 0.6965 0.5518
vn -0.4990 0.7787 0.3804
vn -0.5048 0.8130 0.2901
vn -0.0905 0.1722 0.9809
vn -0.1681 0.3843 0.9078
vn -0.2210 0.5208 0.8246
vn -0.2762 0.6604 0.6982
vn -0.3173 0.7753 0.5461
vn -0.3391 0.8627 0.3752
vn -0.3315 0.8977 0.2901
vn -0.0557 0.2162 0.9748
vn -0.0877 0.4192 0.9037
vn -0.1155 0.5624 0.8188
vn -0.1436 0.7095 0.6899
vn -0.1634 0.8291 0.5347
vn -0.1696 0.9166 0.3622
vn -0.1549 0.9444 0.2901
vn -0.0000 0.2537 0.9673
vn -0.0000 0.4340 0.9009
vn -0.0000 0.7308 0.6826
vn -0.0000 0.9365 0.3505
vn -0.1435 0.7095 0.6899
vn 0.1335 -0.0712 0.9885
vn 0.6552 -0.2683 0.7062
vt 0.884068 0.379485
vt 0.888321 0.379600
vt 0.888321 0.381141
vt 0.884068 0.381121
vt 0.679726 0.909191
vt 0.678612 0.921593
vt 0.676875 0.909407
vt 0.681400 0.898212
vt 0.675808 0.898636
vt 0.683156 0.888429
vt 0.675038 0.889045
vt 0.684927 0.880217
vt 0.674595 0.881001
vt 0.686645 0.873892
vt 0.674495 0.874813
vt 0.688243 0.869697
vt 0.674743 0.870721
vt 0.712603 0.750757
vt 0.725107 0.754848
vt 0.720200 0.757847
vt 0.707151 0.754090
vt 0.699446 0.748906
vt 0.693658 0.752444
vt 0.674079 0.910073
vt 0.670324 0.899942
vt 0.667076 0.890940
vt 0.664460 0.883413
vt 0.662579 0.877650
vt 0.665157 0.902079
vt 0.659575 0.894043
vt 0.654914 0.887363
vt 0.732304 0.763572
vt 0.728548 0.767647
vt 0.715784 0.762638
vt 0.702245 0.759413
vt 0.688449 0.758096
vt 0.671445 0.911162
vt 0.698072 0.766523
vt 0.684020 0.765643
vt 0.669075 0.912634
vt 0.660507 0.904966
vt 0.652825 0.898234
vt 0.740046 0.774247
vt 0.737537 0.778522
vt 0.725354 0.773089
vt 0.712029 0.769037
vt 0.735565 0.783708
vt 0.722845 0.779688
vt 0.709078 0.776798
vt 0.694793 0.775146
vt 0.680539 0.774798
vt 0.667059 0.914431
vt 0.656553 0.908491
vt 0.647085 0.903352
vt 0.665475 0.916484
vt 0.653447 0.912519
vt 0.642574 0.909200
vt 0.734207 0.789604
vt 0.721116 0.787193
vt 0.707046 0.785622
vt 0.692535 0.784951
vt 0.678142 0.785206
vt 0.720235 0.795313
vt 0.706010 0.795170
vt 0.691384 0.795561
vt 0.676920 0.796469
vt 0.664384 0.918716
vt 0.651307 0.916896
vt 0.639468 0.915553
vt 0.733515 0.795984
vt 0.663828 0.921039
vt 0.650216 0.921452
vt 0.637884 0.922168
vt 0.733515 0.802603
vt 0.720235 0.803737
vt 0.706010 0.805076
vt 0.691384 0.806568
vt 0.676920 0.808154
vt 0.721116 0.812142
vt 0.707046 0.814959
vt 0.692535 0.817548
vt 0.678142 0.819812
vt 0.663828 0.923364
vt 0.650216 0.926014
vt 0.637884 0.928790
vt 0.734207 0.809206
vt 0.664384 0.925602
vt 0.651307 0.930404
vt 0.639468 0.935165
vt 0.735565 0.815540
vt 0.722845 0.820204
vt 0.709078 0.824438
vt 0.694793 0.828082
vt 0.680539 0.830994
vt 0.712029 0.833151
vt 0.698072 0.837763
vt 0.684020 0.841271
vt 0.665475 0.927668
vt 0.653447 0.934456
vt 0.642574 0.941047
vt 0.737537 0.821362
vt 0.725354 0.827613
vt 0.667059 0.929481
vt 0.656554 0.938013
vt 0.647085 0.946211
vt 0.740046 0.826447
vt 0.728548 0.834085
vt 0.715784 0.840761
vt 0.702245 0.846219
vt 0.688449 0.850248
vt 0.720200 0.846977
vt 0.707151 0.853125
vt 0.693658 0.857580
vt 0.669075 0.930973
vt 0.660508 0.940939
vt 0.652826 0.950459
vt 0.639017 0.953760
vt 0.646323 0.959166
vt 0.732303 0.839371
vt 0.665157 0.943121
vt 0.659576 0.953626
vt 0.654915 0.963197
vt 0.641252 0.966726
vt 0.651354 0.971466
vt 0.725107 0.851559
vt 0.712603 0.858217
vt 0.699446 0.862985
vt 0.671445 0.932085
vt 0.701967 0.399749
vt 0.707245 0.397187
vt 0.707245 0.400606
vt 0.701967 0.403379
vt 0.674079 0.932775
vt 0.670324 0.944474
vt 0.667076 0.955591
vt 0.664461 0.965698
vt 0.662579 0.974407
vt 0.649030 0.978115
vt 0.661502 0.981384
vt 0.675039 0.956279
vt 0.674595 0.966574
vt 0.674495 0.975437
vt 0.674744 0.982528
vt 0.661273 0.986359
vt 0.675329 0.987574
vt 0.676875 0.933017
vt 0.675808 0.944948
vt 0.679726 0.932800
vt 0.681400 0.944524
vt 0.683157 0.955664
vt 0.684928 0.965791
vt 0.686646 0.974516
vt 0.688244 0.981504
vt 0.689661 0.986487
vt 0.691119 0.953768
vt 0.695062 0.963378
vt 0.698562 0.971679
vt 0.701485 0.978352
vt 0.703717 0.983140
vt 0.682522 0.932135
vt 0.686885 0.943218
vt 0.685155 0.931045
vt 0.692051 0.941081
vt 0.698620 0.950665
vt 0.704609 0.959429
vt 0.709787 0.967035
vt 0.713957 0.973192
vt 0.716959 0.977663
vt 0.713200 0.954095
vt 0.719890 0.960763
vt 0.725182 0.966223
vt 0.561646 0.857364
vt 0.547975 0.852897
vt 0.546845 0.845844
vt 0.560447 0.849877
vt 0.687526 0.929574
vt 0.696701 0.938194
vt 0.705370 0.946474
vt 0.689542 0.927776
vt 0.700655 0.934669
vt 0.711110 0.941356
vt 0.720506 0.947581
vt 0.728481 0.953103
vt 0.534583 0.840409
vt 0.533784 0.832688
vt 0.545958 0.837265
vt 0.559504 0.840769
vt 0.726246 0.940138
vt 0.735231 0.944351
vt 0.533234 0.823889
vt 0.545346 0.827488
vt 0.558855 0.830390
vt 0.691126 0.925723
vt 0.703762 0.930641
vt 0.715621 0.935508
vt 0.692216 0.923492
vt 0.705902 0.926265
vt 0.718727 0.929155
vt 0.730201 0.932051
vt 0.739880 0.934843
vt 0.532953 0.814351
vt 0.545035 0.816890
vt 0.558524 0.819139
vt 0.532953 0.804440
vt 0.545035 0.805878
vt 0.558524 0.807449
vt 0.692773 0.921169
vt 0.706993 0.921708
vt 0.720311 0.922540
vt 0.732217 0.923632
vt 0.742251 0.924943
vt 0.706993 0.917147
vt 0.720311 0.915918
vt 0.732216 0.915204
vt 0.522745 0.803192
vt 0.522984 0.794771
vt 0.533234 0.794538
vt 0.545346 0.794875
vt 0.558855 0.795768
vt 0.692773 0.918844
vt 0.545958 0.784304
vt 0.559504 0.784546
vt 0.692216 0.916605
vt 0.705902 0.912756
vt 0.718727 0.909543
vt 0.730201 0.907090
vt 0.523451 0.786680
vt 0.533784 0.785025
vt 0.703762 0.908704
vt 0.715621 0.903661
vt 0.726246 0.899604
vt 0.739880 0.905492
vt 0.735231 0.896688
vt 0.534583 0.776266
vt 0.546845 0.774571
vt 0.560447 0.774214
vt 0.691126 0.914539
vt 0.547975 0.766051
vt 0.561646 0.765169
vt 0.689542 0.912726
vt 0.700655 0.905147
vt 0.711110 0.898497
vt 0.720506 0.893031
vt 0.728481 0.888960
vt 0.535600 0.768597
vt 0.705369 0.894250
vt 0.713199 0.887625
vt 0.719889 0.882603
vt 0.536796 0.762315
vt 0.549304 0.759071
vt 0.563057 0.757758
vt 0.687526 0.911235
vt 0.696701 0.902222
vt 0.685155 0.910123
vt 0.692051 0.900040
vt 0.698619 0.891083
vt 0.704608 0.883594
vt 0.709787 0.877863
vt 0.725182 0.879377
vt 0.713957 0.874110
vt 0.550780 0.753898
vt 0.564624 0.752267
vt 0.691119 0.889117
vt 0.695062 0.881093
vt 0.698562 0.874922
vt 0.701484 0.870842
vt 0.552348 0.750732
vt 0.566288 0.748906
vt 0.682522 0.909433
vt 0.686885 0.898686
vt 0.883256 0.378076
vt 0.887557 0.378272
s 1
f 2463/2103/2450 2685/2104/2672 2469/2105/2456 2470/2106/2457
f 2682/2107/2669 2499/2108/2486 2464/2109/2451
f 2683/2110/2670 2682/2107/2669 2464/2109/2451 2465/2111/2452
f 2461/2112/2448 2683/2110/2670 2465/2111/2452 2466/2113/2453
f 2684/2114/2671 2461/2112/2448 2466/2113/2453 2467/2115/2454
f 2462/2116/2449 2684/2114/2671 2467/2115/2454 2468/2117/2455
f 2685/2118/2672 2462/2116/2449 2468/2117/2455 2469/2119/2456
f 2469/2120/2456 2468/2121/2455 2475/2122/2462 2476/2123/2463
f 2470/2124/2457 2469/2120/2456 2476/2123/2463 2477/2125/2464
f 2464/2109/2451 2499/2108/2486 2471/2126/2458
f 2465/2111/2452 2464/2109/2451 2471/2126/2458 2472/2127/2459
f 2466/2113/2453 2465/2111/2452 2472/2127/2459 2473/2128/2460
f 2467/2115/2454 2466/2113/2453 2473/2128/2460 2474/2129/2461
f 2468/2117/2455 2467/2115/2454 2474/2129/2461 2475/2130/2462
f 2473/2128/2460 2472/2127/2459 2479/2131/2466 2480/2132/2467
f 2474/2129/2461 2473/2128/2460 2480/2132/2467 2481/2133/2468
f 2475/2122/2462 2474/2134/2461 2481/2135/2468 2482/2136/2469
f 2476/2123/2463 2475/2122/2462 2482/2136/2469 2483/2137/2470
f 2477/2125/2464 2476/2123/2463 2483/2137/2470 2484/2138/2471
f 2471/2126/2458 2499/2108/2486 2478/2139/2465
f 2472/2127/2459 2471/2126/2458 2478/2139/2465 2479/2131/2466
f 2484/2138/2471 2483/2137/2470 2490/2140/2477 2491/2141/2478
f 2478/2139/2465 2499/2108/2486 2485/2142/2472
f 2479/2131/2466 2478/2139/2465 2485/2142/2472 2486/2143/2473
f 2480/2132/2467 2479/2131/2466 2486/2143/2473 2487/2144/2474
f 2481/2135/2468 2480/2145/2467 2487/2146/2474 2488/2147/2475
f 2482/2136/2469 2481/2135/2468 2488/2147/2475 2489/2148/2476
f 2483/2137/2470 2482/2136/2469 2489/2148/2476 2490/2140/2477
f 2488/2147/2475 2487/2146/2474 2494/2149/2481 2495/2150/2482
f 2489/2148/2476 2488/2147/2475 2495/2150/2482 2496/2151/2483
f 2490/2140/2477 2489/2148/2476 2496/2151/2483 2497/2152/2484
f 2491/2141/2478 2490/2140/2477 2497/2152/2484 2498/2153/2485
f 2485/2142/2472 2499/2108/2486 2492/2154/2479
f 2486/2143/2473 2485/2142/2472 2492/2154/2479 2493/2155/2480
f 2487/2144/2474 2486/2143/2473 2493/2155/2480 2494/2156/2481
f 2492/2154/2479 2499/2108/2486 2500/2157/2487
f 2493/2155/2480 2492/2154/2479 2500/2157/2487 2501/2158/2488
f 2494/2156/2481 2493/2155/2480 2501/2158/2488 2502/2159/2489
f 2495/2150/2482 2494/2149/2481 2502/2160/2489 2503/2161/2490
f 2496/2151/2483 2495/2150/2482 2503/2161/2490 2504/2162/2491
f 2497/2152/2484 2496/2151/2483 2504/2162/2491 2505/2163/2492
f 2498/2153/2485 2497/2152/2484 2505/2163/2492 2506/2164/2493
f 2504/2162/2491 2503/2161/2490 2510/2165/2497 2511/2166/2498
f 2505/2163/2492 2504/2162/2491 2511/2166/2498 2512/2167/2499
f 2506/2164/2493 2505/2163/2492 2512/2167/2499 2513/2168/2500
f 2500/2157/2487 2499/2108/2486 2507/2169/2494
f 2501/2158/2488 2500/2157/2487 2507/2169/2494 2508/2170/2495
f 2502/2159/2489 2501/2158/2488 2508/2170/2495 2509/2171/2496
f 2503/2161/2490 2502/2160/2489 2509/2172/2496 2510/2165/2497
f 2507/2169/2494 2499/2108/2486 2514/2173/2501
f 2508/2170/2495 2507/2169/2494 2514/2173/2501 2515/2174/2502
f 2509/2171/2496 2508/2170/2495 2515/2174/2502 2516/2175/2503
f 2510/2165/2497 2509/2172/2496 2516/2176/2503 2517/2177/2504
f 2511/2166/2498 2510/2165/2497 2517/2177/2504 2518/2178/2505
f 2512/2167/2499 2511/2166/2498 2518/2178/2505 2519/2179/2506
f 2513/2168/2500 2512/2167/2499 2519/2179/2506 2520/2180/2507
f 2518/2178/2505 2517/2177/2504 2524/2181/2511 2525/2182/2512
f 2519/2179/2506 2518/2178/2505 2525/2182/2512 2526/2183/2513
f 2520/2180/2507 2519/2179/2506 2526/2183/2513 2527/2184/2514
f 2514/2173/2501 2499/2108/2486 2521/2185/2508
f 2515/2174/2502 2514/2173/2501 2521/2185/2508 2522/2186/2509
f 2516/2175/2503 2515/2174/2502 2522/2186/2509 2523/2187/2510
f 2517/2177/2504 2516/2176/2503 2523/2188/2510 2524/2181/2511
f 2522/2186/2509 2521/2185/2508 2528/2189/2515 2529/2190/2516
f 2523/2187/2510 2522/2186/2509 2529/2190/2516 2530/2191/2517
f 2524/2181/2511 2523/2188/2510 2530/2192/2517 2531/2193/2518
f 2525/2182/2512 2524/2181/2511 2531/2193/2518 2532/2194/2519
f 2526/2183/2513 2525/2182/2512 2532/2194/2519 2533/2195/2520
f 2527/2184/2514 2526/2183/2513 2533/2195/2520 2534/2196/2521
f 2521/2185/2508 2499/2108/2486 2528/2189/2515
f 2533/2195/2520 2532/2194/2519 2539/2197/2526 2540/2198/2527
f 2534/2196/2521 2533/2195/2520 2540/2198/2527 2541/2199/2528
f 2528/2189/2515 2499/2108/2486 2535/2200/2522
f 2529/2190/2516 2528/2189/2515 2535/2200/2522 2536/2201/2523
f 2530/2191/2517 2529/2190/2516 2536/2201/2523 2537/2202/2524
f 2531/2193/2518 2530/2192/2517 2537/2203/2524 2538/2204/2525
f 2532/2194/2519 2531/2193/2518 2538/2204/2525 2539/2197/2526
f 2536/2201/2523 2535/2200/2522 2542/2205/2529 2543/2206/2530
f 2537/2202/2524 2536/2201/2523 2543/2206/2530 2544/2207/2531
f 2538/2204/2525 2537/2203/2524 2544/2208/2531 2545/2209/2532
f 2539/2197/2526 2538/2204/2525 2545/2209/2532 2546/2210/2533
f 2540/2198/2527 2539/2197/2526 2546/2210/2533 2547/2211/2534
f 2541/2199/2528 2540/2198/2527 2547/2211/2534 2548/2212/2535
f 2535/2200/2522 2499/2108/2486 2542/2205/2529
f 2547/2211/2534 2546/2210/2533 2553/2213/2540 2554/2214/2541
f 2548/2212/2535 2547/2211/2534 2554/2214/2541 2555/2215/2542
f 2542/2205/2529 2499/2108/2486 2549/2216/2536
f 2543/2206/2530 2542/2205/2529 2549/2216/2536 2550/2217/2537
f 2544/2207/2531 2543/2206/2530 2550/2217/2537 2551/2218/2538
f 2545/2219/2532 2544/2207/2531 2551/2218/2538 2552/2220/2539
f 2546/2210/2533 2545/2209/2532 2552/2221/2539 2553/2213/2540
f 2551/2218/2538 2550/2217/2537 2557/2222/2544 2558/2223/2545
f 2552/2220/2539 2551/2218/2538 2558/2223/2545 2559/2224/2546
f 2553/2225/2540 2552/2220/2539 2559/2224/2546 2560/2226/2547
f 2554/2214/2541 2553/2213/2540 2560/2227/2547 2561/2228/2548
f 2555/2215/2542 2554/2214/2541 2561/2228/2548 2562/2229/2549
f 2549/2216/2536 2499/2108/2486 2556/2230/2543
f 2550/2217/2537 2549/2216/2536 2556/2230/2543 2557/2222/2544
f 2562/2231/2549 2561/2232/2548 2568/2233/2555 2569/2234/2556
f 2556/2230/2543 2499/2108/2486 2563/2235/2550
f 2557/2222/2544 2556/2230/2543 2563/2235/2550 2564/2236/2551
f 2558/2223/2545 2557/2222/2544 2564/2236/2551 2565/2237/2552
f 2559/2224/2546 2558/2223/2545 2565/2237/2552 2566/2238/2553
f 2560/2226/2547 2559/2224/2546 2566/2238/2553 2567/2239/2554
f 2561/2240/2548 2560/2226/2547 2567/2239/2554 2568/2241/2555
f 2566/2238/2553 2565/2237/2552 2572/2242/2559 2573/2243/2560
f 2567/2239/2554 2566/2238/2553 2573/2243/2560 2574/2244/2561
f 2568/2241/2555 2567/2239/2554 2574/2244/2561 2575/2245/2562
f 2569/2246/2556 2568/2241/2555 2575/2245/2562 2576/2247/2563
f 2563/2235/2550 2499/2108/2486 2570/2248/2557
f 2564/2236/2551 2563/2235/2550 2570/2248/2557 2571/2249/2558
f 2565/2237/2552 2564/2236/2551 2571/2249/2558 2572/2242/2559
f 2570/2248/2557 2499/2108/2486 2577/2250/2564
f 2571/2249/2558 2570/2248/2557 2577/2250/2564 2578/2251/2565
f 2572/2242/2559 2571/2249/2558 2578/2251/2565 2579/2252/2566
f 2573/2243/2560 2572/2242/2559 2579/2252/2566 2580/2253/2567
f 2574/2244/2561 2573/2243/2560 2580/2253/2567 2581/2254/2568
f 2575/2245/2562 2574/2244/2561 2581/2254/2568 2582/2255/2569
f 2576/2247/2563 2575/2245/2562 2582/2255/2569 2583/2256/2570
f 2580/2253/2567 2579/2252/2566 2586/2257/2573 2587/2258/2574
f 2581/2254/2568 2580/2253/2567 2587/2258/2574 2588/2259/2575
f 2582/2255/2569 2581/2254/2568 2588/2259/2575 2589/2260/2576
f 2583/2256/2570 2582/2255/2569 2589/2260/2576 2590/2261/2577
f 2577/2250/2564 2499/2108/2486 2584/2262/2571
f 2578/2251/2565 2577/2250/2564 2584/2262/2571 2585/2263/2572
f 2579/2252/2566 2578/2251/2565 2585/2263/2572 2586/2257/2573
f 2584/2262/2571 2499/2108/2486 2591/2264/2578
f 2585/2263/2572 2584/2262/2571 2591/2264/2578 2592/2265/2579
f 2586/2257/2573 2585/2263/2572 2592/2265/2579 2593/2266/2580
f 2587/2258/2574 2586/2257/2573 2593/2266/2580 2594/2267/2581
f 2588/2259/2575 2587/2258/2574 2594/2267/2581 2595/2268/2582
f 2589/2260/2576 2588/2259/2575 2595/2268/2582 2596/2269/2583
f 2590/2261/2577 2589/2260/2576 2596/2269/2583 2597/2270/2584
f 2595/2268/2582 2594/2267/2581 2601/2271/2588 2602/2272/2589
f 2596/2269/2583 2595/2268/2582 2602/2272/2589 2603/2273/2590
f 2597/2274/2584 2596/2275/2583 2603/2276/2590 2604/2277/2591
f 2591/2264/2578 2499/2108/2486 2598/2278/2585
f 2592/2265/2579 2591/2264/2578 2598/2278/2585 2599/2279/2586
f 2593/2266/2580 2592/2265/2579 2599/2279/2586 2600/2280/2587
f 2594/2267/2581 2593/2266/2580 2600/2280/2587 2601/2271/2588
f 2598/2278/2585 2499/2108/2486 2605/2281/2592
f 2599/2279/2586 2598/2278/2585 2605/2281/2592 2606/2282/2593
f 2600/2280/2587 2599/2279/2586 2606/2282/2593 2607/2283/2594
f 2601/2271/2588 2600/2280/2587 2607/2283/2594 2608/2284/2595
f 2602/2272/2589 2601/2271/2588 2608/2284/2595 2609/2285/2596
f 2603/2276/2590 2602/2286/2589 2609/2287/2596 2610/2288/2597
f 2604/2277/2591 2603/2276/2590 2610/2288/2597 2611/2289/2598
f 2609/2285/2596 2608/2284/2595 2615/2290/2602 2616/2291/2603
f 2610/2288/2597 2609/2287/2596 2616/2292/2603 2617/2293/2604
f 2611/2289/2598 2610/2288/2597 2617/2293/2604 2618/2294/2605
f 2605/2281/2592 2499/2108/2486 2612/2295/2599
f 2606/2282/2593 2605/2281/2592 2612/2295/2599 2613/2296/2600
f 2607/2283/2594 2606/2282/2593 2613/2296/2600 2614/2297/2601
f 2608/2284/2595 2607/2283/2594 2614/2297/2601 2615/2290/2602
f 2613/2296/2600 2612/2295/2599 2619/2298/2606 2620/2299/2607
f 2614/2297/2601 2613/2296/2600 2620/2299/2607 2621/2300/2608
f 2615/2290/2602 2614/2297/2601 2621/2300/2608 2622/2301/2609
f 2616/2291/2603 2615/2290/2602 2622/2301/2609 2623/2302/2610
f 2617/2293/2604 2616/2292/2603 2623/2303/2610 2624/2304/2611
f 2618/2294/2605 2617/2293/2604 2624/2304/2611 2625/2305/2612
f 2612/2295/2599 2499/2108/2486 2619/2298/2606
f 2624/2304/2611 2623/2303/2610 2630/2306/2617 2631/2307/2618
f 2625/2305/2612 2624/2304/2611 2631/2307/2618 2632/2308/2619
f 2619/2298/2606 2499/2108/2486 2626/2309/2613
f 2620/2299/2607 2619/2298/2606 2626/2309/2613 2627/2310/2614
f 2621/2300/2608 2620/2299/2607 2627/2310/2614 2628/2311/2615
f 2622/2301/2609 2621/2300/2608 2628/2311/2615 2629/2312/2616
f 2623/2302/2610 2622/2301/2609 2629/2312/2616 2630/2313/2617
f 2628/2311/2615 2627/2310/2614 2634/2314/2621 2635/2315/2622
f 2629/2312/2616 2628/2311/2615 2635/2315/2622 2636/2316/2623
f 2630/2306/2617 2629/2317/2616 2636/2318/2623 2637/2319/2624
f 2631/2307/2618 2630/2306/2617 2637/2319/2624 2638/2320/2625
f 2632/2308/2619 2631/2307/2618 2638/2320/2625 2639/2321/2626
f 2626/2309/2613 2499/2108/2486 2633/2322/2620
f 2627/2310/2614 2626/2309/2613 2633/2322/2620 2634/2314/2621
f 2639/2321/2626 2638/2320/2625 2645/2323/2632 2646/2324/2633
f 2633/2322/2620 2499/2108/2486 2640/2325/2627
f 2634/2314/2621 2633/2322/2620 2640/2325/2627 2641/2326/2628
f 2635/2315/2622 2634/2314/2621 2641/2326/2628 2642/2327/2629
f 2636/2316/2623 2635/2315/2622 2642/2327/2629 2643/2328/2630
f 2637/2319/2624 2636/2318/2623 2643/2329/2630 2644/2330/2631
f 2638/2320/2625 2637/2319/2624 2644/2330/2631 2645/2323/2632
f 2642/2327/2629 2641/2326/2628 2648/2331/2635 2649/2332/2636
f 2643/2328/2630 2642/2327/2629 2649/2332/2636 2650/2333/2637
f 2644/2334/2631 2643/2328/2630 2650/2333/2637 2651/2335/2638
f 2645/2323/2632 2644/2330/2631 2651/2336/2638 2652/2337/2639
f 2646/2324/2633 2645/2323/2632 2652/2337/2639 2653/2338/2640
f 2640/2325/2627 2499/2108/2486 2647/2339/2634
f 2641/2326/2628 2640/2325/2627 2647/2339/2634 2648/2331/2635
f 2653/2338/2640 2652/2337/2639 2659/2340/2646 2660/2341/2647
f 2647/2339/2634 2499/2108/2486 2654/2342/2641
f 2648/2331/2635 2647/2339/2634 2654/2342/2641 2655/2343/2642
f 2649/2332/2636 2648/2331/2635 2655/2343/2642 2656/2344/2643
f 2650/2333/2637 2649/2332/2636 2656/2344/2643 2657/2345/2644
f 2651/2335/2638 2650/2333/2637 2657/2345/2644 2658/2346/2645
f 2652/2337/2639 2651/2336/2638 2658/2347/2645 2659/2340/2646
f 2657/2345/2644 2656/2344/2643 2663/2348/2650 2664/2349/2651
f 2658/2346/2645 2657/2345/2644 2664/2349/2651 2665/2350/2652
f 2659/2340/2646 2658/2347/2645 2665/2351/2652 2666/2352/2653
f 2660/2341/2647 2659/2340/2646 2666/2352/2653 2667/2353/2654
f 2654/2342/2641 2499/2108/2486 2661/2354/2648
f 2655/2343/2642 2654/2342/2641 2661/2354/2648 2662/2355/2649
f 2656/2344/2643 2655/2343/2642 2662/2355/2649 2663/2348/2650
f 2661/2354/2648 2499/2108/2486 2668/2356/2655
f 2662/2355/2649 2661/2354/2648 2668/2356/2655 2669/2357/2656
f 2663/2348/2650 2662/2355/2649 2669/2357/2656 2670/2358/2657
f 2664/2349/2651 2663/2348/2650 2670/2358/2657 2671/2359/2658
f 2665/2350/2652 2664/2349/2651 2671/2359/2658 2672/2360/2659
f 2666/2361/2653 2665/2350/2652 2672/2360/2659 2673/2362/2660
f 2667/2353/2654 2666/2352/2653 2673/2363/2660 2674/2364/2661
f 2671/2359/2658 2670/2358/2657 2677/2365/2664 2678/2366/2665
f 2672/2360/2659 2671/2359/2658 2678/2366/2665 2679/2367/2666
f 2673/2362/2660 2672/2360/2659 2679/2367/2666 2680/2368/2667
f 2674/2364/2661 2673/2363/2660 2680/2369/2667 2681/2370/2668
f 2668/2356/2655 2499/2108/2486 2675/2371/2662
f 2669/2357/2656 2668/2356/2655 2675/2371/2662 2676/2372/2663
f 2670/2358/2657 2669/2357/2656 2676/2372/2663 2677/2365/2664
f 2675/2371/2662 2499/2108/2486 2682/2107/2669
f 2676/2372/2663 2675/2371/2662 2682/2107/2669 2683/2110/2670
f 2677/2365/2664 2676/2372/2663 2683/2110/2670 2461/2112/2448
f 2678/2366/2665 2677/2365/2664 2461/2112/2448 2684/2114/2671
f 2679/2367/2666 2678/2366/2665 2684/2114/2671 2462/2116/2449
f 2680/2368/2667 2679/2367/2666 2462/2116/2449 2685/2118/2672
f 2681/2373/2668 2680/2374/2667 2685/2104/2672 2463/2103/2450
f 2688/2103/2450 2695/2106/2668 2694/2105/2667 2910/2104/2672
f 2907/2107/2669 2689/2109/2662 2724/2108/2486
f 2908/2110/2670 2690/2111/2663 2689/2109/2662 2907/2107/2669
f 2686/2112/2448 2691/2113/2664 2690/2111/2663 2908/2110/2670
f 2909/2114/2671 2692/2115/2673 2691/2113/2664 2686/2112/2448
f 2687/2116/2449 2693/2117/2666 2692/2115/2673 2909/2114/2671
f 2910/2118/2672 2694/2119/2667 2693/2117/2666 2687/2116/2449
f 2694/2120/2667 2701/2123/2660 2700/2122/2659 2693/2121/2666
f 2695/2124/2668 2702/2125/2661 2701/2123/2660 2694/2120/2667
f 2689/2109/2662 2696/2126/2655 2724/2108/2486
f 2690/2111/2663 2697/2127/2656 2696/2126/2655 2689/2109/2662
f 2691/2113/2664 2698/2128/2657 2697/2127/2656 2690/2111/2663
f 2692/2115/2673 2699/2129/2658 2698/2128/2657 2691/2113/2664
f 2693/2117/2666 2700/2130/2659 2699/2129/2658 2692/2115/2673
f 2698/2128/2657 2705/2132/2650 2704/2131/2649 2697/2127/2656
f 2699/2129/2658 2706/2133/2651 2705/2132/2650 2698/2128/2657
f 2700/2122/2659 2707/2136/2652 2706/2135/2651 2699/2134/2658
f 2701/2123/2660 2708/2137/2653 2707/2136/2652 2700/2122/2659
f 2702/2125/2661 2709/2138/2654 2708/2137/2653 2701/2123/2660
f 2696/2126/2655 2703/2139/2648 2724/2108/2486
f 2697/2127/2656 2704/2131/2649 2703/2139/2648 2696/2126/2655
f 2709/2138/2654 2716/2141/2647 2715/2140/2646 2708/2137/2653
f 2703/2139/2648 2710/2142/2641 2724/2108/2486
f 2704/2131/2649 2711/2143/2642 2710/2142/2641 2703/2139/2648
f 2705/2132/2650 2712/2144/2643 2711/2143/2642 2704/2131/2649
f 2706/2135/2651 2713/2147/2644 2712/2146/2643 2705/2145/2650
f 2707/2136/2652 2714/2148/2645 2713/2147/2644 2706/2135/2651
f 2708/2137/2653 2715/2140/2646 2714/2148/2645 2707/2136/2652
f 2713/2147/2644 2720/2150/2637 2719/2149/2636 2712/2146/2643
f 2714/2148/2645 2721/2151/2638 2720/2150/2637 2713/2147/2644
f 2715/2140/2646 2722/2152/2639 2721/2151/2638 2714/2148/2645
f 2716/2141/2647 2723/2153/2640 2722/2152/2639 2715/2140/2646
f 2710/2142/2641 2717/2154/2634 2724/2108/2486
f 2711/2143/2642 2718/2155/2635 2717/2154/2634 2710/2142/2641
f 2712/2144/2643 2719/2156/2636 2718/2155/2635 2711/2143/2642
f 2717/2154/2634 2725/2157/2627 2724/2108/2486
f 2718/2155/2635 2726/2158/2628 2725/2157/2627 2717/2154/2634
f 2719/2156/2636 2727/2159/2629 2726/2158/2628 2718/2155/2635
f 2720/2150/2637 2728/2161/2630 2727/2160/2629 2719/2149/2636
f 2721/2151/2638 2729/2162/2631 2728/2161/2630 2720/2150/2637
f 2722/2152/2639 2730/2163/2632 2729/2162/2631 2721/2151/2638
f 2723/2153/2640 2731/2164/2633 2730/2163/2632 2722/2152/2639
f 2729/2162/2631 2736/2166/2624 2735/2165/2623 2728/2161/2630
f 2730/2163/2632 2737/2167/2625 2736/2166/2624 2729/2162/2631
f 2731/2164/2633 2738/2168/2626 2737/2167/2625 2730/2163/2632
f 2725/2157/2627 2732/2169/2620 2724/2108/2486
f 2726/2158/2628 2733/2170/2621 2732/2169/2620 2725/2157/2627
f 2727/2159/2629 2734/2171/2622 2733/2170/2621 2726/2158/2628
f 2728/2161/2630 2735/2165/2623 2734/2172/2622 2727/2160/2629
f 2732/2169/2620 2739/2173/2613 2724/2108/2486
f 2733/2170/2621 2740/2174/2614 2739/2173/2613 2732/2169/2620
f 2734/2171/2622 2741/2175/2615 2740/2174/2614 2733/2170/2621
f 2735/2165/2623 2742/2177/2616 2741/2176/2615 2734/2172/2622
f 2736/2166/2624 2743/2178/2617 2742/2177/2616 2735/2165/2623
f 2737/2167/2625 2744/2179/2618 2743/2178/2617 2736/2166/2624
f 2738/2168/2626 2745/2180/2619 2744/2179/2618 2737/2167/2625
f 2743/2178/2617 2750/2182/2610 2749/2181/2609 2742/2177/2616
f 2744/2179/2618 2751/2183/2611 2750/2182/2610 2743/2178/2617
f 2745/2180/2619 2752/2184/2612 2751/2183/2611 2744/2179/2618
f 2739/2173/2613 2746/2185/2606 2724/2108/2486
f 2740/2174/2614 2747/2186/2607 2746/2185/2606 2739/2173/2613
f 2741/2175/2615 2748/2187/2608 2747/2186/2607 2740/2174/2614
f 2742/2177/2616 2749/2181/2609 2748/2188/2608 2741/2176/2615
f 2747/2186/2607 2754/2190/2600 2753/2189/2599 2746/2185/2606
f 2748/2187/2608 2755/2191/2601 2754/2190/2600 2747/2186/2607
f 2749/2181/2609 2756/2193/2602 2755/2192/2601 2748/2188/2608
f 2750/2182/2610 2757/2194/2603 2756/2193/2602 2749/2181/2609
f 2751/2183/2611 2758/2195/2604 2757/2194/2603 2750/2182/2610
f 2752/2184/2612 2759/2196/2605 2758/2195/2604 2751/2183/2611
f 2746/2185/2606 2753/2189/2599 2724/2108/2486
f 2758/2195/2604 2765/2198/2597 2764/2197/2596 2757/2194/2603
f 2759/2196/2605 2766/2199/2598 2765/2198/2597 2758/2195/2604
f 2753/2189/2599 2760/2200/2592 2724/2108/2486
f 2754/2190/2600 2761/2201/2593 2760/2200/2592 2753/2189/2599
f 2755/2191/2601 2762/2202/2594 2761/2201/2593 2754/2190/2600
f 2756/2193/2602 2763/2204/2595 2762/2203/2594 2755/2192/2601
f 2757/2194/2603 2764/2197/2596 2763/2204/2595 2756/2193/2602
f 2761/2201/2593 2768/2206/2586 2767/2205/2585 2760/2200/2592
f 2762/2202/2594 2769/2207/2587 2768/2206/2586 2761/2201/2593
f 2763/2204/2595 2770/2209/2588 2769/2208/2587 2762/2203/2594
f 2764/2197/2596 2771/2210/2589 2770/2209/2588 2763/2204/2595
f 2765/2198/2597 2772/2211/2590 2771/2210/2589 2764/2197/2596
f 2766/2199/2598 2773/2212/2591 2772/2211/2590 2765/2198/2597
f 2760/2200/2592 2767/2205/2585 2724/2108/2486
f 2772/2211/2590 2779/2214/2583 2778/2213/2582 2771/2210/2589
f 2773/2212/2591 2780/2215/2584 2779/2214/2583 2772/2211/2590
f 2767/2205/2585 2774/2216/2578 2724/2108/2486
f 2768/2206/2586 2775/2217/2579 2774/2216/2578 2767/2205/2585
f 2769/2207/2587 2776/2218/2580 2775/2217/2579 2768/2206/2586
f 2770/2219/2588 2777/2220/2581 2776/2218/2580 2769/2207/2587
f 2771/2210/2589 2778/2213/2582 2777/2221/2581 2770/2209/2588
f 2776/2218/2580 2783/2223/2573 2782/2222/2572 2775/2217/2579
f 2777/2220/2581 2784/2224/2574 2783/2223/2573 2776/2218/2580
f 2778/2225/2582 2785/2226/2575 2784/2224/2574 2777/2220/2581
f 2779/2214/2583 2786/2228/2576 2785/2227/2575 2778/2213/2582
f 2780/2215/2584 2787/2229/2577 2786/2228/2576 2779/2214/2583
f 2774/2216/2578 2781/2230/2571 2724/2108/2486
f 2775/2217/2579 2782/2222/2572 2781/2230/2571 2774/2216/2578
f 2787/2231/2577 2794/2234/2570 2793/2233/2569 2786/2232/2576
f 2781/2230/2571 2788/2235/2564 2724/2108/2486
f 2782/2222/2572 2789/2236/2565 2788/2235/2564 2781/2230/2571
f 2783/2223/2573 2790/2237/2566 2789/2236/2565 2782/2222/2572
f 2784/2224/2574 2791/2238/2567 2790/2237/2566 2783/2223/2573
f 2785/2226/2575 2792/2239/2568 2791/2238/2567 2784/2224/2574
f 2786/2240/2576 2793/2241/2569 2792/2239/2568 2785/2226/2575
f 2791/2238/2567 2798/2243/2560 2797/2242/2559 2790/2237/2566
f 2792/2239/2568 2799/2244/2561 2798/2243/2560 2791/2238/2567
f 2793/2241/2569 2800/2245/2562 2799/2244/2561 2792/2239/2568
f 2794/2246/2570 2801/2247/2563 2800/2245/2562 2793/2241/2569
f 2788/2235/2564 2795/2248/2557 2724/2108/2486
f 2789/2236/2565 2796/2249/2558 2795/2248/2557 2788/2235/2564
f 2790/2237/2566 2797/2242/2559 2796/2249/2558 2789/2236/2565
f 2795/2248/2557 2802/2250/2550 2724/2108/2486
f 2796/2249/2558 2803/2251/2551 2802/2250/2550 2795/2248/2557
f 2797/2242/2559 2804/2252/2552 2803/2251/2551 2796/2249/2558
f 2798/2243/2560 2805/2253/2553 2804/2252/2552 2797/2242/2559
f 2799/2244/2561 2806/2254/2554 2805/2253/2553 2798/2243/2560
f 2800/2245/2562 2807/2255/2555 2806/2254/2554 2799/2244/2561
f 2801/2247/2563 2808/2256/2556 2807/2255/2555 2800/2245/2562
f 2805/2253/2553 2812/2258/2546 2811/2257/2545 2804/2252/2552
f 2806/2254/2554 2813/2259/2547 2812/2258/2546 2805/2253/2553
f 2807/2255/2555 2814/2260/2548 2813/2259/2547 2806/2254/2554
f 2808/2256/2556 2815/2261/2549 2814/2260/2548 2807/2255/2555
f 2802/2250/2550 2809/2262/2543 2724/2108/2486
f 2803/2251/2551 2810/2263/2544 2809/2262/2543 2802/2250/2550
f 2804/2252/2552 2811/2257/2545 2810/2263/2544 2803/2251/2551
f 2809/2262/2543 2816/2264/2536 2724/2108/2486
f 2810/2263/2544 2817/2265/2537 2816/2264/2536 2809/2262/2543
f 2811/2257/2545 2818/2266/2538 2817/2265/2537 2810/2263/2544
f 2812/2258/2546 2819/2267/2539 2818/2266/2538 2811/2257/2545
f 2813/2259/2547 2820/2268/2540 2819/2267/2539 2812/2258/2546
f 2814/2260/2548 2821/2269/2541 2820/2268/2540 2813/2259/2547
f 2815/2261/2549 2822/2270/2542 2821/2269/2541 2814/2260/2548
f 2820/2268/2540 2827/2272/2533 2826/2271/2532 2819/2267/2539
f 2821/2269/2541 2828/2273/2534 2827/2272/2533 2820/2268/2540
f 2822/2274/2542 2829/2277/2535 2828/2276/2534 2821/2275/2541
f 2816/2264/2536 2823/2278/2529 2724/2108/2486
f 2817/2265/2537 2824/2279/2530 2823/2278/2529 2816/2264/2536
f 2818/2266/2538 2825/2280/2531 2824/2279/2530 2817/2265/2537
f 2819/2267/2539 2826/2271/2532 2825/2280/2531 2818/2266/2538
f 2823/2278/2529 2830/2281/2674 2724/2108/2486
f 2824/2279/2530 2831/2282/2523 2830/2281/2674 2823/2278/2529
f 2825/2280/2531 2832/2283/2524 2831/2282/2523 2824/2279/2530
f 2826/2271/2532 2833/2284/2525 2832/2283/2524 2825/2280/2531
f 2827/2272/2533 2834/2285/2526 2833/2284/2525 2826/2271/2532
f 2828/2276/2534 2835/2288/2527 2834/2287/2526 2827/2286/2533
f 2829/2277/2535 2836/2289/2528 2835/2288/2527 2828/2276/2534
f 2834/2285/2526 2841/2291/2519 2840/2290/2675 2833/2284/2525
f 2835/2288/2527 2842/2293/2520 2841/2292/2519 2834/2287/2526
f 2836/2289/2528 2843/2294/2521 2842/2293/2520 2835/2288/2527
f 2830/2281/2674 2837/2295/2515 2724/2108/2486
f 2831/2282/2523 2838/2296/2516 2837/2295/2515 2830/2281/2674
f 2832/2283/2524 2839/2297/2517 2838/2296/2516 2831/2282/2523
f 2833/2284/2525 2840/2290/2675 2839/2297/2517 2832/2283/2524
f 2838/2296/2516 2845/2299/2509 2844/2298/2508 2837/2295/2515
f 2839/2297/2517 2846/2300/2510 2845/2299/2509 2838/2296/2516
f 2840/2290/2675 2847/2301/2511 2846/2300/2510 2839/2297/2517
f 2841/2291/2519 2848/2302/2512 2847/2301/2511 2840/2290/2675
f 2842/2293/2520 2849/2304/2513 2848/2303/2512 2841/2292/2519
f 2843/2294/2521 2850/2305/2514 2849/2304/2513 2842/2293/2520
f 2837/2295/2515 2844/2298/2508 2724/2108/2486
f 2849/2304/2513 2856/2307/2506 2855/2306/2505 2848/2303/2512
f 2850/2305/2514 2857/2308/2507 2856/2307/2506 2849/2304/2513
f 2844/2298/2508 2851/2309/2501 2724/2108/2486
f 2845/2299/2509 2852/2310/2502 2851/2309/2501 2844/2298/2508
f 2846/2300/2510 2853/2311/2503 2852/2310/2502 2845/2299/2509
f 2847/2301/2511 2854/2312/2504 2853/2311/2503 2846/2300/2510
f 2848/2302/2512 2855/2313/2505 2854/2312/2504 2847/2301/2511
f 2853/2311/2503 2860/2315/2496 2859/2314/2495 2852/2310/2502
f 2854/2312/2504 2861/2316/2497 2860/2315/2496 2853/2311/2503
f 2855/2306/2505 2862/2319/2498 2861/2318/2497 2854/2317/2504
f 2856/2307/2506 2863/2320/2499 2862/2319/2498 2855/2306/2505
f 2857/2308/2507 2864/2321/2500 2863/2320/2499 2856/2307/2506
f 2851/2309/2501 2858/2322/2494 2724/2108/2486
f 2852/2310/2502 2859/2314/2495 2858/2322/2494 2851/2309/2501
f 2864/2321/2500 2871/2324/2493 2870/2323/2492 2863/2320/2499
f 2858/2322/2494 2865/2325/2487 2724/2108/2486
f 2859/2314/2495 2866/2326/2488 2865/2325/2487 2858/2322/2494
f 2860/2315/2496 2867/2327/2489 2866/2326/2488 2859/2314/2495
f 2861/2316/2497 2868/2328/2490 2867/2327/2489 2860/2315/2496
f 2862/2319/2498 2869/2330/2491 2868/2329/2490 2861/2318/2497
f 2863/2320/2499 2870/2323/2492 2869/2330/2491 2862/2319/2498
f 2867/2327/2489 2874/2332/2481 2873/2331/2480 2866/2326/2488
f 2868/2328/2490 2875/2333/2482 2874/2332/2481 2867/2327/2489
f 2869/2334/2491 2876/2335/2483 2875/2333/2482 2868/2328/2490
f 2870/2323/2492 2877/2337/2484 2876/2336/2483 2869/2330/2491
f 2871/2324/2493 2878/2338/2485 2877/2337/2484 2870/2323/2492
f 2865/2325/2487 2872/2339/2479 2724/2108/2486
f 2866/2326/2488 2873/2331/2480 2872/2339/2479 2865/2325/2487
f 2878/2338/2485 2885/2341/2478 2884/2340/2477 2877/2337/2484
f 2872/2339/2479 2879/2342/2472 2724/2108/2486
f 2873/2331/2480 2880/2343/2473 2879/2342/2472 2872/2339/2479
f 2874/2332/2481 2881/2344/2474 2880/2343/2473 2873/2331/2480
f 2875/2333/2482 2882/2345/2475 2881/2344/2474 2874/2332/2481
f 2876/2335/2483 2883/2346/2476 2882/2345/2475 2875/2333/2482
f 2877/2337/2484 2884/2340/2477 2883/2347/2476 2876/2336/2483
f 2882/2345/2475 2889/2349/2468 2888/2348/2467 2881/2344/2474
f 2883/2346/2476 2890/2350/2469 2889/2349/2468 2882/2345/2475
f 2884/2340/2477 2891/2352/2470 2890/2351/2469 2883/2347/2476
f 2885/2341/2478 2892/2353/2471 2891/2352/2470 2884/2340/2477
f 2879/2342/2472 2886/2354/2465 2724/2108/2486
f 2880/2343/2473 2887/2355/2466 2886/2354/2465 2879/2342/2472
f 2881/2344/2474 2888/2348/2467 2887/2355/2466 2880/2343/2473
f 2886/2354/2465 2893/2356/2458 2724/2108/2486
f 2887/2355/2466 2894/2357/2459 2893/2356/2458 2886/2354/2465
f 2888/2348/2467 2895/2358/2460 2894/2357/2459 2887/2355/2466
f 2889/2349/2468 2896/2359/2461 2895/2358/2460 2888/2348/2467
f 2890/2350/2469 2897/2360/2462 2896/2359/2461 2889/2349/2468
f 2891/2361/2470 2898/2362/2463 2897/2360/2462 2890/2350/2469
f 2892/2353/2471 2899/2364/2464 2898/2363/2463 2891/2352/2470
f 2896/2359/2461 2903/2366/2454 2902/2365/2453 2895/2358/2460
f 2897/2360/2462 2904/2367/2455 2903/2366/2454 2896/2359/2461
f 2898/2362/2463 2905/2368/2456 2904/2367/2455 2897/2360/2462
f 2899/2364/2464 2906/2370/2457 2905/2369/2456 2898/2363/2463
f 2893/2356/2458 2900/2371/2451 2724/2108/2486
f 2894/2357/2459 2901/2372/2452 2900/2371/2451 2893/2356/2458
f 2895/2358/2460 2902/2365/2453 2901/2372/2452 2894/2357/2459
f 2900/2371/2451 2907/2107/2669 2724/2108/2486
f 2901/2372/2452 2908/2110/2670 2907/2107/2669 2900/2371/2451
f 2902/2365/2453 2686/2112/2448 2908/2110/2670 2901/2372/2452
f 2903/2366/2454 2909/2114/2671 2686/2112/2448 2902/2365/2453
f 2904/2367/2455 2687/2116/2449 2909/2114/2671 2903/2366/2454
f 2905/2368/2456 2910/2118/2672 2687/2116/2449 2904/2367/2455
f 2906/2373/2457 2688/2103/2450 2910/2104/2672 2905/2374/2456
