# Blender 4.3.2
# www.blender.org
o Hair
v -0.018063 0.136523 0.090267
v 0.016366 0.137731 0.087879
v -0.018063 0.150490 0.056950
v 0.019492 0.151001 0.054425
v -0.023661 0.104566 0.108761
v 0.022977 0.103174 0.109284
v -0.023866 0.039017 0.115027
v 0.028813 0.039022 0.115027
v -0.011991 0.012660 0.106620
v 0.020483 0.008680 0.105208
v 0.004404 -0.005718 0.096585
v 0.016816 -0.018625 0.086484
v 0.028693 0.069071 0.118194
v -0.026839 0.069070 0.118196
v 0.042340 0.132390 0.085411
v 0.050676 0.144295 0.052338
v 0.081847 0.097234 0.085476
v 0.097179 0.110822 0.045046
v 0.095104 0.051698 0.065799
v 0.108533 0.063599 0.030388
v 0.108267 0.008009 0.041766
v 0.112719 0.037814 0.031101
v -0.049077 0.132322 0.088005
v -0.048459 0.149429 0.056193
v -0.084765 0.096970 0.086367
v -0.093299 0.113911 0.047422
v -0.097699 0.055302 0.076352
v -0.107549 0.069380 0.043124
v -0.104440 0.010610 0.054177
v -0.109468 0.036592 0.043870
v -0.045168 0.109013 0.100688
v 0.042663 0.107049 0.100920
v -0.065580 0.069330 0.102145
v -0.090823 0.052793 0.082432
v -0.077453 0.045788 0.095845
v -0.091277 0.030108 0.081377
v -0.086997 0.009466 0.082306
v 0.061242 0.075420 0.102754
v 0.091304 0.048115 0.077835
v 0.074628 0.038724 0.092481
v 0.089044 0.025577 0.083160
v 0.077780 0.007657 0.090490
v 0.047613 0.042512 0.109952
v 0.065507 0.046003 0.101463
v 0.057851 0.029392 0.105904
v 0.072664 0.020410 0.096554
v -0.041959 0.041737 0.109805
v -0.066259 0.045608 0.100095
v -0.056105 0.030064 0.105449
v -0.070714 0.019534 0.096374
v -0.019099 0.172766 0.024312
v 0.019492 0.173277 0.023859
v -0.017545 0.183646 -0.016615
v 0.019492 0.184157 -0.016032
v -0.018063 0.181573 -0.070494
v 0.019492 0.182084 -0.068875
v -0.018063 0.154116 -0.113493
v 0.019492 0.154627 -0.116018
v -0.016898 0.111061 -0.138018
v 0.020657 0.111572 -0.140544
v -0.016531 0.035337 -0.144980
v 0.020964 0.036252 -0.148190
v -0.018063 0.010208 -0.140950
v 0.019492 0.010719 -0.143476
v 0.053651 0.165791 0.018286
v 0.091421 0.130359 0.010567
v -0.051287 0.166184 0.022367
v -0.083221 0.133629 0.013082
v 0.103203 0.067134 -0.005983
v -0.106907 0.068796 0.005992
v 0.098823 0.029663 0.020171
v 0.094404 0.025416 -0.004518
v 0.095664 0.005620 0.016767
v 0.085133 -0.019434 0.007534
v -0.102929 0.026546 0.035773
v -0.101228 0.019389 0.010033
v -0.099728 0.005856 0.025364
v -0.096259 -0.014364 0.011203
v 0.058498 0.170406 -0.017751
v 0.098805 0.132594 -0.025988
v -0.053489 0.170825 -0.017022
v -0.087567 0.136083 -0.023304
v 0.111378 0.065122 -0.043650
v -0.112845 0.071040 -0.035129
v 0.102943 0.017299 -0.040322
v -0.107739 0.014865 -0.033060
v 0.050892 0.172211 -0.072414
v 0.086282 0.139011 -0.079646
v -0.047432 0.172579 -0.068590
v -0.077354 0.142075 -0.075735
v 0.097321 0.079771 -0.095153
v -0.099547 0.082623 -0.090456
v 0.096601 0.023831 -0.096421
v -0.101751 0.021875 -0.092752
v 0.061207 0.117414 -0.125596
v -0.057539 0.119637 -0.123886
v 0.069218 0.088214 -0.133567
v -0.073644 0.089343 -0.123517
v -0.041182 0.150607 -0.111994
v 0.042994 0.146287 -0.118489
v 0.099145 -0.018478 -0.031902
v -0.103940 -0.019555 -0.024599
v 0.091296 -0.001367 -0.094876
v -0.096445 -0.002578 -0.091131
v 0.021037 0.068590 -0.146315
v -0.016458 0.067676 -0.143105
v 0.064514 0.028850 -0.125100
v -0.071107 0.031144 -0.125309
v 0.064514 0.000540 -0.125100
v -0.071107 0.002834 -0.125309
v -0.018063 -0.075517 -0.140950
v 0.019492 -0.075006 -0.143476
v 0.099145 -0.094412 -0.050408
v -0.103940 -0.095489 -0.043105
v 0.091296 -0.083944 -0.094876
v -0.096445 -0.085155 -0.091131
v 0.064514 -0.082036 -0.125100
v -0.071107 -0.079743 -0.125309
v -0.096445 -0.035524 -0.091131
v -0.103940 -0.069186 -0.008570
v 0.064514 -0.032405 -0.125100
v 0.019492 -0.025375 -0.143476
v -0.018063 -0.025886 -0.140950
v -0.071107 -0.030112 -0.125309
v 0.091296 -0.034313 -0.094876
v 0.099145 -0.068109 -0.015874
v 0.108335 -0.098916 -0.014525
v -0.116213 -0.102163 -0.009111
v -0.098672 -0.107087 0.022247
v 0.093877 -0.108211 0.015338
v 0.091293 -0.051673 -0.000109
v -0.096089 -0.052666 0.006631
v -0.082719 -0.097004 0.040082
v 0.077924 -0.096152 0.034305
vn -0.0568 0.7429 0.6670
vn 0.1093 0.7659 0.6335
vn -0.0520 0.8794 0.4732
vn 0.1239 0.8685 0.4800
vn -0.1329 0.3705 0.9193
vn 0.1504 0.3874 0.9096
vn 0.0006 -0.1885 0.9821
vn 0.0007 -0.1976 0.9803
vn 0.0062 -0.3684 0.9297
vn 0.0099 -0.4168 0.9089
vn 0.0186 -0.5289 0.8485
vn 0.1818 0.1158 0.9765
vn -0.1726 0.0978 0.9801
vn 0.3654 0.6970 0.6169
vn 0.4417 0.7780 0.4467
vn 0.6850 0.3549 0.6363
vn 0.8628 0.4238 0.2758
vn 0.9113 0.0937 0.4009
vn 0.9879 0.0641 0.1412
vn 0.9016 0.0826 0.4247
vn -0.3656 0.6669 0.6493
vn -0.3941 0.8149 0.4249
vn -0.6979 0.3608 0.6187
vn -0.8463 0.4848 0.2210
vn -0.9338 0.1243 0.3355
vn -0.9785 0.1430 0.1487
vn -0.9425 0.0130 0.3340
vn -0.3120 0.3481 0.8840
vn 0.3391 0.4028 0.8501
vn -0.4711 0.1049 0.8758
vn -0.6583 0.0041 0.7527
vn -0.6609 -0.0017 0.7505
vn -0.6867 -0.0628 0.7242
vn 0.4862 0.1576 0.8595
vn 0.6224 0.0291 0.7822
vn 0.6107 0.0379 0.7910
vn 0.5801 0.0602 0.8123
vn 0.4439 0.0189 0.8959
vn 0.4540 0.0173 0.8908
vn 0.4804 0.0130 0.8769
vn -0.3983 -0.0431 0.9162
vn -0.4100 -0.0239 0.9118
vn -0.4379 0.0235 0.8987
vn -0.1046 0.9150 0.3897
vn 0.1330 0.9014 0.4120
vn -0.1533 0.9834 0.0975
vn 0.1463 0.9837 0.1046
vn -0.1484 0.9480 -0.2815
vn 0.1328 0.9552 -0.2646
vn -0.1268 0.6937 -0.7090
vn 0.0851 0.7036 -0.7055
vn -0.1590 0.2920 -0.9431
vn 0.0726 0.3132 -0.9469
vn -0.1964 -0.0367 -0.9798
vn 0.1599 -0.0711 -0.9846
vn -0.1871 -0.0575 -0.9807
vn 0.1655 -0.0706 -0.9837
vn 0.4641 0.8189 0.3376
vn 0.8380 0.5056 0.2054
vn -0.4617 0.8371 0.2934
vn -0.8190 0.5528 0.1540
vn 0.9975 -0.0042 0.0704
vn -0.9914 0.1154 0.0620
vn 0.9593 -0.2123 -0.1864
vn 0.9790 -0.2002 -0.0381
vn 0.9486 -0.2018 -0.2438
vn -0.9925 -0.1198 -0.0253
vn -0.9926 -0.1172 0.0310
vn -0.9892 -0.1434 -0.0298
vn 0.5220 0.8493 0.0791
vn 0.8909 0.4526 0.0380
vn -0.5308 0.8452 0.0627
vn -0.8498 0.5267 0.0201
vn 0.9999 0.0128 -0.0089
vn -0.9898 0.1421 -0.0143
vn 0.9877 -0.1496 -0.0465
vn -0.9927 -0.1057 -0.0582
vn 0.4616 0.8411 -0.2818
vn 0.7886 0.5189 -0.3299
vn -0.4863 0.8367 -0.2519
vn -0.7764 0.5585 -0.2921
vn 0.8957 0.1000 -0.4334
vn -0.8973 0.2023 -0.3923
vn 0.8844 -0.1100 -0.4535
vn -0.9053 -0.0714 -0.4187
vn 0.5103 0.4020 -0.7602
vn -0.4924 0.4002 -0.7729
vn 0.5643 0.1234 -0.8163
vn -0.6016 0.1848 -0.7771
vn -0.3748 0.6573 -0.6539
vn 0.3482 0.6270 -0.6968
vn 0.9964 -0.0547 -0.0640
vn -0.9971 -0.0550 -0.0532
vn 0.8963 -0.0808 -0.4360
vn -0.9170 -0.0808 -0.3907
vn 0.1235 0.0592 -0.9906
vn -0.1983 0.0783 -0.9770
vn 0.5671 -0.0873 -0.8190
vn -0.5531 -0.0254 -0.8327
vn 0.5695 -0.0438 -0.8208
vn -0.5595 -0.0421 -0.8278
vn -0.1791 -0.0000 -0.9838
vn 0.1685 -0.0000 -0.9857
vn 0.9925 0.1139 -0.0443
vn -0.9908 0.1314 -0.0330
vn 0.9242 0.0280 -0.3808
vn -0.9425 0.0258 -0.3333
vn 0.5901 -0.0000 -0.8073
vn -0.5900 -0.0000 -0.8074
vn -0.9319 0.0021 -0.3627
vn -0.9772 0.1335 0.1651
vn 0.5783 -0.0000 -0.8158
vn 0.1595 -0.0000 -0.9872
vn -0.1760 -0.0000 -0.9844
vn -0.5727 -0.0000 -0.8198
vn 0.9131 0.0021 -0.4078
vn 0.9806 0.1169 0.1572
vn 0.9476 0.2887 0.1365
vn -0.9292 0.3436 0.1359
vn 0.9213 0.0738 0.3819
vn -0.9171 0.0756 0.3915
vt 0.876392 0.697075
vt 0.897525 0.651192
vt 0.951895 0.661911
vt 0.928206 0.718206
vt 0.822517 0.685765
vt 0.845398 0.620544
vt 0.799728 0.589501
vt 0.766283 0.672135
vt 0.723105 0.649512
vt 0.754838 0.571125
vt 0.689087 0.615180
vt 0.702364 0.564314
vt 0.667737 0.578210
vt 0.650889 0.549830
vt 0.907831 0.613917
vt 0.962754 0.611276
vt 0.894225 0.534653
vt 0.964000 0.520573
vt 0.891399 0.454062
vt 0.952512 0.441731
vt 0.895261 0.373162
vt 0.933988 0.405110
vt 0.908223 0.763564
vt 0.857521 0.739042
vt 0.846319 0.836283
vt 0.795101 0.784994
vt 0.779500 0.877603
vt 0.736719 0.831915
vt 0.728100 0.897088
vt 0.680637 0.894769
vt 0.821841 0.721172
vt 0.867452 0.596349
vt 0.754081 0.739702
vt 0.721620 0.789296
vt 0.713084 0.757206
vt 0.684310 0.787531
vt 0.650889 0.778205
vt 0.839802 0.546680
vt 0.810442 0.488675
vt 0.844514 0.470131
vt 0.774725 0.453164
vt 0.810772 0.453871
vt 0.782116 0.538534
vt 0.804148 0.514994
vt 0.774096 0.512273
vt 0.777427 0.480888
vt 0.715387 0.734818
vt 0.717010 0.691538
vt 0.671680 0.736370
vt 0.693708 0.711777
vt 0.555005 0.447574
vt 0.557388 0.520558
vt 0.492037 0.514849
vt 0.490183 0.459214
vt 0.438137 0.512615
vt 0.436069 0.470170
vt 0.384217 0.511286
vt 0.380662 0.477196
vt 0.335740 0.512632
vt 0.335974 0.479947
vt 0.291260 0.516961
vt 0.290498 0.480762
vt 0.244133 0.479528
vt 0.246889 0.522018
vt 0.208096 0.526113
vt 0.204778 0.477898
vt 0.171637 0.529072
vt 0.169611 0.473091
vt 0.486512 0.292387
vt 0.538602 0.391247
vt 0.476957 0.413821
vt 0.446438 0.350956
vt 0.549699 0.584934
vt 0.504266 0.694096
vt 0.454181 0.640190
vt 0.479619 0.564588
vt 0.378952 0.725289
vt 0.435010 0.767740
vt 0.431714 0.222026
vt 0.377376 0.260298
vt 0.375708 0.814031
vt 0.329393 0.791625
vt 0.340962 0.849323
vt 0.291402 0.879548
vt 0.323167 0.188605
vt 0.368834 0.167274
vt 0.282752 0.138630
vt 0.328204 0.150330
vt 0.265334 0.747409
vt 0.327055 0.687207
vt 0.427249 0.426111
vt 0.398153 0.373051
vt 0.328098 0.306374
vt 0.257918 0.240926
vt 0.402300 0.622054
vt 0.431659 0.560553
vt 0.352520 0.414525
vt 0.293144 0.373545
vt 0.376552 0.449119
vt 0.228612 0.654491
vt 0.295234 0.618165
vt 0.353952 0.582959
vt 0.376421 0.541020
vt 0.221930 0.336402
vt 0.306055 0.441922
vt 0.279578 0.419577
vt 0.279059 0.567600
vt 0.306883 0.555180
vt 0.330101 0.533848
vt 0.334245 0.459309
vt 0.184959 0.321881
vt 0.204524 0.200537
vt 0.207153 0.790520
vt 0.189385 0.670035
vt 0.210868 0.400195
vt 0.210608 0.593624
vt 0.170949 0.389329
vt 0.169507 0.605766
vt 0.126940 0.137771
vt 0.131218 0.303136
vt 0.044531 0.275186
vt 0.056810 0.181552
vt 0.114022 0.534127
vt 0.115921 0.619340
vt 0.024820 0.640713
vt 0.021120 0.540679
vt 0.119121 0.376838
vt 0.112389 0.470248
vt 0.021120 0.464991
vt 0.031068 0.356622
vt 0.133797 0.689859
vt 0.043985 0.718596
vt 0.126359 0.855266
vt 0.053663 0.809441
vt 0.065054 0.112045
vt 0.095015 0.049815
vt 0.085607 0.947828
vt 0.068456 0.881810
vt 0.169818 0.875226
vt 0.115753 0.976444
vt 0.116783 0.023556
vt 0.168721 0.119739
s 1
f 1/1/1 2/2/2 4/3/4 3/4/3
f 2/2/2 1/1/1 5/5/5 6/6/6
f 13/7/12 14/8/13 7/9/7 8/10/8
f 8/10/8 7/9/7 9/11/9 10/12/10
f 10/12/10 9/11/9 11/13/11 12/14/11
f 6/6/6 5/5/5 14/8/13 13/7/12
f 4/3/4 2/2/2 15/15/14 16/16/15
f 16/16/15 15/15/14 17/17/16 18/18/17
f 18/18/17 17/17/16 19/19/18 20/20/19
f 20/20/19 19/19/18 21/21/20 22/22/20
f 1/1/1 3/4/3 24/23/22 23/24/21
f 23/24/21 24/23/22 26/25/24 25/26/23
f 25/26/23 26/25/24 28/27/26 27/28/25
f 27/28/25 28/27/26 30/29/27 29/30/27
f 5/5/5 1/1/1 23/24/21 31/31/28
f 32/32/29 15/15/14 2/2/2 6/6/6
f 33/33/30 31/31/28 23/24/21 25/26/23
f 33/33/30 25/26/23 34/34/31 35/35/32
f 35/35/32 34/34/31 36/36/33 37/37/33
f 17/17/16 15/15/14 32/32/29 38/38/34
f 17/17/16 38/38/34 40/39/36 39/40/35
f 39/40/35 40/39/36 42/41/37 41/42/37
f 14/8/13 5/5/5 31/31/28 33/33/30
f 13/7/12 38/38/34 32/32/29 6/6/6
f 38/38/34 13/7/12 43/43/38 44/44/39
f 44/44/39 43/43/38 45/45/40 46/46/40
f 14/8/13 33/33/30 48/47/42 47/48/41
f 47/48/41 48/47/42 50/49/43 49/50/43
f 3/51/3 4/52/4 52/53/45 51/54/44
f 51/54/44 52/53/45 54/55/47 53/56/46
f 53/56/46 54/55/47 56/57/49 55/58/48
f 55/58/48 56/57/49 58/59/51 57/60/50
f 57/60/50 58/59/51 60/61/53 59/62/52
f 106/63/97 105/64/96 62/65/55 61/66/54
f 61/66/54 62/65/55 64/67/57 63/68/56
f 26/69/24 24/70/22 67/71/60 68/72/61
f 16/73/15 18/74/17 66/75/59 65/76/58
f 16/73/15 65/76/58 52/53/45 4/52/4
f 24/70/22 3/51/3 51/54/44 67/71/60
f 69/77/62 66/75/59 18/74/17 20/78/19
f 28/79/26 26/69/24 68/72/61 70/80/63
f 69/77/62 20/78/19 71/81/64 72/82/65
f 72/82/65 71/81/64 73/83/66 74/84/66
f 28/79/26 70/80/63 76/85/68 75/86/67
f 75/86/67 76/85/68 78/87/69 77/88/69
f 69/77/62 72/82/65 85/89/76 83/90/74
f 68/72/61 67/71/60 81/91/72 82/92/73
f 76/85/68 70/80/63 84/93/75 86/94/77
f 66/75/59 69/77/62 83/90/74 80/95/71
f 65/76/58 66/75/59 80/95/71 79/96/70
f 70/80/63 68/72/61 82/92/73 84/93/75
f 84/93/75 82/92/73 90/97/81 92/98/83
f 82/92/73 81/91/72 89/99/80 90/97/81
f 83/90/74 85/89/76 93/100/84 91/101/82
f 80/95/71 83/90/74 91/101/82 88/102/79
f 79/96/70 80/95/71 88/102/79 87/103/78
f 86/94/77 84/93/75 92/98/83 94/104/85
f 54/55/47 79/96/70 87/103/78 56/57/49
f 52/53/45 65/76/58 79/96/70 54/55/47
f 53/56/46 81/91/72 67/71/60 51/54/44
f 55/58/48 89/99/80 81/91/72 53/56/46
f 92/98/83 90/97/81 96/105/87 98/106/89
f 88/102/79 91/101/82 97/107/88 95/108/86
f 58/59/51 56/57/49 87/103/78 100/109/91
f 99/110/90 89/99/80 55/58/48 57/60/50
f 89/99/80 99/110/90 96/105/87 90/97/81
f 87/103/78 88/102/79 95/108/86 100/109/91
f 58/59/51 100/109/91 95/108/86 60/61/53
f 57/60/50 59/62/52 96/105/87 99/110/90
f 86/94/77 94/104/85 104/111/95 102/112/93
f 93/100/84 85/89/76 101/113/92 103/114/94
f 59/62/52 60/61/53 105/64/96 106/63/97
f 97/107/88 105/64/96 60/61/53 95/108/86
f 106/63/97 98/106/89 96/105/87 59/62/52
f 108/115/99 98/106/89 106/63/97 61/66/54
f 94/104/85 92/98/83 98/106/89 108/115/99
f 62/65/55 105/64/96 97/107/88 107/116/98
f 93/100/84 107/116/98 97/107/88 91/101/82
f 110/117/101 108/115/99 61/66/54 63/68/56
f 104/111/95 94/104/85 108/115/99 110/117/101
f 64/67/57 62/65/55 107/116/98 109/118/100
f 103/114/94 109/118/100 107/116/98 93/100/84
f 120/119/111 119/120/110 116/121/107 114/122/105
f 122/123/113 121/124/112 117/125/108 112/126/103
f 124/127/115 123/128/114 111/129/102 118/130/109
f 123/128/114 122/123/113 112/126/103 111/129/102
f 121/124/112 125/131/116 115/132/106 117/125/108
f 125/131/116 126/133/117 113/134/104 115/132/106
f 119/120/110 124/127/115 118/130/109 116/121/107
f 104/111/95 110/117/101 124/127/115 119/120/110
f 103/114/94 101/113/92 126/133/117 125/131/116
f 109/118/100 103/114/94 125/131/116 121/124/112
f 63/68/56 64/67/57 122/123/113 123/128/114
f 110/117/101 63/68/56 123/128/114 124/127/115
f 64/67/57 109/118/100 121/124/112 122/123/113
f 102/112/93 104/111/95 119/120/110 120/119/111
f 120/119/111 114/122/105 128/135/119 129/136/119
f 113/134/104 126/133/117 130/137/118 127/138/118
f 126/133/117 101/113/92 131/139/120 134/140/120
f 102/112/93 120/119/111 133/141/121 132/142/121
o Body_03
v 0.029235 -0.089747 -0.010538
v 0.033546 -0.085606 -0.034052
v 0.031199 -0.070174 -0.012455
v 0.033091 -0.067885 -0.028481
v 0.000000 -0.095039 0.008506
v 0.000000 -0.077133 0.013842
v 0.019248 -0.084766 -0.054828
v 0.022755 -0.065356 -0.045447
v 0.000000 -0.082030 -0.058113
v 0.000000 -0.064292 -0.055543
v 0.000000 -0.073696 0.016756
v 0.000000 -0.073316 0.030659
v 0.000000 -0.078304 0.049535
v 0.000000 -0.078512 0.057772
v 0.000000 -0.073348 0.063941
v 0.000000 -0.060398 0.068326
v 0.000000 -0.052243 0.072321
v 0.000000 -0.047747 0.075540
v 0.000000 -0.045819 0.074741
v 0.000000 -0.043668 0.078849
v 0.000000 -0.041004 0.081699
v 0.000000 -0.036287 0.080763
v 0.000000 -0.033557 0.082100
v 0.000000 -0.027964 0.087089
v 0.000000 -0.021394 0.088978
v 0.000000 -0.017666 0.082518
v 0.000000 -0.010647 0.075596
v 0.000000 -0.003049 0.072880
v 0.000000 0.005050 0.071793
v 0.000000 0.012751 0.076551
v 0.030970 0.049727 0.083640
v 0.000000 0.049727 0.087611
v 0.000000 0.071931 0.087587
v 0.084675 0.048206 0.039456
v 0.011516 0.004879 0.067847
v 0.011593 0.012759 0.072618
v 0.018250 0.071931 0.086724
v 0.020069 0.005590 0.058417
v 0.021761 0.011038 0.061200
v 0.018233 0.049727 0.085662
v 0.014854 -0.004475 0.067167
v 0.021583 0.001433 0.057903
v 0.023883 -0.010103 0.064663
v 0.028971 -0.002615 0.061204
v 0.042375 -0.013988 0.063596
v 0.041686 -0.004286 0.061326
v 0.058414 -0.008058 0.054507
v 0.053769 -0.001357 0.058166
v 0.066035 0.000849 0.044601
v 0.059564 0.004151 0.053173
v 0.070614 0.010521 0.046270
v 0.061869 0.010378 0.053727
v 0.065462 0.021550 0.057772
v 0.057548 0.014704 0.058272
v 0.048997 0.026782 0.066768
v 0.046485 0.019097 0.062867
v 0.030097 0.024234 0.071655
v 0.031717 0.017792 0.064767
v 0.021493 0.020943 0.071793
v 0.025059 0.015167 0.062913
v 0.007828 -0.010392 0.072723
v 0.007835 -0.003007 0.070252
v 0.007070 -0.021021 0.081497
v 0.008386 -0.017772 0.077834
v 0.009580 -0.039832 0.077485
v 0.008875 -0.035630 0.079025
v 0.015596 -0.038490 0.076092
v 0.016059 -0.034129 0.077188
v 0.020045 -0.039693 0.074304
v 0.025032 -0.037668 0.073666
v 0.020390 -0.044158 0.071763
v 0.024727 -0.045455 0.069776
v 0.016423 -0.054130 0.068038
v 0.012565 -0.048723 0.071237
v 0.009934 -0.044037 0.073619
v 0.009230 -0.042005 0.076746
v 0.015390 -0.043230 0.072847
v 0.015604 -0.040916 0.075010
v 0.016245 -0.043355 0.072666
v 0.017554 -0.041399 0.074138
v 0.015089 -0.043645 0.071872
v 0.017958 -0.043929 0.072284
v 0.010028 -0.044219 0.072476
v 0.010896 -0.045945 0.073013
v 0.000000 -0.046127 0.075034
v 0.007663 -0.033064 0.080597
v 0.005608 -0.027694 0.084031
v 0.021517 -0.013285 0.067930
v 0.019036 -0.017992 0.071898
v 0.017621 -0.022701 0.075166
v 0.016455 -0.029263 0.077762
v 0.016240 -0.031939 0.077772
v 0.041319 -0.022902 0.067726
v 0.039040 -0.028277 0.070067
v 0.041907 -0.018407 0.065643
v 0.036902 -0.032327 0.070961
v 0.032576 -0.036106 0.071961
v 0.019090 -0.069660 0.050406
v 0.016561 -0.065644 0.059847
v 0.036507 -0.056535 0.047878
v 0.032885 -0.053636 0.059472
v 0.047538 -0.048346 0.045354
v 0.043745 -0.043956 0.060511
v 0.055008 -0.039794 0.044323
v 0.050096 -0.036767 0.060383
v 0.060542 -0.031107 0.041595
v 0.055352 -0.028891 0.059414
v 0.064700 -0.019324 0.040108
v 0.058746 -0.020180 0.056708
v 0.019224 -0.069880 0.038150
v 0.040563 -0.055865 0.031091
v 0.046083 -0.048158 0.027405
v 0.054190 -0.039857 0.022877
v 0.059001 -0.031823 0.019095
v 0.065564 -0.020532 0.019860
v 0.018235 -0.072073 0.010147
v 0.017176 -0.068284 0.020256
v 0.034539 -0.056239 0.012564
v 0.039650 -0.049195 0.010970
v 0.049183 -0.040018 0.006803
v 0.056798 -0.031601 0.003224
v 0.065059 -0.020698 0.002192
v 0.071532 -0.000794 0.025659
v 0.013393 -0.092637 -0.000139
v 0.017780 -0.076651 0.005616
v 0.077829 -0.001026 0.007147
v 0.077805 0.012454 0.032524
v 0.080873 0.012346 0.010156
v 0.007103 0.025891 0.081125
v 0.075494 0.031853 0.054866
v 0.054350 0.044121 0.073851
v 0.027838 0.037301 0.081407
v 0.016580 0.032645 0.082053
v 0.000000 0.023632 0.081982
v 0.030986 0.071931 0.083617
v 0.009338 0.049727 0.087482
v 0.009355 0.071931 0.087458
v 0.055634 0.049727 0.073917
v 0.055650 0.070612 0.075530
v 0.077106 0.048206 0.058087
v 0.076229 0.069854 0.057278
v 0.083798 0.069854 0.038647
v 0.091520 0.048206 0.013547
v 0.091658 0.069854 0.012738
v 0.095304 0.048206 -0.016729
v 0.095442 0.069854 -0.017538
v 0.088934 0.048823 -0.050623
v 0.089620 0.069854 -0.052181
v 0.075834 0.048823 -0.078279
v 0.076520 0.069854 -0.079837
v 0.055059 0.049293 -0.100004
v 0.056724 0.069854 -0.101088
v 0.030237 0.048206 -0.114253
v 0.029359 0.069854 -0.115062
v 0.000000 0.048206 -0.120657
v 0.000000 0.069854 -0.121466
v 0.083518 0.025679 0.024731
v 0.082986 0.034350 0.039606
v 0.083570 0.021427 0.000411
v 0.087632 0.032956 0.012220
v 0.022755 -0.047889 -0.045447
v 0.000000 -0.046825 -0.055543
v 0.022755 -0.021633 -0.050552
v 0.000000 -0.025920 -0.059754
v 0.023556 -0.005036 -0.071625
v 0.000000 -0.004698 -0.078606
v 0.023556 0.015226 -0.098874
v 0.000000 0.015563 -0.105854
v 0.030481 -0.060442 -0.003184
v 0.037619 -0.047147 -0.009480
v 0.043906 -0.035927 -0.013881
v 0.051948 -0.027864 -0.017702
v 0.033764 -0.051115 -0.026254
v 0.036762 -0.039300 -0.029218
v 0.040809 -0.024883 -0.031703
v 0.051803 -0.011478 -0.036528
v 0.034257 -0.017872 -0.047042
v 0.048487 -0.005897 -0.051841
v 0.088792 0.029801 -0.016322
v 0.083551 0.021427 -0.015215
v 0.048492 0.019973 -0.085328
v 0.067850 0.022810 -0.068713
v 0.081364 0.028230 -0.045273
v 0.079954 0.016185 -0.028620
v 0.058242 0.006117 -0.055135
v 0.065475 0.005065 -0.039455
v 0.076084 -0.003800 -0.029369
v 0.000000 0.104629 0.077923
v 0.020801 0.104521 0.077421
v 0.032650 0.104521 0.074531
v 0.012526 0.104521 0.078104
v 0.051090 0.103866 0.065075
v 0.070235 0.103161 0.048094
v 0.081783 0.102590 0.032694
v 0.089095 0.102590 0.008590
v 0.092616 0.102590 -0.019577
v 0.087199 0.102590 -0.051806
v 0.075012 0.102590 -0.077535
v 0.056595 0.102590 -0.097306
v 0.031137 0.102590 -0.110306
v 0.000000 0.102590 -0.116264
v 0.000000 0.133001 0.054381
v 0.020801 0.132893 0.053878
v 0.012526 0.132893 0.054562
v 0.000000 0.152318 0.015143
v 0.020801 0.152210 0.014641
v 0.012526 0.152210 0.015324
v 0.000000 0.157751 -0.025906
v 0.020801 0.157643 -0.026408
v 0.012526 0.157643 -0.025725
v 0.000000 0.146281 -0.072387
v 0.031345 0.143890 -0.064747
v 0.015345 0.146053 -0.071286
v 0.000000 0.128171 -0.097137
v 0.040751 0.126074 -0.083683
v 0.023047 0.127568 -0.093663
v 0.068973 0.132354 0.008590
v 0.072494 0.132354 -0.019577
v 0.038371 0.149960 0.008590
v 0.041892 0.149960 -0.019577
v 0.066288 0.130460 -0.038966
v 0.056491 0.128386 -0.065179
v 0.041728 0.145441 -0.041511
v 0.064127 0.131867 0.026569
v 0.036888 0.148046 0.020165
v 0.054606 0.131280 0.039868
v 0.031919 0.145603 0.027007
v 0.031810 0.132751 0.049783
v 0.047470 0.131869 0.043779
v 0.012397 0.144664 0.035775
v 0.000000 0.145397 0.034762
v 0.020672 0.144664 0.035092
v 0.032829 0.140650 0.037370
v 0.065485 -0.026686 -0.004813
v 0.073321 -0.018193 -0.004562
v 0.075951 -0.026849 -0.007456
v 0.083446 -0.009818 -0.015847
v 0.090015 -0.016273 -0.021906
v 0.089181 -0.000586 -0.019252
v 0.098752 -0.002200 -0.026405
v 0.091145 0.003848 -0.016756
v 0.102356 0.008778 -0.023312
v 0.087853 0.005681 -0.011028
v 0.098646 0.014207 -0.011721
v 0.078781 0.000982 0.001251
v 0.089574 0.009508 0.000558
v 0.068925 -0.026702 -0.012474
v 0.085744 -0.013890 -0.027027
v 0.094481 0.000183 -0.031526
v 0.098085 0.011160 -0.028433
v 0.093842 0.017171 -0.013201
v 0.061853 -0.017990 -0.022489
v 0.020069 0.005590 0.055130
v 0.021761 0.011038 0.057912
v 0.021538 0.001032 0.054381
v 0.028971 -0.002615 0.057350
v 0.041686 -0.004286 0.056766
v 0.053058 -0.000802 0.053798
v 0.057403 0.004706 0.051435
v 0.060419 0.010378 0.051109
v 0.056336 0.014867 0.055971
v 0.045691 0.018998 0.059991
v 0.031717 0.017792 0.060266
v 0.024882 0.015031 0.057916
v 0.024114 0.006398 0.051759
v 0.024587 0.011585 0.053239
v 0.025322 0.002421 0.051616
v 0.030094 -0.001406 0.051765
v 0.038248 -0.003175 0.051033
v 0.045670 -0.000383 0.048698
v 0.049526 0.004340 0.046346
v 0.050908 0.009854 0.047022
v 0.047265 0.014579 0.049960
v 0.039658 0.019200 0.052011
v 0.030521 0.018049 0.052252
v 0.026675 0.015449 0.052079
v 0.000000 -0.044034 0.062721
v 0.009934 -0.042403 0.062775
v 0.014179 -0.040964 0.062680
v 0.017963 -0.043306 0.062605
v 0.015789 -0.046127 0.062276
v 0.010028 -0.046896 0.062523
v 0.000000 -0.048162 0.062820
v 0.000000 -0.044034 0.054647
v 0.009934 -0.042403 0.054691
v 0.014179 -0.040964 0.054614
v 0.017963 -0.043307 0.054554
v 0.015789 -0.046127 0.054289
v 0.010028 -0.046896 0.054488
v 0.000000 -0.048162 0.054727
v -0.029235 -0.089747 -0.010538
v -0.033546 -0.085606 -0.034052
v -0.031199 -0.070174 -0.012455
v -0.033091 -0.067885 -0.028481
v -0.019248 -0.084766 -0.054828
v -0.022755 -0.065356 -0.045447
v -0.030970 0.049727 0.083640
v -0.084675 0.048206 0.039456
v -0.011516 0.004879 0.067847
v -0.011593 0.012759 0.072618
v -0.018250 0.071931 0.086724
v -0.020069 0.005590 0.058417
v -0.021761 0.011038 0.061200
v -0.018233 0.049727 0.085662
v -0.014854 -0.004475 0.067167
v -0.021583 0.001433 0.057903
v -0.023883 -0.010103 0.064663
v -0.028971 -0.002615 0.061204
v -0.042375 -0.013988 0.063596
v -0.041686 -0.004286 0.061326
v -0.058414 -0.008058 0.054507
v -0.053769 -0.001357 0.058166
v -0.066035 0.000849 0.044601
v -0.059564 0.004151 0.053173
v -0.070614 0.010521 0.046270
v -0.061869 0.010378 0.053727
v -0.065462 0.021550 0.057772
v -0.057548 0.014704 0.058272
v -0.048997 0.026782 0.066768
v -0.046485 0.019097 0.062867
v -0.030097 0.024234 0.071655
v -0.031717 0.017792 0.064767
v -0.021493 0.020943 0.071793
v -0.025059 0.015167 0.062913
v -0.007828 -0.010392 0.072723
v -0.007835 -0.003007 0.070252
v -0.007070 -0.021021 0.081497
v -0.008386 -0.017772 0.077834
v -0.009580 -0.039832 0.077485
v -0.008875 -0.035630 0.079025
v -0.015596 -0.038490 0.076092
v -0.016059 -0.034129 0.077188
v -0.020045 -0.039693 0.074304
v -0.025032 -0.037668 0.073666
v -0.020390 -0.044158 0.071763
v -0.024727 -0.045455 0.069776
v -0.016423 -0.054130 0.068038
v -0.012565 -0.048723 0.071237
v -0.009934 -0.044037 0.073619
v -0.009230 -0.042005 0.076746
v -0.015390 -0.043230 0.072847
v -0.015604 -0.040916 0.075010
v -0.016245 -0.043355 0.072666
v -0.017554 -0.041399 0.074138
v -0.015089 -0.043645 0.071872
v -0.017958 -0.043929 0.072284
v -0.010028 -0.044219 0.072476
v -0.010896 -0.045945 0.073013
v -0.007663 -0.033064 0.080597
v -0.005608 -0.027694 0.084031
v -0.021517 -0.013285 0.067930
v -0.019036 -0.017992 0.071898
v -0.017621 -0.022701 0.075166
v -0.016455 -0.029263 0.077762
v -0.016240 -0.031939 0.077772
v -0.041319 -0.022902 0.067726
v -0.039040 -0.028277 0.070067
v -0.041907 -0.018407 0.065643
v -0.036902 -0.032327 0.070961
v -0.032576 -0.036106 0.071961
v -0.019090 -0.069660 0.050406
v -0.016561 -0.065644 0.059847
v -0.036507 -0.056535 0.047878
v -0.032885 -0.053636 0.059472
v -0.047538 -0.048346 0.045354
v -0.043745 -0.043956 0.060511
v -0.055008 -0.039794 0.044323
v -0.050096 -0.036767 0.060383
v -0.060542 -0.031107 0.041595
v -0.055352 -0.028891 0.059414
v -0.064700 -0.019324 0.040108
v -0.058746 -0.020180 0.056708
v -0.019224 -0.069880 0.038150
v -0.040563 -0.055865 0.031091
v -0.046083 -0.048158 0.027405
v -0.054190 -0.039857 0.022877
v -0.059001 -0.031823 0.019095
v -0.065564 -0.020532 0.019860
v -0.018235 -0.072073 0.010147
v -0.017176 -0.068284 0.020256
v -0.034539 -0.056239 0.012564
v -0.039650 -0.049195 0.010970
v -0.049183 -0.040018 0.006803
v -0.056798 -0.031601 0.003224
v -0.065059 -0.020698 0.002192
v -0.071532 -0.000794 0.025659
v -0.013393 -0.092637 -0.000139
v -0.017780 -0.076651 0.005616
v -0.077829 -0.001026 0.007147
v -0.077805 0.012454 0.032524
v -0.080873 0.012346 0.010156
v -0.007103 0.025891 0.081125
v -0.075494 0.031853 0.054866
v -0.054350 0.044121 0.073851
v -0.027838 0.037301 0.081407
v -0.016580 0.032645 0.082053
v -0.030986 0.071931 0.083617
v -0.009338 0.049727 0.087482
v -0.009355 0.071931 0.087458
v -0.055634 0.049727 0.073917
v -0.055650 0.070612 0.075530
v -0.077106 0.048206 0.058087
v -0.076229 0.069854 0.057278
v -0.083798 0.069854 0.038647
v -0.091520 0.048206 0.013547
v -0.091658 0.069854 0.012738
v -0.095304 0.048206 -0.016729
v -0.095442 0.069854 -0.017538
v -0.088934 0.048823 -0.050623
v -0.089620 0.069854 -0.052181
v -0.075834 0.048823 -0.078279
v -0.076520 0.069854 -0.079837
v -0.055059 0.049293 -0.100004
v -0.056724 0.069854 -0.101088
v -0.030237 0.048206 -0.114253
v -0.029359 0.069854 -0.115062
v -0.083518 0.025679 0.024731
v -0.082986 0.034350 0.039606
v -0.083570 0.021427 0.000411
v -0.087632 0.032956 0.012220
v -0.022755 -0.047889 -0.045447
v -0.022755 -0.021633 -0.050552
v -0.023556 -0.005036 -0.071625
v -0.023556 0.015226 -0.098874
v -0.030481 -0.060442 -0.003184
v -0.037619 -0.047147 -0.009480
v -0.043906 -0.035927 -0.013881
v -0.051948 -0.027864 -0.017702
v -0.033764 -0.051115 -0.026254
v -0.036762 -0.039300 -0.029218
v -0.040809 -0.024883 -0.031703
v -0.051803 -0.011478 -0.036528
v -0.034257 -0.017872 -0.047042
v -0.048487 -0.005897 -0.051841
v -0.088792 0.029801 -0.016322
v -0.083551 0.021427 -0.015215
v -0.048492 0.019973 -0.085328
v -0.067850 0.022810 -0.068713
v -0.081364 0.028230 -0.045273
v -0.079954 0.016185 -0.028620
v -0.058242 0.006117 -0.055135
v -0.065475 0.005065 -0.039455
v -0.076084 -0.003800 -0.029369
v -0.020801 0.104521 0.077421
v -0.032650 0.104521 0.074531
v -0.012526 0.104521 0.078104
v -0.051090 0.103866 0.065075
v -0.070235 0.103161 0.048094
v -0.081783 0.102590 0.032694
v -0.089095 0.102590 0.008590
v -0.092616 0.102590 -0.019577
v -0.087199 0.102590 -0.051806
v -0.075012 0.102590 -0.077535
v -0.056595 0.102590 -0.097306
v -0.031137 0.102590 -0.110306
v -0.020801 0.132893 0.053878
v -0.012526 0.132893 0.054562
v -0.020801 0.152210 0.014641
v -0.012526 0.152210 0.015324
v -0.020801 0.157643 -0.026408
v -0.012526 0.157643 -0.025725
v -0.031345 0.143890 -0.064747
v -0.015345 0.146053 -0.071286
v -0.040751 0.126074 -0.083683
v -0.023047 0.127568 -0.093663
v -0.068973 0.132354 0.008590
v -0.072494 0.132354 -0.019577
v -0.038371 0.149960 0.008590
v -0.041892 0.149960 -0.019577
v -0.066288 0.130460 -0.038966
v -0.056491 0.128386 -0.065179
v -0.041728 0.145441 -0.041511
v -0.064127 0.131867 0.026569
v -0.036888 0.148046 0.020165
v -0.054606 0.131280 0.039868
v -0.031919 0.145603 0.027007
v -0.031810 0.132751 0.049783
v -0.047470 0.131869 0.043779
v -0.012397 0.144664 0.035775
v -0.020672 0.144664 0.035092
v -0.032829 0.140650 0.037370
v -0.065485 -0.026686 -0.004813
v -0.073321 -0.018193 -0.004562
v -0.075951 -0.026849 -0.007456
v -0.083446 -0.009818 -0.015847
v -0.090015 -0.016273 -0.021906
v -0.089181 -0.000586 -0.019252
v -0.098752 -0.002200 -0.026405
v -0.091145 0.003848 -0.016756
v -0.102356 0.008778 -0.023312
v -0.087853 0.005681 -0.011028
v -0.098646 0.014207 -0.011721
v -0.078781 0.000982 0.001251
v -0.089574 0.009508 0.000558
v -0.068925 -0.026702 -0.012474
v -0.085744 -0.013890 -0.027027
v -0.094481 0.000183 -0.031526
v -0.098085 0.011160 -0.028433
v -0.093842 0.017171 -0.013201
v -0.061853 -0.017990 -0.022489
v -0.020069 0.005590 0.055130
v -0.021761 0.011038 0.057912
v -0.021538 0.001032 0.054381
v -0.028971 -0.002615 0.057350
v -0.041686 -0.004286 0.056766
v -0.053058 -0.000802 0.053798
v -0.057403 0.004706 0.051435
v -0.060419 0.010378 0.051109
v -0.056336 0.014867 0.055971
v -0.045691 0.018998 0.059991
v -0.031717 0.017792 0.060266
v -0.024882 0.015031 0.057916
v -0.024114 0.006398 0.051759
v -0.024587 0.011585 0.053239
v -0.025322 0.002421 0.051616
v -0.030094 -0.001406 0.051765
v -0.038248 -0.003175 0.051033
v -0.045670 -0.000383 0.048698
v -0.049526 0.004340 0.046346
v -0.050908 0.009854 0.047022
v -0.047265 0.014579 0.049960
v -0.039658 0.019200 0.052011
v -0.030521 0.018049 0.052252
v -0.026675 0.015449 0.052079
v -0.009934 -0.042403 0.062775
v -0.014179 -0.040964 0.062680
v -0.017963 -0.043306 0.062605
v -0.015789 -0.046127 0.062276
v -0.010028 -0.046896 0.062523
v -0.009934 -0.042403 0.054691
v -0.014179 -0.040964 0.054614
v -0.017963 -0.043307 0.054554
v -0.015789 -0.046127 0.054289
v -0.010028 -0.046896 0.054488
vn 0.8694 -0.1458 0.4722
vn 0.9698 0.0579 -0.2370
vn 0.9269 -0.1973 0.3194
vn 0.9792 0.0146 -0.2026
vn -0.0000 -0.3731 0.9278
vn -0.0000 -0.5779 0.8161
vn 0.6028 0.2177 -0.7676
vn 0.6487 0.1080 -0.7533
vn -0.0000 0.2778 -0.9606
vn -0.0000 0.1485 -0.9889
vn -0.0000 -0.9250 0.3800
vn -0.0000 -0.9978 -0.0667
vn -0.0000 -0.9962 -0.0874
vn -0.0000 -0.9940 0.1096
vn -0.0000 -0.7733 0.6340
vn -0.0000 -0.4505 0.8928
vn -0.0000 -0.4511 0.8925
vn -0.0000 -0.2445 0.9696
vn -0.0000 -1.0000 0.0008
vn -0.0000 -0.7974 0.6035
vn -0.0000 -0.3968 0.9179
vn -0.0000 -0.2313 0.9729
vn -0.0000 -0.5051 0.8631
vn -0.0000 -0.3334 0.9428
vn -0.0000 0.5860 0.8103
vn -0.0000 0.7234 0.6905
vn -0.0000 0.5133 0.8582
vn -0.0000 0.2284 0.9736
vn -0.0000 -0.2700 0.9629
vn -0.0000 -0.4886 0.8725
vn 0.2582 -0.1160 0.9591
vn -0.0000 -0.1177 0.9930
vn -0.0000 0.1480 0.9890
vn 0.9448 -0.0612 0.3220
vn 0.5397 -0.1639 0.8257
vn 0.4225 -0.5313 0.7343
vn 0.1641 0.1284 0.9781
vn 0.9299 -0.0950 0.3554
vn 0.7775 -0.5457 0.3126
vn 0.1580 -0.1290 0.9790
vn 0.3956 0.3549 0.8471
vn 0.7890 0.5096 0.3432
vn 0.2529 0.3981 0.8818
vn 0.2981 0.8889 0.3479
vn 0.2992 0.3379 0.8924
vn 0.0486 0.9269 0.3723
vn 0.6902 0.0189 0.7234
vn -0.0056 0.8490 0.5284
vn 0.8354 -0.2680 0.4800
vn -0.0461 0.3625 0.9309
vn 0.7161 -0.4269 0.5523
vn -0.0726 -0.6590 0.7487
vn 0.5535 -0.4091 0.7254
vn -0.0689 -0.8730 0.4829
vn 0.3476 -0.4575 0.8185
vn 0.0965 -0.8980 0.4293
vn 0.2552 -0.5810 0.7729
vn 0.2002 -0.9375 0.2846
vn 0.3060 -0.6137 0.7278
vn 0.4862 -0.8352 0.2571
vn 0.3679 0.4464 0.8157
vn 0.3696 0.2063 0.9060
vn 0.5259 0.4315 0.7330
vn 0.4104 0.5957 0.6905
vn 0.3140 -0.3221 0.8931
vn 0.2770 -0.2784 0.9197
vn 0.2743 -0.3098 0.9104
vn 0.2855 -0.2918 0.9129
vn 0.2618 -0.4111 0.8732
vn 0.3095 -0.3782 0.8725
vn 0.2343 -0.4434 0.8652
vn 0.3155 -0.4703 0.8242
vn 0.3031 -0.4775 0.8247
vn 0.2209 -0.4523 0.8641
vn 0.2099 -0.9765 0.0499
vn 0.2862 -0.6686 0.6863
vn 0.0492 -0.9836 0.1735
vn 0.2564 -0.5056 0.8238
vn -0.4121 -0.8307 0.3743
vn 0.1783 -0.5670 0.8042
vn -0.4127 0.8407 0.3506
vn 0.1188 -0.3570 0.9265
vn -0.1034 0.9752 0.1955
vn 0.1845 -0.0774 0.9798
vn -0.0000 0.9625 0.2714
vn 0.3049 -0.4079 0.8606
vn 0.4986 -0.1367 0.8560
vn 0.3071 0.4893 0.8162
vn 0.3504 0.4768 0.8062
vn 0.4008 0.3313 0.8542
vn 0.3855 0.0007 0.9227
vn 0.3377 -0.2094 0.9177
vn 0.3960 0.2709 0.8774
vn 0.4275 0.0728 0.9011
vn 0.3452 0.3591 0.8671
vn 0.4278 -0.1731 0.8872
vn 0.3736 -0.3843 0.8442
vn 0.5230 -0.8243 0.2166
vn 0.4691 -0.6286 0.6203
vn 0.6244 -0.7503 0.2173
vn 0.5248 -0.6454 0.5550
vn 0.6874 -0.7075 0.1642
vn 0.5976 -0.5737 0.5601
vn 0.7890 -0.5959 0.1494
vn 0.7019 -0.4200 0.5752
vn 0.8818 -0.4473 0.1494
vn 0.7663 -0.2043 0.6091
vn 0.9408 -0.2407 0.2385
vn 0.7507 0.0115 0.6606
vn 0.4014 -0.9113 -0.0913
vn 0.6509 -0.7557 -0.0729
vn 0.6938 -0.7124 -0.1055
vn 0.7398 -0.6631 -0.1144
vn 0.8316 -0.5511 -0.0691
vn 0.8976 -0.4365 0.0620
vn 0.5349 -0.7546 0.3801
vn 0.4328 -0.9014 -0.0161
vn 0.6891 -0.7151 -0.1174
vn 0.7426 -0.6384 -0.2023
vn 0.6786 -0.7004 -0.2214
vn 0.5785 -0.8015 -0.1514
vn 0.7747 -0.5344 0.3380
vn 0.9127 -0.3567 0.1995
vn 0.5753 -0.2813 0.7681
vn 0.5976 -0.3933 0.6987
vn 0.8328 -0.4666 0.2978
vn 0.8788 -0.3891 0.2764
vn 0.9203 -0.1131 0.3744
vn 0.2398 -0.3745 0.8957
vn 0.7292 -0.3079 0.6111
vn 0.4525 -0.2515 0.8556
vn 0.2504 -0.3518 0.9020
vn 0.2069 -0.3992 0.8932
vn -0.0000 -0.4161 0.9093
vn 0.2906 0.1381 0.9468
vn 0.0969 -0.1230 0.9877
vn 0.0576 0.1404 0.9884
vn 0.4863 -0.0984 0.8682
vn 0.5086 0.1520 0.8475
vn 0.7893 -0.0753 0.6094
vn 0.7756 0.1394 0.6157
vn 0.9317 0.0964 0.3502
vn 0.9782 -0.1114 0.1752
vn 0.9776 0.0587 0.2023
vn 0.9830 -0.1790 -0.0396
vn 0.9991 0.0354 -0.0223
vn 0.9255 -0.2212 -0.3076
vn 0.9528 0.0157 -0.3033
vn 0.7906 -0.2711 -0.5490
vn 0.8262 0.0019 -0.5633
vn 0.5873 -0.2728 -0.7620
vn 0.6045 0.0083 -0.7965
vn 0.3583 -0.2873 -0.8883
vn 0.3382 0.0385 -0.9403
vn -0.0000 -0.2696 -0.9630
vn -0.0000 0.0484 -0.9988
vn 0.9288 -0.3153 0.1949
vn 0.9332 -0.2264 0.2791
vn 0.9903 -0.0516 0.1289
vn 0.9442 -0.3075 0.1179
vn 0.6411 -0.0986 -0.7611
vn -0.0000 -0.0966 -0.9953
vn 0.4496 -0.5737 -0.6847
vn -0.0000 -0.4143 -0.9101
vn 0.3177 -0.7414 -0.5911
vn -0.0000 -0.7705 -0.6374
vn 0.3097 -0.6721 -0.6726
vn -0.0000 -0.6840 -0.7295
vn 0.8725 -0.4743 0.1177
vn 0.8408 -0.5164 -0.1624
vn 0.7346 -0.6047 -0.3078
vn 0.4206 -0.8067 -0.4150
vn 0.9259 -0.2218 -0.3059
vn 0.8358 -0.3346 -0.4354
vn 0.5688 -0.5975 -0.5652
vn 0.4976 -0.6646 -0.5573
vn 0.4906 -0.6852 -0.5384
vn 0.5359 -0.6953 -0.4789
vn 0.9148 -0.3990 -0.0620
vn 0.8880 0.4095 -0.2090
vn 0.5233 -0.5890 -0.6158
vn 0.6879 -0.5546 -0.4682
vn 0.8504 -0.4330 -0.2988
vn 0.6310 0.0733 -0.7723
vn 0.6345 -0.6503 -0.4177
vn 0.6951 -0.5486 -0.4647
vn 0.2082 -0.4252 -0.8809
vn -0.0000 0.4976 0.8674
vn 0.1538 0.4903 0.8579
vn 0.3001 0.4873 0.8201
vn 0.0342 0.4924 0.8697
vn 0.4758 0.4501 0.7556
vn 0.6827 0.4190 0.5986
vn 0.8458 0.3778 0.3768
vn 0.9134 0.3588 0.1922
vn 0.9269 0.3728 -0.0421
vn 0.8726 0.3981 -0.2830
vn 0.7557 0.4074 -0.5128
vn 0.5644 0.3894 -0.7279
vn 0.3107 0.3790 -0.8717
vn -0.0000 0.3757 -0.9268
vn -0.0000 0.7748 0.6321
vn 0.1275 0.7699 0.6253
vn 0.0258 0.7728 0.6341
vn -0.0000 0.9752 0.2215
vn 0.0923 0.9722 0.2152
vn 0.0147 0.9739 0.2265
vn -0.0000 1.0000 0.0018
vn 0.1428 0.9897 -0.0054
vn 0.0325 0.9995 0.0061
vn -0.0000 0.9228 -0.3854
vn 0.3450 0.8617 -0.3720
vn 0.1297 0.9173 -0.3765
vn -0.0000 0.7118 -0.7023
vn 0.4483 0.7042 -0.5506
vn 0.2439 0.7102 -0.6604
vn 0.6318 0.7624 0.1398
vn 0.6460 0.7608 -0.0623
vn 0.2995 0.9417 0.1535
vn 0.3923 0.9190 -0.0387
vn 0.6316 0.7374 -0.2395
vn 0.5710 0.7362 -0.3634
vn 0.4431 0.8667 -0.2291
vn 0.5697 0.7554 0.3238
vn 0.2702 0.9227 0.2748
vn 0.4691 0.7308 0.4958
vn 0.2374 0.9027 0.3589
vn 0.2466 0.7491 0.6149
vn 0.3543 0.7603 0.5444
vn 0.0223 0.9038 0.4273
vn -0.0000 0.9135 0.4068
vn 0.1063 0.9051 0.4117
vn 0.2496 0.8551 0.4545
vn 0.3326 -0.9270 0.1732
vn 0.7362 -0.2786 0.6168
vn 0.2350 -0.9704 -0.0562
vn 0.7323 -0.2185 0.6450
vn 0.5825 -0.7955 -0.1673
vn 0.6861 -0.3921 0.6128
vn 0.8667 -0.4969 -0.0449
vn 0.6614 -0.4873 0.5701
vn 0.9771 -0.2127 0.0044
vn 0.6510 -0.6726 0.3517
vn 0.8243 0.5311 0.1960
vn 0.7569 -0.5026 0.4177
vn 0.7860 -0.4642 0.4084
vn 0.1513 -0.9448 -0.2907
vn 0.2084 -0.6400 -0.7396
vn 0.3593 -0.1181 -0.9257
vn 0.4742 0.7189 -0.5083
vn 0.5426 0.8354 0.0873
vn 0.2030 -0.6171 -0.7602
vn 0.9219 0.0207 0.3870
vn 0.8722 -0.4423 0.2088
vn 0.5374 0.7994 0.2687
vn 0.2329 0.9658 0.1137
vn -0.0444 0.9874 0.1516
vn -0.3466 0.8787 0.3282
vn -0.5739 0.4619 0.6762
vn -0.6079 -0.3618 0.7068
vn -0.3825 -0.8748 0.2973
vn -0.0774 -0.9948 0.0661
vn 0.2051 -0.9784 -0.0274
vn 0.6085 -0.7926 0.0406
vn 0.4664 -0.1302 0.8750
vn 0.5638 -0.3002 0.7694
vn 0.4073 0.2507 0.8782
vn 0.2730 0.8071 0.5235
vn 0.0472 0.9354 0.3506
vn -0.1749 0.7164 0.6754
vn -0.2044 0.3030 0.9308
vn -0.1640 -0.1832 0.9693
vn -0.1399 -0.6183 0.7734
vn 0.0158 -0.9876 0.1562
vn 0.2949 -0.9333 0.2050
vn 0.5563 -0.6027 0.5721
vn -0.0000 -0.9974 -0.0724
vn 0.2132 -0.9726 -0.0923
vn -0.0288 -0.9942 -0.1034
vn -0.9421 -0.3137 -0.1189
vn -0.3298 0.9381 -0.1057
vn -0.1448 0.9854 -0.0894
vn -0.0000 0.9979 -0.0651
vn -0.0000 -0.8783 0.4781
vn 0.2064 -0.9075 0.3658
vn -0.0418 -0.9913 0.1249
vn -0.7675 -0.0445 0.6395
vn -0.2409 0.9183 0.3142
vn -0.1179 0.9504 0.2877
vn -0.0000 0.9717 0.2361
vn -0.8694 -0.1458 0.4722
vn -0.9698 0.0579 -0.2370
vn -0.9269 -0.1973 0.3194
vn -0.9792 0.0146 -0.2026
vn -0.6028 0.2177 -0.7676
vn -0.6487 0.1080 -0.7533
vn -0.2582 -0.1160 0.9591
vn -0.9448 -0.0612 0.3220
vn -0.5397 -0.1639 0.8257
vn -0.4225 -0.5313 0.7343
vn -0.1641 0.1284 0.9781
vn -0.9299 -0.0950 0.3554
vn -0.7775 -0.5457 0.3126
vn -0.1580 -0.1290 0.9790
vn -0.3956 0.3549 0.8471
vn -0.7890 0.5096 0.3432
vn -0.2529 0.3981 0.8818
vn -0.2981 0.8889 0.3479
vn -0.2992 0.3379 0.8924
vn -0.0486 0.9269 0.3723
vn -0.6902 0.0189 0.7234
vn 0.0056 0.8490 0.5284
vn -0.8354 -0.2680 0.4800
vn 0.0461 0.3625 0.9309
vn -0.7161 -0.4269 0.5523
vn 0.0726 -0.6590 0.7487
vn -0.5535 -0.4091 0.7254
vn 0.0689 -0.8730 0.4829
vn -0.3476 -0.4575 0.8185
vn -0.0965 -0.8980 0.4293
vn -0.2552 -0.5810 0.7729
vn -0.2002 -0.9375 0.2846
vn -0.3060 -0.6137 0.7278
vn -0.4862 -0.8352 0.2571
vn -0.3679 0.4464 0.8157
vn -0.3696 0.2063 0.9060
vn -0.5259 0.4315 0.7330
vn -0.4104 0.5957 0.6905
vn -0.3140 -0.3221 0.8931
vn -0.2770 -0.2784 0.9197
vn -0.2743 -0.3098 0.9104
vn -0.2855 -0.2918 0.9129
vn -0.2618 -0.4111 0.8732
vn -0.3095 -0.3782 0.8725
vn -0.2343 -0.4434 0.8652
vn -0.3155 -0.4703 0.8242
vn -0.3031 -0.4775 0.8247
vn -0.2209 -0.4523 0.8641
vn -0.2099 -0.9765 0.0499
vn -0.2862 -0.6686 0.6863
vn -0.0492 -0.9836 0.1735
vn -0.2564 -0.5056 0.8238
vn 0.4120 -0.8307 0.3743
vn -0.1783 -0.5670 0.8042
vn 0.4127 0.8407 0.3506
vn -0.1188 -0.3570 0.9265
vn 0.1034 0.9752 0.1955
vn -0.1845 -0.0774 0.9798
vn -0.3049 -0.4079 0.8606
vn -0.4986 -0.1367 0.8560
vn -0.3071 0.4893 0.8162
vn -0.3504 0.4768 0.8062
vn -0.4008 0.3313 0.8542
vn -0.3855 0.0007 0.9227
vn -0.3377 -0.2094 0.9177
vn -0.3960 0.2709 0.8774
vn -0.4275 0.0728 0.9011
vn -0.3452 0.3591 0.8671
vn -0.4278 -0.1731 0.8872
vn -0.3736 -0.3843 0.8442
vn -0.5230 -0.8243 0.2166
vn -0.4691 -0.6286 0.6203
vn -0.6244 -0.7503 0.2173
vn -0.5248 -0.6454 0.5550
vn -0.6874 -0.7075 0.1642
vn -0.5976 -0.5737 0.5601
vn -0.7890 -0.5959 0.1494
vn -0.7019 -0.4200 0.5752
vn -0.8818 -0.4473 0.1494
vn -0.7663 -0.2043 0.6091
vn -0.9408 -0.2407 0.2385
vn -0.7507 0.0115 0.6606
vn -0.4014 -0.9113 -0.0913
vn -0.6509 -0.7557 -0.0729
vn -0.6938 -0.7124 -0.1055
vn -0.7398 -0.6631 -0.1144
vn -0.8316 -0.5511 -0.0691
vn -0.8976 -0.4365 0.0620
vn -0.5349 -0.7546 0.3801
vn -0.4328 -0.9014 -0.0161
vn -0.6891 -0.7151 -0.1174
vn -0.7426 -0.6384 -0.2023
vn -0.6786 -0.7004 -0.2214
vn -0.5785 -0.8015 -0.1514
vn -0.7747 -0.5344 0.3380
vn -0.9127 -0.3567 0.1995
vn -0.5753 -0.2813 0.7681
vn -0.5976 -0.3933 0.6987
vn -0.8328 -0.4666 0.2978
vn -0.8788 -0.3891 0.2764
vn -0.9203 -0.1131 0.3744
vn -0.2398 -0.3745 0.8957
vn -0.7292 -0.3079 0.6111
vn -0.4525 -0.2515 0.8556
vn -0.2504 -0.3518 0.9020
vn -0.2069 -0.3992 0.8932
vn -0.2906 0.1381 0.9468
vn -0.0969 -0.1230 0.9877
vn -0.0576 0.1404 0.9884
vn -0.4863 -0.0984 0.8682
vn -0.5086 0.1520 0.8475
vn -0.7893 -0.0753 0.6094
vn -0.7756 0.1394 0.6157
vn -0.9317 0.0964 0.3502
vn -0.9782 -0.1114 0.1752
vn -0.9776 0.0587 0.2023
vn -0.9830 -0.1790 -0.0396
vn -0.9991 0.0354 -0.0223
vn -0.9255 -0.2212 -0.3076
vn -0.9528 0.0157 -0.3033
vn -0.7906 -0.2711 -0.5490
vn -0.8262 0.0019 -0.5633
vn -0.5873 -0.2728 -0.7620
vn -0.6045 0.0083 -0.7965
vn -0.3583 -0.2873 -0.8883
vn -0.3382 0.0385 -0.9403
vn -0.9288 -0.3153 0.1949
vn -0.9332 -0.2264 0.2791
vn -0.9903 -0.0516 0.1289
vn -0.9442 -0.3075 0.1179
vn -0.6411 -0.0986 -0.7611
vn -0.4496 -0.5737 -0.6847
vn -0.3177 -0.7414 -0.5911
vn -0.3097 -0.6721 -0.6726
vn -0.8725 -0.4743 0.1177
vn -0.8408 -0.5164 -0.1624
vn -0.7346 -0.6047 -0.3078
vn -0.4206 -0.8067 -0.4150
vn -0.9259 -0.2218 -0.3059
vn -0.8358 -0.3346 -0.4354
vn -0.5688 -0.5975 -0.5652
vn -0.4976 -0.6646 -0.5573
vn -0.4906 -0.6852 -0.5384
vn -0.5359 -0.6953 -0.4789
vn -0.9148 -0.3990 -0.0620
vn -0.8880 0.4095 -0.2090
vn -0.5233 -0.5890 -0.6158
vn -0.6879 -0.5546 -0.4682
vn -0.8504 -0.4330 -0.2988
vn -0.6310 0.0733 -0.7723
vn -0.6345 -0.6503 -0.4177
vn -0.6951 -0.5486 -0.4647
vn -0.2082 -0.4252 -0.8809
vn -0.1538 0.4903 0.8579
vn -0.3001 0.4873 0.8201
vn -0.0342 0.4924 0.8697
vn -0.4758 0.4501 0.7556
vn -0.6827 0.4190 0.5986
vn -0.8458 0.3778 0.3768
vn -0.9134 0.3588 0.1922
vn -0.9269 0.3728 -0.0421
vn -0.8726 0.3981 -0.2830
vn -0.7557 0.4074 -0.5128
vn -0.5644 0.3894 -0.7279
vn -0.3107 0.3790 -0.8717
vn -0.1275 0.7699 0.6253
vn -0.0258 0.7728 0.6341
vn -0.0923 0.9722 0.2152
vn -0.0147 0.9739 0.2265
vn -0.1428 0.9897 -0.0054
vn -0.0325 0.9995 0.0061
vn -0.3450 0.8617 -0.3720
vn -0.1297 0.9173 -0.3765
vn -0.4483 0.7042 -0.5506
vn -0.2439 0.7102 -0.6604
vn -0.6318 0.7624 0.1398
vn -0.6460 0.7608 -0.0623
vn -0.2995 0.9417 0.1535
vn -0.3923 0.9190 -0.0387
vn -0.6316 0.7374 -0.2395
vn -0.5710 0.7362 -0.3634
vn -0.4431 0.8667 -0.2291
vn -0.5697 0.7554 0.3238
vn -0.2702 0.9227 0.2748
vn -0.4691 0.7308 0.4958
vn -0.2374 0.9027 0.3589
vn -0.2466 0.7491 0.6149
vn -0.3543 0.7603 0.5444
vn -0.0223 0.9038 0.4273
vn -0.1063 0.9051 0.4117
vn -0.2496 0.8551 0.4545
vn -0.3326 -0.9270 0.1732
vn -0.7362 -0.2786 0.6168
vn -0.2350 -0.9704 -0.0562
vn -0.7323 -0.2185 0.6450
vn -0.5825 -0.7955 -0.1673
vn -0.6861 -0.3921 0.6128
vn -0.8667 -0.4969 -0.0449
vn -0.6614 -0.4873 0.5701
vn -0.9771 -0.2127 0.0044
vn -0.6510 -0.6726 0.3517
vn -0.8243 0.5311 0.1960
vn -0.7569 -0.5026 0.4177
vn -0.7860 -0.4642 0.4084
vn -0.1513 -0.9448 -0.2907
vn -0.2084 -0.6400 -0.7396
vn -0.3593 -0.1181 -0.9257
vn -0.4742 0.7189 -0.5083
vn -0.5426 0.8354 0.0873
vn -0.2030 -0.6171 -0.7602
vn -0.9219 0.0207 0.3870
vn -0.8722 -0.4423 0.2088
vn -0.5374 0.7994 0.2687
vn -0.2329 0.9658 0.1137
vn 0.0444 0.9874 0.1516
vn 0.3466 0.8787 0.3282
vn 0.5739 0.4619 0.6762
vn 0.6079 -0.3618 0.7068
vn 0.3825 -0.8748 0.2973
vn 0.0774 -0.9948 0.0661
vn -0.2051 -0.9784 -0.0274
vn -0.6085 -0.7926 0.0406
vn -0.4664 -0.1302 0.8750
vn -0.5638 -0.3002 0.7694
vn -0.4073 0.2507 0.8782
vn -0.2730 0.8071 0.5235
vn -0.0472 0.9354 0.3506
vn 0.1749 0.7164 0.6754
vn 0.2044 0.3030 0.9308
vn 0.1640 -0.1832 0.9693
vn 0.1399 -0.6183 0.7734
vn -0.0158 -0.9876 0.1562
vn -0.2949 -0.9333 0.2050
vn -0.5563 -0.6027 0.5721
vn -0.2132 -0.9726 -0.0923
vn 0.0288 -0.9942 -0.1034
vn 0.9421 -0.3137 -0.1189
vn 0.3298 0.9381 -0.1057
vn 0.1448 0.9854 -0.0894
vn -0.2064 -0.9075 0.3658
vn 0.0418 -0.9913 0.1249
vn 0.7675 -0.0445 0.6395
vn 0.2409 0.9183 0.3142
vn 0.1179 0.9504 0.2877
vt 0.101640 0.989120
vt 0.073576 0.987156
vt 0.080491 0.950504
vt 0.099089 0.950803
vt 0.125825 0.958672
vt 0.121283 0.991843
vt 0.699852 0.613692
vt 0.698186 0.647193
vt 0.689585 0.650608
vt 0.693481 0.613159
vt 0.681636 0.646199
vt 0.682964 0.613410
vt 0.987468 0.839734
vt 0.962290 0.841103
vt 0.960672 0.824521
vt 0.986038 0.823506
vt 0.842584 0.859852
vt 0.819185 0.863139
vt 0.816055 0.844333
vt 0.841260 0.832084
vt 0.849433 0.890465
vt 0.821856 0.876857
vt 0.955334 0.859499
vt 0.935714 0.871119
vt 0.924603 0.857437
vt 0.941876 0.850399
vt 0.894260 0.878986
vt 0.895860 0.860677
vt 0.859677 0.869808
vt 0.869057 0.855806
vt 0.160640 0.810366
vt 0.146005 0.795424
vt 0.158934 0.786501
vt 0.167297 0.796020
vt 0.145749 0.775865
vt 0.158531 0.774035
vt 0.161455 0.750855
vt 0.165927 0.764174
vt 0.841558 0.811309
vt 0.876589 0.798772
vt 0.883520 0.814745
vt 0.859700 0.824502
vt 0.918426 0.802447
vt 0.916604 0.816776
vt 0.938041 0.808809
vt 0.932223 0.822359
vt 0.811346 0.830437
vt 0.822214 0.807001
vt 0.987377 0.869320
vt 0.970293 0.869578
vt 0.970472 0.855834
vt 0.987616 0.855226
vt 0.659700 0.673285
vt 0.655358 0.673787
vt 0.654602 0.668597
vt 0.658152 0.667738
vt 0.986172 0.881201
vt 0.968244 0.882628
vt 0.987478 0.926865
vt 0.966681 0.925684
vt 0.967734 0.917101
vt 0.987461 0.917921
vt 0.953302 0.923438
vt 0.951799 0.914662
vt 0.943685 0.926249
vt 0.932435 0.922477
vt 0.943684 0.935603
vt 0.934369 0.938649
vt 0.961743 0.944619
vt 0.953982 0.955982
vt 0.991397 0.968093
vt 0.990113 0.951178
vt 0.989263 0.938041
vt 0.966946 0.934873
vt 0.967745 0.930107
vt 0.988242 0.932790
vt 0.954722 0.933509
vt 0.953643 0.928443
vt 0.952831 0.933800
vt 0.949446 0.929612
vt 0.955641 0.934568
vt 0.949065 0.935019
vt 0.966997 0.935524
vt 0.964994 0.938748
vt 0.989278 0.938566
vt 0.989177 0.941590
vt 0.987031 0.912257
vt 0.970002 0.911695
vt 0.973632 0.900347
vt 0.985658 0.900074
vt 0.656808 0.685324
vt 0.654574 0.685280
vt 0.650071 0.669840
vt 0.649437 0.662085
vt 0.654892 0.656317
vt 0.940498 0.876470
vt 0.649437 0.688982
vt 0.650213 0.677703
vt 0.951154 0.910246
vt 0.950541 0.905038
vt 0.948161 0.892931
vt 0.901058 0.905135
vt 0.896161 0.895277
vt 0.945459 0.884606
vt 0.895076 0.887061
vt 0.915654 0.919886
vt 0.905898 0.912789
vt 0.192574 0.948342
vt 0.174766 0.933041
vt 0.186620 0.922543
vt 0.199534 0.936468
vt 0.163291 0.907959
vt 0.178058 0.899091
vt 0.993000 0.994449
vt 0.956051 0.980526
vt 0.918584 0.957257
vt 0.155003 0.892559
vt 0.173832 0.879793
vt 0.893290 0.938149
vt 0.150228 0.875985
vt 0.170597 0.865667
vt 0.187297 0.846071
vt 0.189277 0.853838
vt 0.144594 0.859555
vt 0.167024 0.850380
vt 0.183689 0.836058
vt 0.141140 0.836628
vt 0.162531 0.833857
vt 0.181218 0.827692
vt 0.859018 0.892847
vt 0.120553 0.866866
vt 0.118315 0.844364
vt 0.126992 0.881735
vt 0.161168 0.936702
vt 0.142677 0.911113
vt 0.135965 0.896879
vt 0.728843 0.720510
vt 0.725013 0.721146
vt 0.722901 0.706814
vt 0.728843 0.705348
vt 0.711480 0.719651
vt 0.708592 0.712404
vt 0.715150 0.707675
vt 0.718276 0.717798
vt 0.104199 0.870557
vt 0.099081 0.849331
vt 0.121156 0.903145
vt 0.111864 0.886192
vt 0.125366 0.916620
vt 0.725323 0.685353
vt 0.716484 0.689732
vt 0.122193 0.803763
vt 0.664553 0.393020
vt 0.657344 0.393825
vt 0.657344 0.384425
vt 0.664711 0.386087
vt 0.658215 0.424257
vt 0.663330 0.426747
vt 0.098481 0.809200
vt 0.100615 0.781918
vt 0.126894 0.775768
vt 0.968311 0.796741
vt 0.984301 0.800909
vt 0.920736 0.774472
vt 0.946315 0.783358
vt 0.862050 0.763179
vt 0.818989 0.792009
vt 0.153329 0.731343
vt 0.981823 0.748632
vt 0.960681 0.748678
vt 0.959578 0.713966
vt 0.980721 0.713920
vt 0.940941 0.749160
vt 0.939597 0.714167
vt 0.912547 0.749699
vt 0.911445 0.714987
vt 0.858858 0.752245
vt 0.857454 0.719679
vt 0.185235 0.690501
vt 0.156532 0.698061
vt 0.156746 0.655282
vt 0.187632 0.648617
vt 0.185662 0.701625
vt 0.132032 0.703093
vt 0.132246 0.660314
vt 0.099881 0.710025
vt 0.099565 0.667264
vt 0.064507 0.718052
vt 0.064191 0.675291
vt 0.030453 0.725625
vt 0.029007 0.684296
vt 0.726420 0.408411
vt 0.717297 0.415064
vt 0.718636 0.377341
vt 0.727759 0.370688
vt 0.705927 0.419294
vt 0.707699 0.382319
vt 0.693865 0.424443
vt 0.694715 0.385394
vt 0.680754 0.425607
vt 0.681879 0.386567
vt 0.115715 0.751663
vt 0.132664 0.730529
vt 0.088731 0.766499
vt 0.099987 0.740580
vt 0.684026 0.581753
vt 0.694543 0.581502
vt 0.684713 0.544905
vt 0.695432 0.535176
vt 0.683300 0.511097
vt 0.693842 0.510313
vt 0.680754 0.481108
vt 0.691296 0.480324
vt 0.109982 0.929033
vt 0.130724 0.948401
vt 0.142542 0.938204
vt 0.091918 0.883415
vt 0.083753 0.868556
vt 0.099715 0.904421
vt 0.083099 0.916641
vt 0.078620 0.894016
vt 0.708185 0.552312
vt 0.705135 0.536657
vt 0.709719 0.513706
vt 0.711392 0.538755
vt 0.074201 0.866121
vt 0.701452 0.582758
vt 0.702970 0.562117
vt 0.700790 0.527651
vt 0.706597 0.507330
vt 0.067798 0.754368
vt 0.071501 0.770607
vt 0.703528 0.468717
vt 0.713819 0.459737
vt 0.039684 0.764966
vt 0.020706 0.781649
vt 0.006771 0.732665
vt 0.058430 0.784475
vt 0.710808 0.486504
vt 0.053690 0.809143
vt 0.040193 0.811049
vt 0.063550 0.840973
vt 0.048553 0.833862
vt 0.723861 0.462005
vt 0.720980 0.498357
vt 0.715838 0.484636
vt 0.722854 0.444308
vt 0.715327 0.522178
vt 0.908130 0.686073
vt 0.934321 0.685310
vt 0.097306 0.603324
vt 0.127710 0.596858
vt 0.698082 0.324912
vt 0.710161 0.322052
vt 0.150737 0.591471
vt 0.179470 0.585271
vt 0.720337 0.317421
vt 0.728824 0.311231
vt 0.064397 0.610791
vt 0.952910 0.685123
vt 0.684719 0.325955
vt 0.868510 0.689820
vt 0.981299 0.684945
vt 0.031664 0.619169
vt 0.956792 0.655849
vt 0.985181 0.655671
vt 0.938203 0.656036
vt 0.960707 0.637784
vt 0.964611 0.628378
vt 0.993000 0.628200
vt 0.988958 0.636603
vt 0.942117 0.637972
vt 0.946022 0.628565
vt 0.578218 0.713515
vt 0.577127 0.730780
vt 0.571876 0.730667
vt 0.572967 0.713402
vt 0.581679 0.713941
vt 0.580587 0.731205
vt 0.705644 0.203973
vt 0.699760 0.236278
vt 0.693429 0.235924
vt 0.700572 0.203650
vt 0.708890 0.204256
vt 0.706994 0.238803
vt 0.698642 0.275416
vt 0.688897 0.274863
vt 0.707082 0.275904
vt 0.075778 0.551350
vt 0.108687 0.543883
vt 0.092257 0.515858
vt 0.125166 0.508390
vt 0.589775 0.717880
vt 0.591631 0.731205
vt 0.716142 0.267358
vt 0.723858 0.257256
vt 0.057565 0.560097
vt 0.714501 0.230393
vt 0.717883 0.216785
vt 0.729166 0.249119
vt 0.138652 0.509121
vt 0.131033 0.540036
vt 0.148717 0.512085
vt 0.150651 0.537537
vt 0.158703 0.535215
vt 0.173516 0.531608
vt 0.199534 0.581157
vt 0.914192 0.657387
vt 0.159527 0.519208
vt 0.914271 0.645215
vt 0.163471 0.511625
vt 0.141067 0.502023
vt 0.588159 0.710792
vt 0.589581 0.713140
vt 0.662110 0.429873
vt 0.661690 0.442410
vt 0.657344 0.443153
vt 0.657344 0.426747
vt 0.085327 0.846350
vt 0.082575 0.864270
vt 0.059620 0.847321
vt 0.067850 0.832869
vt 0.050524 0.820721
vt 0.061382 0.815538
vt 0.052387 0.798179
vt 0.063245 0.806114
vt 0.067271 0.784289
vt 0.071335 0.800911
vt 0.085405 0.790228
vt 0.089469 0.806850
vt 0.726880 0.519312
vt 0.722564 0.534715
vt 0.719041 0.535591
vt 0.724591 0.516199
vt 0.733629 0.461672
vt 0.733190 0.474427
vt 0.730901 0.471315
vt 0.731665 0.456599
vt 0.730639 0.495038
vt 0.728350 0.491926
vt 0.090951 0.863067
vt 0.598303 0.445242
vt 0.590148 0.445242
vt 0.592584 0.437634
vt 0.596336 0.437921
vt 0.594674 0.434837
vt 0.727491 0.449240
vt 0.729665 0.445378
vt 0.068232 0.778709
vt 0.662409 0.304343
vt 0.664069 0.310378
vt 0.662024 0.311175
vt 0.661137 0.305228
vt 0.650655 0.348301
vt 0.649666 0.338064
vt 0.653793 0.340118
vt 0.654134 0.350291
vt 0.663278 0.213130
vt 0.661308 0.203650
vt 0.662517 0.204537
vt 0.664244 0.213384
vt 0.665148 0.222255
vt 0.666242 0.222874
vt 0.665197 0.233576
vt 0.665923 0.232944
vt 0.733404 0.693191
vt 0.732895 0.703722
vt 0.731645 0.704549
vt 0.732154 0.694018
vt 0.662868 0.242067
vt 0.664728 0.242154
vt 0.661308 0.246154
vt 0.663244 0.247317
vt 0.654221 0.376765
vt 0.654221 0.382623
vt 0.652096 0.382959
vt 0.652426 0.377049
vt 0.733271 0.685353
vt 0.731409 0.686853
vt 0.732606 0.711412
vt 0.732691 0.718072
vt 0.731226 0.719041
vt 0.731293 0.713023
vt 0.663014 0.315866
vt 0.660719 0.316963
vt 0.664771 0.335796
vt 0.664771 0.345559
vt 0.664075 0.352786
vt 0.661872 0.359629
vt 0.658372 0.362914
vt 0.655453 0.358328
vt 0.655458 0.330887
vt 0.658821 0.322108
vt 0.662612 0.324247
vt 0.664116 0.329047
vt 0.649666 0.381563
vt 0.650283 0.377502
vt 0.658043 0.316932
vt 0.658549 0.312705
vt 0.729589 0.704020
vt 0.729836 0.694265
vt 0.651440 0.328802
vt 0.656673 0.363498
vt 0.652143 0.357764
vt 0.728843 0.687603
vt 0.729489 0.711284
vt 0.655994 0.320471
vt 0.728843 0.718282
vt 0.658043 0.308419
vt 0.606916 0.435769
vt 0.607068 0.438406
vt 0.602640 0.437806
vt 0.603126 0.434837
vt 0.717582 0.722460
vt 0.719292 0.721146
vt 0.719934 0.728100
vt 0.718005 0.729920
vt 0.657097 0.363799
vt 0.657175 0.363498
vt 0.661722 0.364342
vt 0.659546 0.368142
vt 0.607068 0.443567
vt 0.602147 0.442931
vt 0.657027 0.364553
vt 0.657027 0.372588
vt 0.714600 0.726053
vt 0.714600 0.733001
vt 0.598790 0.438658
vt 0.599286 0.435687
vt 0.658037 0.376875
vt 0.658037 0.380691
vt 0.654248 0.380581
vt 0.654221 0.376765
vt 0.658018 0.382865
vt 0.654252 0.382756
vt 0.663658 0.367835
vt 0.661479 0.371629
vt 0.598303 0.443782
vt 0.658944 0.376048
vt 0.651570 0.376765
vt 0.650330 0.372136
vt 0.656348 0.366574
vt 0.657027 0.371671
vt 0.657027 0.363498
vt 0.649666 0.369441
vt 0.652824 0.365232
s 1
f 135/143/122 136/144/123 138/145/125 137/146/124
f 135/143/122 137/146/124 259/147/246 258/148/245
f 138/149/125 136/150/123 141/151/128 142/152/129
f 142/152/129 141/151/128 143/153/130 144/154/131
f 163/155/150 169/156/156 170/157/157 164/158/151
f 169/159/156 172/160/159 173/161/160 170/162/157
f 169/159/156 175/163/162 176/164/163 172/160/159
f 175/165/162 177/166/164 178/167/165 176/168/163
f 177/166/164 179/169/166 180/170/167 178/167/165
f 179/169/166 181/171/168 182/172/169 180/170/167
f 181/173/168 183/174/170 184/175/171 182/176/169
f 183/174/170 185/177/172 186/178/173 184/175/171
f 185/177/172 187/179/174 188/180/175 186/178/173
f 187/181/174 189/182/176 190/183/177 188/184/175
f 189/182/176 191/185/178 192/186/179 190/183/177
f 191/185/178 193/187/180 194/188/181 192/186/179
f 170/162/157 173/161/160 194/189/181 193/190/180
f 161/191/148 195/192/182 196/193/183 162/194/149
f 162/194/149 196/193/183 169/156/156 163/155/150
f 169/156/156 196/193/183 195/192/182 175/165/162
f 159/195/146 197/196/184 198/197/185 160/198/147
f 160/199/147 198/200/185 195/192/182 161/191/148
f 155/201/142 199/202/186 200/203/187 156/204/143
f 199/202/186 201/205/188 202/206/189 200/203/187
f 201/205/188 203/207/190 204/208/191 202/206/189
f 203/207/190 205/209/192 206/210/193 204/208/191
f 205/209/192 208/211/195 207/212/194 206/210/193
f 150/213/137 207/212/194 208/211/195 151/214/138
f 153/215/140 209/216/196 210/217/197 154/218/141
f 209/216/196 211/219/198 212/220/199 210/217/197
f 211/219/198 213/221/200 214/222/201 212/220/199
f 213/221/200 215/223/202 216/224/203 214/222/201
f 215/223/202 217/225/204 218/226/205 216/224/203
f 219/227/206 152/228/139 218/226/205 217/225/204
f 152/228/139 151/214/138 208/211/195 218/226/205
f 218/226/205 208/211/195 205/209/192 216/224/203
f 205/209/192 203/207/190 214/222/201 216/224/203
f 203/207/190 201/205/188 212/220/199 214/222/201
f 201/205/188 199/202/186 210/217/197 212/220/199
f 154/218/141 210/217/197 199/202/186 155/201/142
f 157/229/144 220/230/207 221/231/208 158/232/145
f 158/233/145 221/234/208 197/196/184 159/195/146
f 157/229/144 156/204/143 200/203/187 220/230/207
f 198/197/185 223/235/210 222/236/209 195/237/182
f 177/166/164 175/165/162 195/192/182 222/238/209
f 221/234/208 225/239/212 224/240/211 197/196/184
f 197/196/184 224/240/211 223/235/210 198/197/185
f 226/241/213 225/242/212 221/231/208 220/230/207
f 202/206/189 226/241/213 220/230/207 200/203/187
f 224/243/211 228/244/215 227/245/214 223/246/210
f 229/247/216 179/169/166 177/166/164 222/238/209
f 222/238/209 223/246/210 227/245/214 229/247/216
f 226/241/213 231/248/218 230/249/217 225/242/212
f 225/242/212 230/249/217 228/244/215 224/243/211
f 202/206/189 204/208/191 231/248/218 226/241/213
f 148/250/135 232/251/219 233/252/220 149/253/136
f 232/251/219 234/254/221 235/255/222 233/252/220
f 149/256/136 233/257/220 207/212/194 150/213/137
f 233/257/220 235/258/222 206/210/193 207/212/194
f 206/210/193 235/258/222 231/248/218 204/208/191
f 234/254/221 236/259/223 237/260/224 235/255/222
f 230/249/217 231/248/218 235/258/222 237/261/224
f 236/259/223 238/262/225 239/263/226 237/260/224
f 228/264/215 230/265/217 237/260/224 239/263/226
f 238/262/225 240/266/227 241/267/228 239/263/226
f 227/268/214 228/264/215 239/263/226 241/267/228
f 240/266/227 242/269/229 243/270/230 241/267/228
f 229/271/216 227/268/214 241/267/228 243/270/230
f 181/171/168 179/169/166 229/247/216 243/272/230
f 181/173/168 243/270/230 242/269/229 183/174/170
f 240/266/227 248/273/235 249/274/236 242/269/229
f 238/262/225 247/275/234 248/273/235 240/266/227
f 232/251/219 244/276/231 245/277/232 234/254/221
f 236/259/223 246/278/233 247/275/234 238/262/225
f 234/254/221 245/277/232 246/278/233 236/259/223
f 148/279/135 147/280/134 244/281/231 232/282/219
f 145/283/132 250/284/237 251/285/238 146/286/133
f 146/286/133 251/285/238 244/281/231 147/280/134
f 248/273/235 255/287/242 256/288/243 249/274/236
f 246/278/233 253/289/240 254/290/241 247/275/234
f 247/275/234 254/290/241 255/287/242 248/273/235
f 245/277/232 252/291/239 253/289/240 246/278/233
f 245/292/232 244/281/231 251/285/238 252/293/239
f 257/294/244 183/174/170 242/269/229 249/274/236
f 140/295/127 259/296/246 250/297/237 145/298/132
f 258/299/245 259/296/246 140/295/127 139/300/126
f 256/288/243 260/301/247 257/294/244 249/274/236
f 260/301/247 262/302/249 261/303/248 257/294/244
f 185/177/172 183/174/170 257/294/244 261/303/248
f 164/158/151 170/157/157 263/304/250 268/305/255
f 191/185/178 266/306/253 267/307/254 193/187/180
f 189/182/176 265/308/252 266/306/253 191/185/178
f 187/181/174 264/309/251 265/308/252 189/182/176
f 193/187/180 267/307/254 263/304/250 170/157/157
f 187/179/174 185/177/172 261/303/248 264/310/251
f 166/311/153 268/305/255 263/304/250 270/312/257
f 166/311/153 270/312/257 271/313/258 167/314/154
f 270/312/257 174/315/161 171/316/158 271/313/258
f 174/315/161 165/317/152 269/318/256 171/316/158
f 174/315/161 270/312/257 263/304/250 267/307/254
f 267/307/254 266/306/253 165/317/152 174/315/161
f 165/317/152 272/319/259 273/320/260 269/318/256
f 266/306/253 265/308/252 272/319/259 165/317/152
f 272/321/259 274/322/261 275/323/262 273/324/260
f 265/325/252 264/310/251 274/322/261 272/321/259
f 274/322/261 168/326/155 276/327/263 275/323/262
f 168/326/155 277/328/264 278/329/265 276/327/263
f 277/328/264 279/330/266 280/331/267 278/329/265
f 279/330/266 281/332/268 282/333/269 280/331/267
f 281/334/268 283/335/270 284/336/271 282/337/269
f 283/335/270 285/338/272 286/339/273 284/336/271
f 285/338/272 287/340/274 288/341/275 286/339/273
f 287/340/274 289/342/276 290/343/277 288/341/275
f 261/303/248 291/344/278 292/345/279 264/310/251
f 264/310/251 292/345/279 168/326/155 274/322/261
f 291/344/278 293/346/280 294/347/281 292/345/279
f 277/328/264 168/326/155 292/345/279 294/347/281
f 261/303/248 262/302/249 293/346/280 291/344/278
f 142/152/129 144/154/131 296/348/283 295/349/282
f 295/349/282 296/348/283 298/350/285 297/351/284
f 297/351/284 298/350/285 300/352/287 299/353/286
f 299/353/286 300/352/287 302/354/289 301/355/288
f 287/340/274 301/355/288 302/354/289 289/342/276
f 303/356/290 250/357/237 259/147/246 137/146/124
f 250/357/237 303/356/290 252/291/239 251/358/238
f 254/290/241 305/359/292 306/360/293 255/287/242
f 253/289/240 304/361/291 305/359/292 254/290/241
f 253/289/240 252/291/239 303/356/290 304/361/291
f 303/356/290 307/362/294 308/363/295 304/361/291
f 305/364/292 309/365/296 310/366/297 306/367/293
f 304/361/291 308/363/295 309/368/296 305/359/292
f 137/146/124 138/145/125 307/362/294 303/356/290
f 138/149/125 142/152/129 295/349/282 307/369/294
f 297/351/284 308/370/295 307/369/294 295/349/282
f 309/365/296 311/371/298 312/372/299 310/366/297
f 309/365/296 308/370/295 297/351/284 311/371/298
f 297/351/284 299/353/286 312/372/299 311/371/298
f 313/373/300 279/330/266 277/328/264 294/347/281
f 314/374/301 313/373/300 294/347/281 293/346/280
f 285/338/272 315/375/302 301/355/288 287/340/274
f 283/335/270 316/376/303 315/375/302 285/338/272
f 317/377/304 281/332/268 279/330/266 313/373/300
f 281/332/268 317/377/304 316/378/303 283/379/270
f 314/374/301 318/380/305 317/377/304 313/373/300
f 301/355/288 315/375/302 312/372/299 299/353/286
f 316/376/303 319/381/306 312/372/299 315/375/302
f 317/377/304 320/382/307 319/383/306 316/378/303
f 310/384/297 312/385/299 319/383/306 320/382/307
f 318/386/305 321/387/308 320/388/307 317/389/304
f 306/367/293 310/366/297 320/388/307 321/387/308 386/390/373
f 269/318/256 324/391/311 323/392/310 171/316/158
f 278/329/265 329/393/316 328/394/315 276/327/263
f 288/341/275 334/395/321 333/396/320 286/339/273
f 275/323/262 327/397/314 326/398/313 273/324/260
f 284/336/271 332/399/319 331/400/318 282/337/269
f 280/331/267 330/401/317 329/393/316 278/329/265
f 171/316/158 323/392/310 325/402/312 271/313/258
f 290/343/277 335/403/322 334/395/321 288/341/275
f 276/327/263 328/394/315 327/397/314 275/323/262
f 286/339/273 333/396/320 332/399/319 284/336/271
f 273/320/260 326/404/313 324/391/311 269/318/256
f 271/313/258 325/402/312 322/405/309 167/314/154
f 282/333/269 331/406/318 330/401/317 280/331/267
f 325/402/312 338/407/325 336/408/323 322/405/309
f 323/392/310 337/409/324 338/407/325 325/402/312
f 364/410/351 341/411/328 339/412/326 365/413/352
f 366/414/353 340/415/327 341/411/328 364/410/351
f 341/416/328 344/417/331 342/418/329 339/419/326
f 340/420/327 343/421/330 344/417/331 341/416/328
f 344/422/331 347/423/334 345/424/332 342/425/329
f 343/426/330 346/427/333 347/423/334 344/422/331
f 347/423/334 350/428/337 348/429/335 345/424/332
f 346/427/333 349/430/336 350/428/337 347/423/334
f 334/395/321 335/403/322 348/429/335 350/428/337
f 333/396/320 334/395/321 350/428/337 349/430/336
f 330/401/317 352/431/339 351/432/338 329/393/316
f 352/431/339 354/433/341 353/434/340 351/432/338
f 343/421/330 340/420/327 353/435/340 354/436/341
f 332/399/319 356/437/343 355/438/342 331/400/318
f 332/399/319 333/396/320 349/430/336 356/437/343
f 331/406/318 355/439/342 352/431/339 330/401/317
f 357/440/344 346/427/333 343/426/330 354/441/341
f 346/427/333 357/440/344 356/437/343 349/430/336
f 354/441/341 352/442/339 355/438/342 357/440/344
f 356/437/343 357/440/344 355/438/342
f 353/434/340 359/443/346 358/444/345 351/432/338
f 359/443/346 361/445/348 360/446/347 358/444/345
f 328/394/315 329/393/316 351/432/338 358/444/345
f 327/397/314 328/394/315 358/444/345 360/446/347
f 326/398/313 363/447/350 362/448/349 324/449/311
f 326/398/313 327/397/314 360/446/347 363/447/350
f 324/391/311 362/450/349 337/409/324 323/392/310
f 337/409/324 366/414/353 364/410/351 338/407/325
f 338/407/325 364/410/351 365/413/352 336/408/323
f 361/445/348 367/451/354 363/447/350 360/446/347
f 366/414/353 337/409/324 362/450/349 367/452/354
f 366/453/353 367/451/354 361/445/348 340/454/327
f 353/435/340 340/420/327 361/455/348 359/456/346
f 363/447/350 367/451/354 362/448/349
f 256/457/243 368/458/355 370/459/357 369/460/356
f 369/461/356 370/462/357 372/463/359 371/464/358
f 371/464/358 372/463/359 374/465/361 373/466/360
f 373/466/360 374/465/361 376/467/363 375/468/362
f 375/468/362 376/467/363 378/469/365 377/470/364
f 377/470/364 378/469/365 380/471/367 379/472/366
f 262/302/249 260/301/247 379/472/366 380/471/367
f 372/473/359 370/474/357 381/475/368 382/476/369
f 378/477/365 376/478/363 384/479/371 385/480/372
f 374/481/361 372/473/359 382/476/369 383/482/370
f 376/478/363 374/481/361 383/482/370 384/479/371
f 321/387/308 382/476/369 381/475/368 386/390/373
f 255/287/242 368/483/355 256/288/243
f 386/390/373 381/475/368 306/367/293
f 255/484/242 306/485/293 381/486/368 368/487/355
f 368/487/355 381/486/368 370/488/357
f 318/386/305 383/482/370 382/476/369 321/387/308
f 314/489/301 384/479/371 383/482/370 318/386/305
f 293/490/280 385/480/372 384/479/371 314/489/301
f 293/346/280 262/302/249 380/471/367
f 378/469/365 385/491/372 293/346/280 380/471/367
f 260/301/247 256/288/243 369/461/356 379/472/366
f 371/464/358 377/470/364 379/472/366 369/461/356
f 373/466/360 375/468/362 377/470/364 371/464/358
f 190/492/177 192/493/179 397/494/384 396/495/383
f 393/496/380 394/497/381 406/498/393 405/499/392
f 188/500/175 190/501/177 396/502/383 395/503/382
f 186/504/173 188/500/175 395/503/382 394/505/381
f 184/506/171 186/504/173 394/505/381 393/507/380
f 173/508/160 172/509/159 387/510/374 388/511/375
f 182/512/169 184/506/171 393/507/380 392/513/379
f 180/514/167 182/512/169 392/513/379 391/515/378
f 178/516/165 180/517/167 391/518/378 390/519/377
f 194/520/181 173/508/160 388/511/375 398/521/385
f 176/522/163 178/523/165 390/524/377 389/525/376
f 192/493/179 194/526/181 398/527/385 397/494/384
f 172/509/159 176/522/163 389/525/376 387/510/374
f 400/528/387 399/529/386 401/530/388 402/531/389 403/532/390 404/533/391 405/499/392 406/498/393 407/534/394 408/535/395 409/536/396 410/537/397
f 390/519/377 391/518/378 403/538/390 402/539/389
f 397/494/384 398/527/385 410/540/397 409/541/396
f 388/511/375 387/510/374 399/542/386 400/543/387
f 394/497/381 395/544/382 407/534/394 406/498/393
f 391/545/378 392/546/379 404/533/391 403/532/390
f 398/521/385 388/511/375 400/543/387 410/547/397
f 387/510/374 389/525/376 401/548/388 399/542/386
f 395/544/382 396/549/383 408/535/395 407/534/394
f 392/546/379 393/496/380 405/499/392 404/533/391
f 389/525/376 390/524/377 402/550/389 401/548/388
f 396/495/383 397/494/384 409/541/396 408/551/395
f 211/552/198 209/553/196 412/554/399 413/555/400
f 217/556/204 215/557/202 415/558/402 416/559/403
f 213/560/200 211/561/198 413/562/400 414/563/401
f 209/553/196 153/564/140 411/565/398 412/554/399
f 215/566/202 213/560/200 414/563/401 415/567/402
f 219/568/206 217/556/204 416/559/403 417/569/404
f 413/555/400 412/554/399 419/570/406 420/571/407
f 417/572/404 416/573/403 423/574/410 424/575/411
f 416/573/403 415/576/402 422/577/409 423/574/410
f 414/563/401 413/562/400 420/578/407 421/579/408
f 412/554/399 411/565/398 418/580/405 419/570/406
f 415/567/402 414/563/401 421/579/408 422/581/409
f 424/582/411 423/583/410 419/584/406 418/585/405
f 420/586/407 419/584/406 423/583/410 422/587/409
f 421/588/408 420/586/407 422/587/409
f 425/143/412 427/146/414 428/145/415 426/144/413
f 425/143/412 521/148/508 522/147/509 427/146/414
f 428/149/415 430/152/417 429/151/416 426/150/413
f 430/152/417 144/154/131 143/153/130 429/151/416
f 163/155/150 164/158/151 434/157/421 433/156/420
f 433/159/420 434/162/421 437/161/424 436/160/423
f 433/159/420 436/160/423 440/164/427 439/163/426
f 439/165/426 440/168/427 442/167/429 441/166/428
f 441/166/428 442/167/429 444/170/431 443/169/430
f 443/169/430 444/170/431 446/172/433 445/171/432
f 445/173/432 446/176/433 448/175/435 447/174/434
f 447/174/434 448/175/435 450/178/437 449/177/436
f 449/177/436 450/178/437 452/180/439 451/179/438
f 451/181/438 452/184/439 454/183/441 453/182/440
f 453/182/440 454/183/441 456/186/443 455/185/442
f 455/185/442 456/186/443 458/188/445 457/187/444
f 434/162/421 457/190/444 458/189/445 437/161/424
f 161/191/148 162/194/149 460/193/447 459/192/446
f 162/194/149 163/155/150 433/156/420 460/193/447
f 433/156/420 439/165/426 459/192/446 460/193/447
f 159/195/146 160/198/147 462/197/449 461/196/448
f 160/199/147 161/191/148 459/192/446 462/200/449
f 155/201/142 156/204/143 464/203/451 463/202/450
f 463/202/450 464/203/451 466/206/453 465/205/452
f 465/205/452 466/206/453 468/208/455 467/207/454
f 467/207/454 468/208/455 470/210/457 469/209/456
f 469/209/456 470/210/457 471/212/458 472/211/459
f 150/213/137 151/214/138 472/211/459 471/212/458
f 153/215/140 154/218/141 474/217/461 473/216/460
f 473/216/460 474/217/461 476/220/463 475/219/462
f 475/219/462 476/220/463 478/222/465 477/221/464
f 477/221/464 478/222/465 480/224/467 479/223/466
f 479/223/466 480/224/467 482/226/469 481/225/468
f 219/227/206 481/225/468 482/226/469 152/228/139
f 152/228/139 482/226/469 472/211/459 151/214/138
f 482/226/469 480/224/467 469/209/456 472/211/459
f 469/209/456 480/224/467 478/222/465 467/207/454
f 467/207/454 478/222/465 476/220/463 465/205/452
f 465/205/452 476/220/463 474/217/461 463/202/450
f 154/218/141 155/201/142 463/202/450 474/217/461
f 157/229/144 158/232/145 484/231/471 483/230/470
f 158/233/145 159/195/146 461/196/448 484/234/471
f 157/229/144 483/230/470 464/203/451 156/204/143
f 462/197/449 459/237/446 485/236/472 486/235/473
f 441/166/428 485/238/472 459/192/446 439/165/426
f 484/234/471 461/196/448 487/240/474 488/239/475
f 461/196/448 462/197/449 486/235/473 487/240/474
f 489/241/476 483/230/470 484/231/471 488/242/475
f 466/206/453 464/203/451 483/230/470 489/241/476
f 487/243/474 486/246/473 490/245/477 491/244/478
f 492/247/479 485/238/472 441/166/428 443/169/430
f 485/238/472 492/247/479 490/245/477 486/246/473
f 489/241/476 488/242/475 493/249/480 494/248/481
f 488/242/475 487/243/474 491/244/478 493/249/480
f 466/206/453 489/241/476 494/248/481 468/208/455
f 148/250/135 149/253/136 496/252/483 495/251/482
f 495/251/482 496/252/483 498/255/485 497/254/484
f 149/256/136 150/213/137 471/212/458 496/257/483
f 496/257/483 471/212/458 470/210/457 498/258/485
f 470/210/457 468/208/455 494/248/481 498/258/485
f 497/254/484 498/255/485 500/260/487 499/259/486
f 493/249/480 500/261/487 498/258/485 494/248/481
f 499/259/486 500/260/487 502/263/489 501/262/488
f 491/264/478 502/263/489 500/260/487 493/265/480
f 501/262/488 502/263/489 504/267/491 503/266/490
f 490/268/477 504/267/491 502/263/489 491/264/478
f 503/266/490 504/267/491 506/270/493 505/269/492
f 492/271/479 506/270/493 504/267/491 490/268/477
f 445/171/432 506/272/493 492/247/479 443/169/430
f 445/173/432 447/174/434 505/269/492 506/270/493
f 503/266/490 505/269/492 512/274/499 511/273/498
f 501/262/488 503/266/490 511/273/498 510/275/497
f 495/251/482 497/254/484 508/277/495 507/276/494
f 499/259/486 501/262/488 510/275/497 509/278/496
f 497/254/484 499/259/486 509/278/496 508/277/495
f 148/279/135 495/282/482 507/281/494 147/280/134
f 145/283/132 146/286/133 514/285/501 513/284/500
f 146/286/133 147/280/134 507/281/494 514/285/501
f 511/273/498 512/274/499 519/288/506 518/287/505
f 509/278/496 510/275/497 517/290/504 516/289/503
f 510/275/497 511/273/498 518/287/505 517/290/504
f 508/277/495 509/278/496 516/289/503 515/291/502
f 508/292/495 515/293/502 514/285/501 507/281/494
f 520/294/507 512/274/499 505/269/492 447/174/434
f 140/295/127 145/298/132 513/297/500 522/296/509
f 521/299/508 139/300/126 140/295/127 522/296/509
f 519/288/506 512/274/499 520/294/507 523/301/510
f 523/301/510 520/294/507 524/303/511 525/302/512
f 449/177/436 524/303/511 520/294/507 447/174/434
f 164/158/151 268/305/255 526/304/513 434/157/421
f 455/185/442 457/187/444 530/307/517 529/306/516
f 453/182/440 455/185/442 529/306/516 528/308/515
f 451/181/438 453/182/440 528/308/515 527/309/514
f 457/187/444 434/157/421 526/304/513 530/307/517
f 451/179/438 527/310/514 524/303/511 449/177/436
f 166/311/153 532/312/519 526/304/513 268/305/255
f 166/311/153 167/314/154 533/313/520 532/312/519
f 532/312/519 533/313/520 435/316/422 438/315/425
f 438/315/425 435/316/422 531/318/518 431/317/418
f 438/315/425 530/307/517 526/304/513 532/312/519
f 530/307/517 438/315/425 431/317/418 529/306/516
f 431/317/418 531/318/518 535/320/522 534/319/521
f 529/306/516 431/317/418 534/319/521 528/308/515
f 534/321/521 535/324/522 537/323/524 536/322/523
f 528/325/515 534/321/521 536/322/523 527/310/514
f 536/322/523 537/323/524 538/327/525 432/326/419
f 432/326/419 538/327/525 540/329/527 539/328/526
f 539/328/526 540/329/527 542/331/529 541/330/528
f 541/330/528 542/331/529 544/333/531 543/332/530
f 543/334/530 544/337/531 546/336/533 545/335/532
f 545/335/532 546/336/533 548/339/535 547/338/534
f 547/338/534 548/339/535 550/341/537 549/340/536
f 549/340/536 550/341/537 290/343/277 289/342/276
f 524/303/511 527/310/514 552/345/539 551/344/538
f 527/310/514 536/322/523 432/326/419 552/345/539
f 551/344/538 552/345/539 554/347/541 553/346/540
f 539/328/526 554/347/541 552/345/539 432/326/419
f 524/303/511 551/344/538 553/346/540 525/302/512
f 430/152/417 555/349/542 296/348/283 144/154/131
f 555/349/542 556/351/543 298/350/285 296/348/283
f 556/351/543 557/353/544 300/352/287 298/350/285
f 557/353/544 558/355/545 302/354/289 300/352/287
f 549/340/536 289/342/276 302/354/289 558/355/545
f 559/356/546 427/146/414 522/147/509 513/357/500
f 513/357/500 514/358/501 515/291/502 559/356/546
f 517/290/504 518/287/505 562/360/549 561/359/548
f 516/289/503 517/290/504 561/359/548 560/361/547
f 516/289/503 560/361/547 559/356/546 515/291/502
f 559/356/546 560/361/547 564/363/551 563/362/550
f 561/364/548 562/367/549 566/366/553 565/365/552
f 560/361/547 561/359/548 565/368/552 564/363/551
f 427/146/414 559/356/546 563/362/550 428/145/415
f 428/149/415 563/369/550 555/349/542 430/152/417
f 556/351/543 555/349/542 563/369/550 564/370/551
f 565/365/552 566/366/553 568/372/555 567/371/554
f 565/365/552 567/371/554 556/351/543 564/370/551
f 556/351/543 567/371/554 568/372/555 557/353/544
f 569/373/556 554/347/541 539/328/526 541/330/528
f 570/374/557 553/346/540 554/347/541 569/373/556
f 547/338/534 549/340/536 558/355/545 571/375/558
f 545/335/532 547/338/534 571/375/558 572/376/559
f 573/377/560 569/373/556 541/330/528 543/332/530
f 543/332/530 545/379/532 572/378/559 573/377/560
f 570/374/557 569/373/556 573/377/560 574/380/561
f 558/355/545 557/353/544 568/372/555 571/375/558
f 572/376/559 571/375/558 568/372/555 575/381/562
f 573/377/560 572/378/559 575/383/562 576/382/563
f 566/384/553 576/382/563 575/383/562 568/385/555
f 574/386/561 573/389/560 576/388/563 577/387/564
f 562/367/549 634/390/621 577/387/564 576/388/563 566/366/553
f 531/318/518 435/316/422 578/392/565 579/391/566
f 540/329/527 538/327/525 583/394/570 584/393/571
f 550/341/537 548/339/535 588/396/575 589/395/576
f 537/323/524 535/324/522 581/398/568 582/397/569
f 546/336/533 544/337/531 586/400/573 587/399/574
f 542/331/529 540/329/527 584/393/571 585/401/572
f 435/316/422 533/313/520 580/402/567 578/392/565
f 290/343/277 550/341/537 589/395/576 335/403/322
f 538/327/525 537/323/524 582/397/569 583/394/570
f 548/339/535 546/336/533 587/399/574 588/396/575
f 535/320/522 531/318/518 579/391/566 581/404/568
f 533/313/520 167/314/154 322/405/309 580/402/567
f 544/333/531 542/331/529 585/401/572 586/406/573
f 580/402/567 322/405/309 336/408/323 591/407/578
f 578/392/565 580/402/567 591/407/578 590/409/577
f 613/410/600 365/413/352 339/412/326 593/411/580
f 614/414/601 613/410/600 593/411/580 592/415/579
f 593/416/580 339/419/326 342/418/329 595/417/582
f 592/420/579 593/416/580 595/417/582 594/421/581
f 595/422/582 342/425/329 345/424/332 597/423/584
f 594/426/581 595/422/582 597/423/584 596/427/583
f 597/423/584 345/424/332 348/429/335 599/428/586
f 596/427/583 597/423/584 599/428/586 598/430/585
f 589/395/576 599/428/586 348/429/335 335/403/322
f 588/396/575 598/430/585 599/428/586 589/395/576
f 585/401/572 584/393/571 600/432/587 601/431/588
f 601/431/588 600/432/587 602/434/589 603/433/590
f 594/421/581 603/436/590 602/435/589 592/420/579
f 587/399/574 586/400/573 604/438/591 605/437/592
f 587/399/574 605/437/592 598/430/585 588/396/575
f 586/406/573 585/401/572 601/431/588 604/439/591
f 606/440/593 603/441/590 594/426/581 596/427/583
f 596/427/583 598/430/585 605/437/592 606/440/593
f 603/441/590 606/440/593 604/438/591 601/442/588
f 605/437/592 604/438/591 606/440/593
f 602/434/589 600/432/587 607/444/594 608/443/595
f 608/443/595 607/444/594 609/446/596 610/445/597
f 583/394/570 607/444/594 600/432/587 584/393/571
f 582/397/569 609/446/596 607/444/594 583/394/570
f 581/398/568 579/449/566 611/448/598 612/447/599
f 581/398/568 612/447/599 609/446/596 582/397/569
f 579/391/566 578/392/565 590/409/577 611/450/598
f 590/409/577 591/407/578 613/410/600 614/414/601
f 591/407/578 336/408/323 365/413/352 613/410/600
f 610/445/597 609/446/596 612/447/599 615/451/602
f 614/414/601 615/452/602 611/450/598 590/409/577
f 614/453/601 592/454/579 610/445/597 615/451/602
f 602/435/589 608/456/595 610/455/597 592/420/579
f 612/447/599 611/448/598 615/451/602
f 519/457/506 617/460/604 618/459/605 616/458/603
f 617/461/604 619/464/606 620/463/607 618/462/605
f 619/464/606 621/466/608 622/465/609 620/463/607
f 621/466/608 623/468/610 624/467/611 622/465/609
f 623/468/610 625/470/612 626/469/613 624/467/611
f 625/470/612 627/472/614 628/471/615 626/469/613
f 525/302/512 628/471/615 627/472/614 523/301/510
f 620/473/607 630/476/617 629/475/616 618/474/605
f 626/477/613 633/480/620 632/479/619 624/478/611
f 622/481/609 631/482/618 630/476/617 620/473/607
f 624/478/611 632/479/619 631/482/618 622/481/609
f 577/387/564 634/390/621 629/475/616 630/476/617
f 518/287/505 519/288/506 616/483/603
f 634/390/621 562/367/549 629/475/616
f 518/484/505 616/487/603 629/486/616 562/485/549
f 616/487/603 618/488/605 629/486/616
f 574/386/561 577/387/564 630/476/617 631/482/618
f 570/489/557 574/386/561 631/482/618 632/479/619
f 553/490/540 570/489/557 632/479/619 633/480/620
f 553/346/540 628/471/615 525/302/512
f 626/469/613 628/471/615 553/346/540 633/491/620
f 523/301/510 627/472/614 617/461/604 519/288/506
f 619/464/606 617/461/604 627/472/614 625/470/612
f 621/466/608 619/464/606 625/470/612 623/468/610
f 454/492/441 644/495/631 645/494/632 456/493/443
f 641/496/628 653/499/640 654/498/641 642/497/629
f 452/500/439 643/503/630 644/502/631 454/501/441
f 450/504/437 642/505/629 643/503/630 452/500/439
f 448/506/435 641/507/628 642/505/629 450/504/437
f 437/508/424 636/511/623 635/510/622 436/509/423
f 446/512/433 640/513/627 641/507/628 448/506/435
f 444/514/431 639/515/626 640/513/627 446/512/433
f 442/516/429 638/519/625 639/518/626 444/517/431
f 458/520/445 646/521/633 636/511/623 437/508/424
f 440/522/427 637/525/624 638/524/625 442/523/429
f 456/493/443 645/494/632 646/527/633 458/526/445
f 436/509/423 635/510/622 637/525/624 440/522/427
f 648/528/635 658/537/645 657/536/644 656/535/643 655/534/642 654/498/641 653/499/640 652/533/639 651/532/638 650/531/637 649/530/636 647/529/634
f 638/519/625 650/539/637 651/538/638 639/518/626
f 645/494/632 657/541/644 658/540/645 646/527/633
f 636/511/623 648/543/635 647/542/634 635/510/622
f 642/497/629 654/498/641 655/534/642 643/544/630
f 639/545/626 651/532/638 652/533/639 640/546/627
f 646/521/633 658/547/645 648/543/635 636/511/623
f 635/510/622 647/542/634 649/548/636 637/525/624
f 643/544/630 655/534/642 656/535/643 644/549/631
f 640/546/627 652/533/639 653/499/640 641/496/628
f 637/525/624 649/548/636 650/550/637 638/524/625
f 644/495/631 656/551/643 657/541/644 645/494/632
f 475/552/462 660/555/647 659/554/646 473/553/460
f 481/556/468 663/559/650 662/558/649 479/557/466
f 477/560/464 661/563/648 660/562/647 475/561/462
f 473/553/460 659/554/646 411/565/398 153/564/140
f 479/566/466 662/567/649 661/563/648 477/560/464
f 219/568/206 417/569/404 663/559/650 481/556/468
f 660/555/647 665/571/652 664/570/651 659/554/646
f 417/572/404 424/575/411 668/574/655 663/573/650
f 663/573/650 668/574/655 667/577/654 662/576/649
f 661/563/648 666/579/653 665/578/652 660/562/647
f 659/554/646 664/570/651 418/580/405 411/565/398
f 662/567/649 667/581/654 666/579/653 661/563/648
f 424/582/411 418/585/405 664/584/651 668/583/655
f 665/586/652 667/587/654 668/583/655 664/584/651
f 666/588/653 667/587/654 665/586/652
o Body_03-eyes
v 0.037825 0.023633 0.059538
v 0.037825 0.030838 0.052333
v 0.037825 0.034737 0.042919
v 0.038768 0.015223 0.063437
v 0.039774 0.018926 0.061951
v 0.040655 0.023354 0.059538
v 0.041427 0.027235 0.056290
v 0.042061 0.030420 0.052333
v 0.042531 0.032787 0.047818
v 0.042821 0.034245 0.042919
v 0.039675 0.014869 0.063437
v 0.041649 0.018357 0.061951
v 0.043377 0.022528 0.059538
v 0.044891 0.026184 0.056290
v 0.046134 0.029185 0.052333
v 0.047057 0.031414 0.047818
v 0.047626 0.032787 0.042919
v 0.040512 0.014295 0.063437
v 0.043377 0.017434 0.061951
v 0.045885 0.021188 0.059538
v 0.048084 0.024478 0.056290
v 0.049888 0.027178 0.052333
v 0.051229 0.029185 0.047818
v 0.052054 0.030420 0.042919
v 0.041244 0.013521 0.063437
v 0.044891 0.016191 0.061951
v 0.048084 0.019383 0.059538
v 0.050882 0.022181 0.056290
v 0.053178 0.024478 0.052333
v 0.054885 0.026184 0.047818
v 0.055935 0.027235 0.042919
v 0.041846 0.012579 0.063437
v 0.046134 0.014676 0.061951
v 0.049888 0.017185 0.059538
v 0.053178 0.019383 0.056290
v 0.055878 0.021188 0.052333
v 0.057885 0.022528 0.047818
v 0.059121 0.023354 0.042919
v 0.037825 0.009124 0.063441
v 0.042293 0.011504 0.063437
v 0.047057 0.012949 0.061951
v 0.051229 0.014676 0.059538
v 0.054885 0.016191 0.056290
v 0.057885 0.017434 0.052333
v 0.060115 0.018357 0.047818
v 0.061487 0.018926 0.042919
v 0.042568 0.010337 0.063437
v 0.047626 0.011074 0.061951
v 0.052054 0.011955 0.059538
v 0.055935 0.012727 0.056290
v 0.059121 0.013360 0.052333
v 0.061487 0.013831 0.047818
v 0.062945 0.014121 0.042919
v 0.042661 0.009124 0.063437
v 0.047818 0.009124 0.061951
v 0.052333 0.009124 0.059538
v 0.056290 0.009124 0.056290
v 0.059538 0.009124 0.052333
v 0.061951 0.009124 0.047818
v 0.063437 0.009124 0.042919
v 0.042568 0.007911 0.063437
v 0.047626 0.007175 0.061951
v 0.052054 0.006294 0.059538
v 0.055935 0.005522 0.056290
v 0.059121 0.004888 0.052333
v 0.061487 0.004417 0.047818
v 0.062945 0.004127 0.042919
v 0.042293 0.006744 0.063437
v 0.047057 0.005300 0.061951
v 0.051229 0.003572 0.059538
v 0.054885 0.002058 0.056290
v 0.057885 0.000815 0.052333
v 0.060115 -0.000109 0.047818
v 0.061487 -0.000677 0.042919
v 0.041846 0.005669 0.063437
v 0.046134 0.003572 0.061951
v 0.049888 0.001064 0.059538
v 0.053178 -0.001135 0.056290
v 0.055878 -0.002939 0.052333
v 0.057885 -0.004280 0.047818
v 0.059121 -0.005105 0.042919
v 0.041244 0.004727 0.063437
v 0.044891 0.002058 0.061951
v 0.048083 -0.001135 0.059538
v 0.050882 -0.003933 0.056290
v 0.053178 -0.006229 0.052333
v 0.054885 -0.007936 0.047818
v 0.055935 -0.008987 0.042919
v 0.040512 0.003954 0.063437
v 0.043377 0.000815 0.061951
v 0.045885 -0.002939 0.059538
v 0.048084 -0.006229 0.056290
v 0.049888 -0.008930 0.052333
v 0.051229 -0.010936 0.047818
v 0.052054 -0.012172 0.042919
v 0.039675 0.003379 0.063437
v 0.041649 -0.000109 0.061951
v 0.043377 -0.004280 0.059538
v 0.044891 -0.007936 0.056290
v 0.046134 -0.010936 0.052333
v 0.047057 -0.013166 0.047818
v 0.047626 -0.014539 0.042919
v 0.038768 0.003025 0.063437
v 0.039774 -0.000677 0.061951
v 0.040655 -0.005105 0.059538
v 0.041427 -0.008987 0.056290
v 0.042061 -0.012172 0.052333
v 0.042531 -0.014539 0.047818
v 0.042821 -0.015996 0.042919
v 0.037825 0.002906 0.063437
v 0.037825 -0.000869 0.061951
v 0.037825 -0.005384 0.059538
v 0.037825 -0.009341 0.056290
v 0.037825 -0.012589 0.052333
v 0.037825 -0.015002 0.047818
v 0.037825 -0.016488 0.042919
v 0.036881 0.003025 0.063437
v 0.035875 -0.000677 0.061951
v 0.034994 -0.005105 0.059538
v 0.034222 -0.008987 0.056290
v 0.033588 -0.012172 0.052333
v 0.033118 -0.014539 0.047818
v 0.032828 -0.015996 0.042919
v 0.035974 0.003379 0.063437
v 0.034000 -0.000109 0.061951
v 0.032272 -0.004280 0.059538
v 0.030758 -0.007936 0.056290
v 0.029515 -0.010936 0.052333
v 0.028592 -0.013166 0.047818
v 0.028023 -0.014539 0.042919
v 0.035138 0.003954 0.063437
v 0.032272 0.000815 0.061951
v 0.029764 -0.002939 0.059538
v 0.027566 -0.006229 0.056290
v 0.025761 -0.008930 0.052333
v 0.024421 -0.010936 0.047818
v 0.023595 -0.012172 0.042919
v 0.034405 0.004727 0.063437
v 0.030758 0.002058 0.061951
v 0.027566 -0.001135 0.059538
v 0.024767 -0.003933 0.056290
v 0.022471 -0.006229 0.052333
v 0.020765 -0.007936 0.047818
v 0.019714 -0.008987 0.042919
v 0.033803 0.005669 0.063437
v 0.029515 0.003572 0.061951
v 0.025761 0.001064 0.059538
v 0.022471 -0.001135 0.056290
v 0.019771 -0.002939 0.052333
v 0.017764 -0.004280 0.047818
v 0.016528 -0.005105 0.042919
v 0.033356 0.006744 0.063437
v 0.028592 0.005300 0.061951
v 0.024421 0.003572 0.059538
v 0.020765 0.002058 0.056290
v 0.017764 0.000815 0.052333
v 0.015535 -0.000109 0.047818
v 0.014162 -0.000677 0.042919
v 0.033081 0.007911 0.063437
v 0.028023 0.007175 0.061951
v 0.023595 0.006294 0.059538
v 0.019714 0.005522 0.056290
v 0.016528 0.004888 0.052333
v 0.014162 0.004417 0.047818
v 0.012704 0.004127 0.042919
v 0.032988 0.009124 0.063437
v 0.027831 0.009124 0.061951
v 0.023316 0.009124 0.059538
v 0.019359 0.009124 0.056290
v 0.016111 0.009124 0.052333
v 0.013698 0.009124 0.047818
v 0.012212 0.009124 0.042919
v 0.033081 0.010337 0.063437
v 0.028023 0.011074 0.061951
v 0.023595 0.011955 0.059538
v 0.019714 0.012727 0.056290
v 0.016528 0.013360 0.052333
v 0.014162 0.013831 0.047818
v 0.012704 0.014121 0.042919
v 0.033356 0.011504 0.063437
v 0.028592 0.012949 0.061951
v 0.024421 0.014676 0.059538
v 0.020765 0.016191 0.056290
v 0.017764 0.017434 0.052333
v 0.015535 0.018357 0.047818
v 0.014162 0.018926 0.042919
v 0.033803 0.012579 0.063437
v 0.029515 0.014676 0.061951
v 0.025761 0.017185 0.059538
v 0.022471 0.019383 0.056290
v 0.019771 0.021188 0.052333
v 0.017764 0.022528 0.047818
v 0.016528 0.023354 0.042919
v 0.034405 0.013521 0.063437
v 0.030758 0.016191 0.061951
v 0.027566 0.019383 0.059538
v 0.024767 0.022181 0.056290
v 0.022471 0.024478 0.052333
v 0.020765 0.026184 0.047818
v 0.019714 0.027235 0.042919
v 0.035138 0.014295 0.063437
v 0.032272 0.017434 0.061951
v 0.029764 0.021188 0.059538
v 0.027566 0.024478 0.056290
v 0.025761 0.027178 0.052333
v 0.024421 0.029185 0.047818
v 0.023595 0.030420 0.042919
v 0.035974 0.014869 0.063437
v 0.034000 0.018357 0.061951
v 0.032272 0.022528 0.059538
v 0.030758 0.026184 0.056290
v 0.029515 0.029185 0.052333
v 0.028592 0.031414 0.047818
v 0.028023 0.032787 0.042919
v 0.036881 0.015223 0.063437
v 0.035875 0.018926 0.061951
v 0.034994 0.023354 0.059538
v 0.034222 0.027235 0.056290
v 0.033588 0.030420 0.052333
v 0.033118 0.032787 0.047818
v 0.032828 0.034245 0.042919
v 0.037825 0.015343 0.063437
v 0.037825 0.019118 0.061951
v 0.037825 0.027590 0.056290
v 0.037825 0.033251 0.047818
v -0.037825 0.023633 0.059538
v -0.037825 0.030838 0.052333
v -0.037825 0.034737 0.042919
v -0.038768 0.015223 0.063437
v -0.039774 0.018926 0.061951
v -0.040655 0.023354 0.059538
v -0.041427 0.027235 0.056290
v -0.042061 0.030420 0.052333
v -0.042531 0.032787 0.047818
v -0.042821 0.034245 0.042919
v -0.039675 0.014869 0.063437
v -0.041649 0.018357 0.061951
v -0.043377 0.022528 0.059538
v -0.044891 0.026184 0.056290
v -0.046134 0.029185 0.052333
v -0.047057 0.031414 0.047818
v -0.047626 0.032787 0.042919
v -0.040512 0.014295 0.063437
v -0.043377 0.017434 0.061951
v -0.045885 0.021188 0.059538
v -0.048084 0.024478 0.056290
v -0.049888 0.027178 0.052333
v -0.051229 0.029185 0.047818
v -0.052054 0.030420 0.042919
v -0.041244 0.013521 0.063437
v -0.044891 0.016191 0.061951
v -0.048084 0.019383 0.059538
v -0.050882 0.022181 0.056290
v -0.053178 0.024478 0.052333
v -0.054885 0.026184 0.047818
v -0.055935 0.027235 0.042919
v -0.041846 0.012579 0.063437
v -0.046134 0.014676 0.061951
v -0.049888 0.017185 0.059538
v -0.053178 0.019383 0.056290
v -0.055878 0.021188 0.052333
v -0.057885 0.022528 0.047818
v -0.059121 0.023354 0.042919
v -0.037825 0.009124 0.063441
v -0.042293 0.011504 0.063437
v -0.047057 0.012949 0.061951
v -0.051229 0.014676 0.059538
v -0.054885 0.016191 0.056290
v -0.057885 0.017434 0.052333
v -0.060115 0.018357 0.047818
v -0.061487 0.018926 0.042919
v -0.042568 0.010337 0.063437
v -0.047626 0.011074 0.061951
v -0.052054 0.011955 0.059538
v -0.055935 0.012727 0.056290
v -0.059121 0.013360 0.052333
v -0.061487 0.013831 0.047818
v -0.062945 0.014121 0.042919
v -0.042661 0.009124 0.063437
v -0.047818 0.009124 0.061951
v -0.052333 0.009124 0.059538
v -0.056290 0.009124 0.056290
v -0.059538 0.009124 0.052333
v -0.061951 0.009124 0.047818
v -0.063437 0.009124 0.042919
v -0.042568 0.007911 0.063437
v -0.047626 0.007175 0.061951
v -0.052054 0.006294 0.059538
v -0.055935 0.005522 0.056290
v -0.059121 0.004888 0.052333
v -0.061487 0.004417 0.047818
v -0.062945 0.004127 0.042919
v -0.042293 0.006744 0.063437
v -0.047057 0.005300 0.061951
v -0.051229 0.003572 0.059538
v -0.054885 0.002058 0.056290
v -0.057885 0.000815 0.052333
v -0.060115 -0.000109 0.047818
v -0.061487 -0.000677 0.042919
v -0.041846 0.005669 0.063437
v -0.046134 0.003572 0.061951
v -0.049888 0.001064 0.059538
v -0.053178 -0.001135 0.056290
v -0.055878 -0.002939 0.052333
v -0.057885 -0.004280 0.047818
v -0.059121 -0.005105 0.042919
v -0.041244 0.004727 0.063437
v -0.044891 0.002058 0.061951
v -0.048083 -0.001135 0.059538
v -0.050882 -0.003933 0.056290
v -0.053178 -0.006229 0.052333
v -0.054885 -0.007936 0.047818
v -0.055935 -0.008987 0.042919
v -0.040512 0.003954 0.063437
v -0.043377 0.000815 0.061951
v -0.045885 -0.002939 0.059538
v -0.048084 -0.006229 0.056290
v -0.049888 -0.008930 0.052333
v -0.051229 -0.010936 0.047818
v -0.052054 -0.012172 0.042919
v -0.039675 0.003379 0.063437
v -0.041649 -0.000109 0.061951
v -0.043377 -0.004280 0.059538
v -0.044891 -0.007936 0.056290
v -0.046134 -0.010936 0.052333
v -0.047057 -0.013166 0.047818
v -0.047626 -0.014539 0.042919
v -0.038768 0.003025 0.063437
v -0.039774 -0.000677 0.061951
v -0.040655 -0.005105 0.059538
v -0.041427 -0.008987 0.056290
v -0.042061 -0.012172 0.052333
v -0.042531 -0.014539 0.047818
v -0.042821 -0.015996 0.042919
v -0.037825 0.002906 0.063437
v -0.037825 -0.000869 0.061951
v -0.037825 -0.005384 0.059538
v -0.037825 -0.009341 0.056290
v -0.037825 -0.012589 0.052333
v -0.037825 -0.015002 0.047818
v -0.037825 -0.016488 0.042919
v -0.036881 0.003025 0.063437
v -0.035875 -0.000677 0.061951
v -0.034994 -0.005105 0.059538
v -0.034222 -0.008987 0.056290
v -0.033588 -0.012172 0.052333
v -0.033118 -0.014539 0.047818
v -0.032828 -0.015996 0.042919
v -0.035974 0.003379 0.063437
v -0.034000 -0.000109 0.061951
v -0.032272 -0.004280 0.059538
v -0.030758 -0.007936 0.056290
v -0.029515 -0.010936 0.052333
v -0.028592 -0.013166 0.047818
v -0.028023 -0.014539 0.042919
v -0.035138 0.003954 0.063437
v -0.032272 0.000815 0.061951
v -0.029764 -0.002939 0.059538
v -0.027566 -0.006229 0.056290
v -0.025761 -0.008930 0.052333
v -0.024421 -0.010936 0.047818
v -0.023595 -0.012172 0.042919
v -0.034405 0.004727 0.063437
v -0.030758 0.002058 0.061951
v -0.027566 -0.001135 0.059538
v -0.024767 -0.003933 0.056290
v -0.022471 -0.006229 0.052333
v -0.020765 -0.007936 0.047818
v -0.019714 -0.008987 0.042919
v -0.033803 0.005669 0.063437
v -0.029515 0.003572 0.061951
v -0.025761 0.001064 0.059538
v -0.022471 -0.001135 0.056290
v -0.019771 -0.002939 0.052333
v -0.017764 -0.004280 0.047818
v -0.016528 -0.005105 0.042919
v -0.033356 0.006744 0.063437
v -0.028592 0.005300 0.061951
v -0.024421 0.003572 0.059538
v -0.020765 0.002058 0.056290
v -0.017764 0.000815 0.052333
v -0.015535 -0.000109 0.047818
v -0.014162 -0.000677 0.042919
v -0.033081 0.007911 0.063437
v -0.028023 0.007175 0.061951
v -0.023595 0.006294 0.059538
v -0.019714 0.005522 0.056290
v -0.016528 0.004888 0.052333
v -0.014162 0.004417 0.047818
v -0.012704 0.004127 0.042919
v -0.032988 0.009124 0.063437
v -0.027831 0.009124 0.061951
v -0.023316 0.009124 0.059538
v -0.019359 0.009124 0.056290
v -0.016111 0.009124 0.052333
v -0.013698 0.009124 0.047818
v -0.012212 0.009124 0.042919
v -0.033081 0.010337 0.063437
v -0.028023 0.011074 0.061951
v -0.023595 0.011955 0.059538
v -0.019714 0.012727 0.056290
v -0.016528 0.013360 0.052333
v -0.014162 0.013831 0.047818
v -0.012704 0.014121 0.042919
v -0.033356 0.011504 0.063437
v -0.028592 0.012949 0.061951
v -0.024421 0.014676 0.059538
v -0.020765 0.016191 0.056290
v -0.017764 0.017434 0.052333
v -0.015535 0.018357 0.047818
v -0.014162 0.018926 0.042919
v -0.033803 0.012579 0.063437
v -0.029515 0.014676 0.061951
v -0.025761 0.017185 0.059538
v -0.022471 0.019383 0.056290
v -0.019771 0.021188 0.052333
v -0.017764 0.022528 0.047818
v -0.016528 0.023354 0.042919
v -0.034405 0.013521 0.063437
v -0.030758 0.016191 0.061951
v -0.027566 0.019383 0.059538
v -0.024767 0.022181 0.056290
v -0.022471 0.024478 0.052333
v -0.020765 0.026184 0.047818
v -0.019714 0.027235 0.042919
v -0.035138 0.014295 0.063437
v -0.032272 0.017434 0.061951
v -0.029764 0.021188 0.059538
v -0.027566 0.024478 0.056290
v -0.025761 0.027178 0.052333
v -0.024421 0.029185 0.047818
v -0.023595 0.030420 0.042919
v -0.035974 0.014869 0.063437
v -0.034000 0.018357 0.061951
v -0.032272 0.022528 0.059538
v -0.030758 0.026184 0.056290
v -0.029515 0.029185 0.052333
v -0.028592 0.031414 0.047818
v -0.028023 0.032787 0.042919
v -0.036881 0.015223 0.063437
v -0.035875 0.018926 0.061951
v -0.034994 0.023354 0.059538
v -0.034222 0.027235 0.056290
v -0.033588 0.030420 0.052333
v -0.033118 0.032787 0.047818
v -0.032828 0.034245 0.042919
v -0.037825 0.015343 0.063437
v -0.037825 0.019118 0.061951
v -0.037825 0.027590 0.056290
v -0.037825 0.033251 0.047818
vn -0.0000 0.5817 0.8134
vn -0.0000 0.8511 0.5251
vn -0.0000 0.9569 0.2903
vn 0.0557 0.2162 0.9748
vn 0.0877 0.4192 0.9037
vn 0.1155 0.5624 0.8188
vn 0.1436 0.7095 0.6899
vn 0.1634 0.8291 0.5347
vn 0.1696 0.9166 0.3622
vn 0.1549 0.9444 0.2901
vn 0.0905 0.1722 0.9809
vn 0.1681 0.3843 0.9078
vn 0.2210 0.5208 0.8246
vn 0.2762 0.6604 0.6982
vn 0.3173 0.7753 0.5461
vn 0.3391 0.8627 0.3752
vn 0.3315 0.8977 0.2901
vn 0.1132 0.1361 0.9842
vn 0.2369 0.3349 0.9120
vn 0.3157 0.4641 0.8276
vn 0.3964 0.5909 0.7027
vn 0.4587 0.6965 0.5518
vn 0.4990 0.7787 0.3804
vn 0.5048 0.8130 0.2901
vn 0.1274 0.1031 0.9865
vn 0.2917 0.2745 0.9163
vn 0.3979 0.3925 0.8293
vn 0.5014 0.5016 0.7050
vn 0.5836 0.5935 0.5542
vn 0.6411 0.6656 0.3820
vn 0.6604 0.6926 0.2902
vn 0.1357 0.0733 0.9880
vn 0.3321 0.2077 0.9201
vn 0.4649 0.3075 0.8302
vn 0.5879 0.3948 0.7061
vn 0.6871 0.4689 0.5550
vn 0.7594 0.5265 0.3823
vn 0.7897 0.5405 0.2903
vn -0.0000 -0.0000 1.0000
vn 0.1400 0.0466 0.9891
vn 0.3587 0.1381 0.9232
vn 0.5146 0.2124 0.8307
vn 0.6526 0.2741 0.7064
vn 0.7652 0.3262 0.5550
vn 0.8489 0.3652 0.3821
vn 0.8854 0.3631 0.2903
vn 0.1419 0.0229 0.9896
vn 0.3732 0.0694 0.9252
vn 0.5455 0.1104 0.8308
vn 0.6933 0.1427 0.7064
vn 0.8146 0.1689 0.5548
vn 0.9049 0.1876 0.3820
vn 0.9418 0.1694 0.2902
vn 0.1422 0.0013 0.9898
vn 0.3779 0.0029 0.9258
vn 0.5566 0.0034 0.8308
vn 0.7079 0.0037 0.7063
vn 0.8319 0.0034 0.5548
vn 0.9241 0.0025 0.3821
vn 0.9565 -0.0305 0.2901
vn 0.1413 -0.0207 0.9898
vn 0.3739 -0.0657 0.9251
vn 0.5467 -0.1047 0.8308
vn 0.6948 -0.1353 0.7064
vn 0.8161 -0.1611 0.5550
vn 0.9061 -0.1811 0.3823
vn 0.9298 -0.2266 0.2900
vn 0.1386 -0.0448 0.9893
vn 0.3592 -0.1365 0.9232
vn 0.5161 -0.2089 0.8306
vn 0.6552 -0.2683 0.7063
vn 0.7687 -0.3180 0.5549
vn 0.8526 -0.3561 0.3824
vn 0.8644 -0.4107 0.2899
vn 0.1334 -0.0712 0.9885
vn 0.3322 -0.2068 0.9203
vn 0.4662 -0.3055 0.8303
vn 0.5908 -0.3910 0.7058
vn 0.6921 -0.4621 0.5545
vn 0.7663 -0.5165 0.3821
vn 0.7644 -0.5759 0.2899
vn 0.1244 -0.1000 0.9872
vn 0.2916 -0.2738 0.9165
vn 0.3987 -0.3911 0.8295
vn 0.5042 -0.4991 0.7047
vn 0.5895 -0.5886 0.5533
vn 0.6509 -0.6566 0.3810
vn 0.6348 -0.7163 0.2898
vn 0.1098 -0.1313 0.9852
vn 0.2366 -0.3341 0.9123
vn 0.3159 -0.4629 0.8282
vn 0.3986 -0.5892 0.7028
vn 0.4648 -0.6932 0.5508
vn 0.5114 -0.7716 0.3783
vn 0.4819 -0.8269 0.2898
vn 0.0873 -0.1655 0.9823
vn 0.1678 -0.3835 0.9082
vn 0.2206 -0.5192 0.8257
vn 0.2775 -0.6589 0.6992
vn 0.3227 -0.7732 0.5459
vn 0.3532 -0.8582 0.3724
vn 0.3141 -0.9041 0.2898
vn 0.0537 -0.2077 0.9767
vn 0.0875 -0.4183 0.9041
vn 0.1150 -0.5601 0.8204
vn 0.1439 -0.7074 0.6920
vn 0.1667 -0.8272 0.5366
vn 0.1814 -0.9149 0.3606
vn 0.1458 -0.9458 0.2900
vn -0.0000 -0.2451 0.9695
vn -0.0000 -0.4331 0.9014
vn -0.0000 -0.5792 0.8152
vn -0.0000 -0.7283 0.6852
vn -0.0000 -0.8491 0.5283
vn -0.0000 -0.9366 0.3504
vn -0.0000 -0.9569 0.2903
vn -0.0537 -0.2077 0.9767
vn -0.0875 -0.4183 0.9041
vn -0.1150 -0.5601 0.8204
vn -0.1439 -0.7074 0.6920
vn -0.1667 -0.8272 0.5366
vn -0.1814 -0.9149 0.3606
vn -0.1458 -0.9458 0.2900
vn -0.0873 -0.1655 0.9823
vn -0.1678 -0.3835 0.9082
vn -0.2206 -0.5192 0.8257
vn -0.2775 -0.6589 0.6992
vn -0.3227 -0.7732 0.5459
vn -0.3532 -0.8582 0.3724
vn -0.3141 -0.9041 0.2898
vn -0.1098 -0.1313 0.9852
vn -0.2366 -0.3341 0.9123
vn -0.3159 -0.4629 0.8282
vn -0.3986 -0.5892 0.7028
vn -0.4648 -0.6932 0.5508
vn -0.5114 -0.7716 0.3783
vn -0.4819 -0.8269 0.2898
vn -0.1244 -0.1000 0.9872
vn -0.2916 -0.2738 0.9165
vn -0.3987 -0.3911 0.8295
vn -0.5042 -0.4991 0.7047
vn -0.5895 -0.5886 0.5533
vn -0.6509 -0.6566 0.3810
vn -0.6348 -0.7163 0.2898
vn -0.1335 -0.0712 0.9885
vn -0.3322 -0.2068 0.9203
vn -0.4662 -0.3055 0.8303
vn -0.5908 -0.3910 0.7058
vn -0.6921 -0.4621 0.5545
vn -0.7663 -0.5165 0.3821
vn -0.7644 -0.5759 0.2899
vn -0.1386 -0.0448 0.9893
vn -0.3592 -0.1365 0.9232
vn -0.5161 -0.2089 0.8306
vn -0.6552 -0.2683 0.7062
vn -0.7687 -0.3180 0.5549
vn -0.8526 -0.3561 0.3824
vn -0.8644 -0.4107 0.2899
vn -0.1413 -0.0207 0.9898
vn -0.3739 -0.0657 0.9251
vn -0.5467 -0.1047 0.8308
vn -0.6948 -0.1353 0.7064
vn -0.8161 -0.1611 0.5550
vn -0.9061 -0.1811 0.3823
vn -0.9298 -0.2266 0.2900
vn -0.1422 0.0013 0.9898
vn -0.3779 0.0029 0.9258
vn -0.5566 0.0034 0.8308
vn -0.7079 0.0037 0.7063
vn -0.8319 0.0034 0.5548
vn -0.9241 0.0025 0.3821
vn -0.9565 -0.0305 0.2901
vn -0.1419 0.0229 0.9896
vn -0.3732 0.0694 0.9252
vn -0.5455 0.1104 0.8308
vn -0.6933 0.1427 0.7064
vn -0.8146 0.1689 0.5548
vn -0.9049 0.1876 0.3820
vn -0.9418 0.1694 0.2902
vn -0.1400 0.0466 0.9891
vn -0.3587 0.1381 0.9232
vn -0.5146 0.2124 0.8307
vn -0.6526 0.2741 0.7064
vn -0.7652 0.3262 0.5550
vn -0.8489 0.3652 0.3821
vn -0.8854 0.3631 0.2903
vn -0.1357 0.0733 0.9880
vn -0.3321 0.2077 0.9201
vn -0.4649 0.3075 0.8302
vn -0.5879 0.3948 0.7061
vn -0.6871 0.4689 0.5550
vn -0.7594 0.5265 0.3823
vn -0.7897 0.5405 0.2903
vn -0.1274 0.1031 0.9865
vn -0.2917 0.2745 0.9163
vn -0.3979 0.3925 0.8293
vn -0.5014 0.5016 0.7050
vn -0.5836 0.5935 0.5542
vn -0.6411 0.6656 0.3820
vn -0.6604 0.6926 0.2902
vn -0.1132 0.1361 0.9842
vn -0.2369 0.3349 0.9120
vn -0.3157 0.4641 0.8276
vn -0.3964 0.5909 0.7027
vn -0.4587 0.6965 0.5518
vn -0.4990 0.7787 0.3804
vn -0.5048 0.8130 0.2901
vn -0.0905 0.1722 0.9809
vn -0.1681 0.3843 0.9078
vn -0.2210 0.5208 0.8246
vn -0.2762 0.6604 0.6982
vn -0.3173 0.7753 0.5461
vn -0.3391 0.8627 0.3752
vn -0.3315 0.8977 0.2901
vn -0.0557 0.2162 0.9748
vn -0.0877 0.4192 0.9037
vn -0.1155 0.5624 0.8188
vn -0.1436 0.7095 0.6899
vn -0.1634 0.8291 0.5347
vn -0.1696 0.9166 0.3622
vn -0.1549 0.9444 0.2901
vn -0.0000 0.2537 0.9673
vn -0.0000 0.4340 0.9009
vn -0.0000 0.7308 0.6826
vn -0.0000 0.9365 0.3505
vn -0.1435 0.7095 0.6899
vn 0.1335 -0.0712 0.9885
vn 0.6552 -0.2683 0.7062
vt 0.884068 0.379485
vt 0.888321 0.379600
vt 0.888321 0.381141
vt 0.884068 0.381121
vt 0.679726 0.909191
vt 0.678612 0.921593
vt 0.676875 0.909407
vt 0.681400 0.898212
vt 0.675808 0.898636
vt 0.683156 0.888429
vt 0.675038 0.889045
vt 0.684927 0.880217
vt 0.674595 0.881001
vt 0.686645 0.873892
vt 0.674495 0.874813
vt 0.688243 0.869697
vt 0.674743 0.870721
vt 0.712603 0.750757
vt 0.725107 0.754848
vt 0.720200 0.757847
vt 0.707151 0.754090
vt 0.699446 0.748906
vt 0.693658 0.752444
vt 0.674079 0.910073
vt 0.670324 0.899942
vt 0.667076 0.890940
vt 0.664460 0.883413
vt 0.662579 0.877650
vt 0.665157 0.902079
vt 0.659575 0.894043
vt 0.654914 0.887363
vt 0.732304 0.763572
vt 0.728548 0.767647
vt 0.715784 0.762638
vt 0.702245 0.759413
vt 0.688449 0.758096
vt 0.671445 0.911162
vt 0.698072 0.766523
vt 0.684020 0.765643
vt 0.669075 0.912634
vt 0.660507 0.904966
vt 0.652825 0.898234
vt 0.740046 0.774247
vt 0.737537 0.778522
vt 0.725354 0.773089
vt 0.712029 0.769037
vt 0.735565 0.783708
vt 0.722845 0.779688
vt 0.709078 0.776798
vt 0.694793 0.775146
vt 0.680539 0.774798
vt 0.667059 0.914431
vt 0.656553 0.908491
vt 0.647085 0.903352
vt 0.665475 0.916484
vt 0.653447 0.912519
vt 0.642574 0.909200
vt 0.734207 0.789604
vt 0.721116 0.787193
vt 0.707046 0.785622
vt 0.692535 0.784951
vt 0.678142 0.785206
vt 0.720235 0.795313
vt 0.706010 0.795170
vt 0.691384 0.795561
vt 0.676920 0.796469
vt 0.664384 0.918716
vt 0.651307 0.916896
vt 0.639468 0.915553
vt 0.733515 0.795984
vt 0.663828 0.921039
vt 0.650216 0.921452
vt 0.637884 0.922168
vt 0.733515 0.802603
vt 0.720235 0.803737
vt 0.706010 0.805076
vt 0.691384 0.806568
vt 0.676920 0.808154
vt 0.721116 0.812142
vt 0.707046 0.814959
vt 0.692535 0.817548
vt 0.678142 0.819812
vt 0.663828 0.923364
vt 0.650216 0.926014
vt 0.637884 0.928790
vt 0.734207 0.809206
vt 0.664384 0.925602
vt 0.651307 0.930404
vt 0.639468 0.935165
vt 0.735565 0.815540
vt 0.722845 0.820204
vt 0.709078 0.824438
vt 0.694793 0.828082
vt 0.680539 0.830994
vt 0.712029 0.833151
vt 0.698072 0.837763
vt 0.684020 0.841271
vt 0.665475 0.927668
vt 0.653447 0.934456
vt 0.642574 0.941047
vt 0.737537 0.821362
vt 0.725354 0.827613
vt 0.667059 0.929481
vt 0.656554 0.938013
vt 0.647085 0.946211
vt 0.740046 0.826447
vt 0.728548 0.834085
vt 0.715784 0.840761
vt 0.702245 0.846219
vt 0.688449 0.850248
vt 0.720200 0.846977
vt 0.707151 0.853125
vt 0.693658 0.857580
vt 0.669075 0.930973
vt 0.660508 0.940939
vt 0.652826 0.950459
vt 0.639017 0.953760
vt 0.646323 0.959166
vt 0.732303 0.839371
vt 0.665157 0.943121
vt 0.659576 0.953626
vt 0.654915 0.963197
vt 0.641252 0.966726
vt 0.651354 0.971466
vt 0.725107 0.851559
vt 0.712603 0.858217
vt 0.699446 0.862985
vt 0.671445 0.932085
vt 0.701967 0.399749
vt 0.707245 0.397187
vt 0.707245 0.400606
vt 0.701967 0.403379
vt 0.674079 0.932775
vt 0.670324 0.944474
vt 0.667076 0.955591
vt 0.664461 0.965698
vt 0.662579 0.974407
vt 0.649030 0.978115
vt 0.661502 0.981384
vt 0.675039 0.956279
vt 0.674595 0.966574
vt 0.674495 0.975437
vt 0.674744 0.982528
vt 0.661273 0.986359
vt 0.675329 0.987574
vt 0.676875 0.933017
vt 0.675808 0.944948
vt 0.679726 0.932800
vt 0.681400 0.944524
vt 0.683157 0.955664
vt 0.684928 0.965791
vt 0.686646 0.974516
vt 0.688244 0.981504
vt 0.689661 0.986487
vt 0.691119 0.953768
vt 0.695062 0.963378
vt 0.698562 0.971679
vt 0.701485 0.978352
vt 0.703717 0.983140
vt 0.682522 0.932135
vt 0.686885 0.943218
vt 0.685155 0.931045
vt 0.692051 0.941081
vt 0.698620 0.950665
vt 0.704609 0.959429
vt 0.709787 0.967035
vt 0.713957 0.973192
vt 0.716959 0.977663
vt 0.713200 0.954095
vt 0.719890 0.960763
vt 0.725182 0.966223
vt 0.561646 0.857364
vt 0.547975 0.852897
vt 0.546845 0.845844
vt 0.560447 0.849877
vt 0.687526 0.929574
vt 0.696701 0.938194
vt 0.705370 0.946474
vt 0.689542 0.927776
vt 0.700655 0.934669
vt 0.711110 0.941356
vt 0.720506 0.947581
vt 0.728481 0.953103
vt 0.534583 0.840409
vt 0.533784 0.832688
vt 0.545958 0.837265
vt 0.559504 0.840769
vt 0.726246 0.940138
vt 0.735231 0.944351
vt 0.533234 0.823889
vt 0.545346 0.827488
vt 0.558855 0.830390
vt 0.691126 0.925723
vt 0.703762 0.930641
vt 0.715621 0.935508
vt 0.692216 0.923492
vt 0.705902 0.926265
vt 0.718727 0.929155
vt 0.730201 0.932051
vt 0.739880 0.934843
vt 0.532953 0.814351
vt 0.545035 0.816890
vt 0.558524 0.819139
vt 0.532953 0.804440
vt 0.545035 0.805878
vt 0.558524 0.807449
vt 0.692773 0.921169
vt 0.706993 0.921708
vt 0.720311 0.922540
vt 0.732217 0.923632
vt 0.742251 0.924943
vt 0.706993 0.917147
vt 0.720311 0.915918
vt 0.732216 0.915204
vt 0.522745 0.803192
vt 0.522984 0.794771
vt 0.533234 0.794538
vt 0.545346 0.794875
vt 0.558855 0.795768
vt 0.692773 0.918844
vt 0.545958 0.784304
vt 0.559504 0.784546
vt 0.692216 0.916605
vt 0.705902 0.912756
vt 0.718727 0.909543
vt 0.730201 0.907090
vt 0.523451 0.786680
vt 0.533784 0.785025
vt 0.703762 0.908704
vt 0.715621 0.903661
vt 0.726246 0.899604
vt 0.739880 0.905492
vt 0.735231 0.896688
vt 0.534583 0.776266
vt 0.546845 0.774571
vt 0.560447 0.774214
vt 0.691126 0.914539
vt 0.547975 0.766051
vt 0.561646 0.765169
vt 0.689542 0.912726
vt 0.700655 0.905147
vt 0.711110 0.898497
vt 0.720506 0.893031
vt 0.728481 0.888960
vt 0.535600 0.768597
vt 0.705369 0.894250
vt 0.713199 0.887625
vt 0.719889 0.882603
vt 0.536796 0.762315
vt 0.549304 0.759071
vt 0.563057 0.757758
vt 0.687526 0.911235
vt 0.696701 0.902222
vt 0.685155 0.910123
vt 0.692051 0.900040
vt 0.698619 0.891083
vt 0.704608 0.883594
vt 0.709787 0.877863
vt 0.725182 0.879377
vt 0.713957 0.874110
vt 0.550780 0.753898
vt 0.564624 0.752267
vt 0.691119 0.889117
vt 0.695062 0.881093
vt 0.698562 0.874922
vt 0.701484 0.870842
vt 0.552348 0.750732
vt 0.566288 0.748906
vt 0.682522 0.909433
vt 0.686885 0.898686
vt 0.883256 0.378076
vt 0.887557 0.378272
s 1
f 671/589/658 893/590/880 677/591/664 678/592/665
f 890/593/877 707/594/694 672/595/659
f 891/596/878 890/593/877 672/595/659 673/597/660
f 669/598/656 891/596/878 673/597/660 674/599/661
f 892/600/879 669/598/656 674/599/661 675/601/662
f 670/602/657 892/600/879 675/601/662 676/603/663
f 893/604/880 670/602/657 676/603/663 677/605/664
f 677/606/664 676/607/663 683/608/670 684/609/671
f 678/610/665 677/606/664 684/609/671 685/611/672
f 672/595/659 707/594/694 679/612/666
f 673/597/660 672/595/659 679/612/666 680/613/667
f 674/599/661 673/597/660 680/613/667 681/614/668
f 675/601/662 674/599/661 681/614/668 682/615/669
f 676/603/663 675/601/662 682/615/669 683/616/670
f 681/614/668 680/613/667 687/617/674 688/618/675
f 682/615/669 681/614/668 688/618/675 689/619/676
f 683/608/670 682/620/669 689/621/676 690/622/677
f 684/609/671 683/608/670 690/622/677 691/623/678
f 685/611/672 684/609/671 691/623/678 692/624/679
f 679/612/666 707/594/694 686/625/673
f 680/613/667 679/612/666 686/625/673 687/617/674
f 692/624/679 691/623/678 698/626/685 699/627/686
f 686/625/673 707/594/694 693/628/680
f 687/617/674 686/625/673 693/628/680 694/629/681
f 688/618/675 687/617/674 694/629/681 695/630/682
f 689/621/676 688/631/675 695/632/682 696/633/683
f 690/622/677 689/621/676 696/633/683 697/634/684
f 691/623/678 690/622/677 697/634/684 698/626/685
f 696/633/683 695/632/682 702/635/689 703/636/690
f 697/634/684 696/633/683 703/636/690 704/637/691
f 698/626/685 697/634/684 704/637/691 705/638/692
f 699/627/686 698/626/685 705/638/692 706/639/693
f 693/628/680 707/594/694 700/640/687
f 694/629/681 693/628/680 700/640/687 701/641/688
f 695/630/682 694/629/681 701/641/688 702/642/689
f 700/640/687 707/594/694 708/643/695
f 701/641/688 700/640/687 708/643/695 709/644/696
f 702/642/689 701/641/688 709/644/696 710/645/697
f 703/636/690 702/635/689 710/646/697 711/647/698
f 704/637/691 703/636/690 711/647/698 712/648/699
f 705/638/692 704/637/691 712/648/699 713/649/700
f 706/639/693 705/638/692 713/649/700 714/650/701
f 712/648/699 711/647/698 718/651/705 719/652/706
f 713/649/700 712/648/699 719/652/706 720/653/707
f 714/650/701 713/649/700 720/653/707 721/654/708
f 708/643/695 707/594/694 715/655/702
f 709/644/696 708/643/695 715/655/702 716/656/703
f 710/645/697 709/644/696 716/656/703 717/657/704
f 711/647/698 710/646/697 717/658/704 718/651/705
f 715/655/702 707/594/694 722/659/709
f 716/656/703 715/655/702 722/659/709 723/660/710
f 717/657/704 716/656/703 723/660/710 724/661/711
f 718/651/705 717/658/704 724/662/711 725/663/712
f 719/652/706 718/651/705 725/663/712 726/664/713
f 720/653/707 719/652/706 726/664/713 727/665/714
f 721/654/708 720/653/707 727/665/714 728/666/715
f 726/664/713 725/663/712 732/667/719 733/668/720
f 727/665/714 726/664/713 733/668/720 734/669/721
f 728/666/715 727/665/714 734/669/721 735/670/722
f 722/659/709 707/594/694 729/671/716
f 723/660/710 722/659/709 729/671/716 730/672/717
f 724/661/711 723/660/710 730/672/717 731/673/718
f 725/663/712 724/662/711 731/674/718 732/667/719
f 730/672/717 729/671/716 736/675/723 737/676/724
f 731/673/718 730/672/717 737/676/724 738/677/725
f 732/667/719 731/674/718 738/678/725 739/679/726
f 733/668/720 732/667/719 739/679/726 740/680/727
f 734/669/721 733/668/720 740/680/727 741/681/728
f 735/670/722 734/669/721 741/681/728 742/682/729
f 729/671/716 707/594/694 736/675/723
f 741/681/728 740/680/727 747/683/734 748/684/735
f 742/682/729 741/681/728 748/684/735 749/685/736
f 736/675/723 707/594/694 743/686/730
f 737/676/724 736/675/723 743/686/730 744/687/731
f 738/677/725 737/676/724 744/687/731 745/688/732
f 739/679/726 738/678/725 745/689/732 746/690/733
f 740/680/727 739/679/726 746/690/733 747/683/734
f 744/687/731 743/686/730 750/691/737 751/692/738
f 745/688/732 744/687/731 751/692/738 752/693/739
f 746/690/733 745/689/732 752/694/739 753/695/740
f 747/683/734 746/690/733 753/695/740 754/696/741
f 748/684/735 747/683/734 754/696/741 755/697/742
f 749/685/736 748/684/735 755/697/742 756/698/743
f 743/686/730 707/594/694 750/691/737
f 755/697/742 754/696/741 761/699/748 762/700/749
f 756/698/743 755/697/742 762/700/749 763/701/750
f 750/691/737 707/594/694 757/702/744
f 751/692/738 750/691/737 757/702/744 758/703/745
f 752/693/739 751/692/738 758/703/745 759/704/746
f 753/705/740 752/693/739 759/704/746 760/706/747
f 754/696/741 753/695/740 760/707/747 761/699/748
f 759/704/746 758/703/745 765/708/752 766/709/753
f 760/706/747 759/704/746 766/709/753 767/710/754
f 761/711/748 760/706/747 767/710/754 768/712/755
f 762/700/749 761/699/748 768/713/755 769/714/756
f 763/701/750 762/700/749 769/714/756 770/715/757
f 757/702/744 707/594/694 764/716/751
f 758/703/745 757/702/744 764/716/751 765/708/752
f 770/717/757 769/718/756 776/719/763 777/720/764
f 764/716/751 707/594/694 771/721/758
f 765/708/752 764/716/751 771/721/758 772/722/759
f 766/709/753 765/708/752 772/722/759 773/723/760
f 767/710/754 766/709/753 773/723/760 774/724/761
f 768/712/755 767/710/754 774/724/761 775/725/762
f 769/726/756 768/712/755 775/725/762 776/727/763
f 774/724/761 773/723/760 780/728/767 781/729/768
f 775/725/762 774/724/761 781/729/768 782/730/769
f 776/727/763 775/725/762 782/730/769 783/731/770
f 777/732/764 776/727/763 783/731/770 784/733/771
f 771/721/758 707/594/694 778/734/765
f 772/722/759 771/721/758 778/734/765 779/735/766
f 773/723/760 772/722/759 779/735/766 780/728/767
f 778/734/765 707/594/694 785/736/772
f 779/735/766 778/734/765 785/736/772 786/737/773
f 780/728/767 779/735/766 786/737/773 787/738/774
f 781/729/768 780/728/767 787/738/774 788/739/775
f 782/730/769 781/729/768 788/739/775 789/740/776
f 783/731/770 782/730/769 789/740/776 790/741/777
f 784/733/771 783/731/770 790/741/777 791/742/778
f 788/739/775 787/738/774 794/743/781 795/744/782
f 789/740/776 788/739/775 795/744/782 796/745/783
f 790/741/777 789/740/776 796/745/783 797/746/784
f 791/742/778 790/741/777 797/746/784 798/747/785
f 785/736/772 707/594/694 792/748/779
f 786/737/773 785/736/772 792/748/779 793/749/780
f 787/738/774 786/737/773 793/749/780 794/743/781
f 792/748/779 707/594/694 799/750/786
f 793/749/780 792/748/779 799/750/786 800/751/787
f 794/743/781 793/749/780 800/751/787 801/752/788
f 795/744/782 794/743/781 801/752/788 802/753/789
f 796/745/783 795/744/782 802/753/789 803/754/790
f 797/746/784 796/745/783 803/754/790 804/755/791
f 798/747/785 797/746/784 804/755/791 805/756/792
f 803/754/790 802/753/789 809/757/796 810/758/797
f 804/755/791 803/754/790 810/758/797 811/759/798
f 805/760/792 804/761/791 811/762/798 812/763/799
f 799/750/786 707/594/694 806/764/793
f 800/751/787 799/750/786 806/764/793 807/765/794
f 801/752/788 800/751/787 807/765/794 808/766/795
f 802/753/789 801/752/788 808/766/795 809/757/796
f 806/764/793 707/594/694 813/767/800
f 807/765/794 806/764/793 813/767/800 814/768/801
f 808/766/795 807/765/794 814/768/801 815/769/802
f 809/757/796 808/766/795 815/769/802 816/770/803
f 810/758/797 809/757/796 816/770/803 817/771/804
f 811/762/798 810/772/797 817/773/804 818/774/805
f 812/763/799 811/762/798 818/774/805 819/775/806
f 817/771/804 816/770/803 823/776/810 824/777/811
f 818/774/805 817/773/804 824/778/811 825/779/812
f 819/775/806 818/774/805 825/779/812 826/780/813
f 813/767/800 707/594/694 820/781/807
f 814/768/801 813/767/800 820/781/807 821/782/808
f 815/769/802 814/768/801 821/782/808 822/783/809
f 816/770/803 815/769/802 822/783/809 823/776/810
f 821/782/808 820/781/807 827/784/814 828/785/815
f 822/783/809 821/782/808 828/785/815 829/786/816
f 823/776/810 822/783/809 829/786/816 830/787/817
f 824/777/811 823/776/810 830/787/817 831/788/818
f 825/779/812 824/778/811 831/789/818 832/790/819
f 826/780/813 825/779/812 832/790/819 833/791/820
f 820/781/807 707/594/694 827/784/814
f 832/790/819 831/789/818 838/792/825 839/793/826
f 833/791/820 832/790/819 839/793/826 840/794/827
f 827/784/814 707/594/694 834/795/821
f 828/785/815 827/784/814 834/795/821 835/796/822
f 829/786/816 828/785/815 835/796/822 836/797/823
f 830/787/817 829/786/816 836/797/823 837/798/824
f 831/788/818 830/787/817 837/798/824 838/799/825
f 836/797/823 835/796/822 842/800/829 843/801/830
f 837/798/824 836/797/823 843/801/830 844/802/831
f 838/792/825 837/803/824 844/804/831 845/805/832
f 839/793/826 838/792/825 845/805/832 846/806/833
f 840/794/827 839/793/826 846/806/833 847/807/834
f 834/795/821 707/594/694 841/808/828
f 835/796/822 834/795/821 841/808/828 842/800/829
f 847/807/834 846/806/833 853/809/840 854/810/841
f 841/808/828 707/594/694 848/811/835
f 842/800/829 841/808/828 848/811/835 849/812/836
f 843/801/830 842/800/829 849/812/836 850/813/837
f 844/802/831 843/801/830 850/813/837 851/814/838
f 845/805/832 844/804/831 851/815/838 852/816/839
f 846/806/833 845/805/832 852/816/839 853/809/840
f 850/813/837 849/812/836 856/817/843 857/818/844
f 851/814/838 850/813/837 857/818/844 858/819/845
f 852/820/839 851/814/838 858/819/845 859/821/846
f 853/809/840 852/816/839 859/822/846 860/823/847
f 854/810/841 853/809/840 860/823/847 861/824/848
f 848/811/835 707/594/694 855/825/842
f 849/812/836 848/811/835 855/825/842 856/817/843
f 861/824/848 860/823/847 867/826/854 868/827/855
f 855/825/842 707/594/694 862/828/849
f 856/817/843 855/825/842 862/828/849 863/829/850
f 857/818/844 856/817/843 863/829/850 864/830/851
f 858/819/845 857/818/844 864/830/851 865/831/852
f 859/821/846 858/819/845 865/831/852 866/832/853
f 860/823/847 859/822/846 866/833/853 867/826/854
f 865/831/852 864/830/851 871/834/858 872/835/859
f 866/832/853 865/831/852 872/835/859 873/836/860
f 867/826/854 866/833/853 873/837/860 874/838/861
f 868/827/855 867/826/854 874/838/861 875/839/862
f 862/828/849 707/594/694 869/840/856
f 863/829/850 862/828/849 869/840/856 870/841/857
f 864/830/851 863/829/850 870/841/857 871/834/858
f 869/840/856 707/594/694 876/842/863
f 870/841/857 869/840/856 876/842/863 877/843/864
f 871/834/858 870/841/857 877/843/864 878/844/865
f 872/835/859 871/834/858 878/844/865 879/845/866
f 873/836/860 872/835/859 879/845/866 880/846/867
f 874/847/861 873/836/860 880/846/867 881/848/868
f 875/839/862 874/838/861 881/849/868 882/850/869
f 879/845/866 878/844/865 885/851/872 886/852/873
f 880/846/867 879/845/866 886/852/873 887/853/874
f 881/848/868 880/846/867 887/853/874 888/854/875
f 882/850/869 881/849/868 888/855/875 889/856/876
f 876/842/863 707/594/694 883/857/870
f 877/843/864 876/842/863 883/857/870 884/858/871
f 878/844/865 877/843/864 884/858/871 885/851/872
f 883/857/870 707/594/694 890/593/877
f 884/858/871 883/857/870 890/593/877 891/596/878
f 885/851/872 884/858/871 891/596/878 669/598/656
f 886/852/873 885/851/872 669/598/656 892/600/879
f 887/853/874 886/852/873 892/600/879 670/602/657
f 888/854/875 887/853/874 670/602/657 893/604/880
f 889/859/876 888/860/875 893/590/880 671/589/658
f 896/589/658 903/592/876 902/591/875 1118/590/880
f 1115/593/877 897/595/870 932/594/694
f 1116/596/878 898/597/871 897/595/870 1115/593/877
f 894/598/656 899/599/872 898/597/871 1116/596/878
f 1117/600/879 900/601/881 899/599/872 894/598/656
f 895/602/657 901/603/874 900/601/881 1117/600/879
f 1118/604/880 902/605/875 901/603/874 895/602/657
f 902/606/875 909/609/868 908/608/867 901/607/874
f 903/610/876 910/611/869 909/609/868 902/606/875
f 897/595/870 904/612/863 932/594/694
f 898/597/871 905/613/864 904/612/863 897/595/870
f 899/599/872 906/614/865 905/613/864 898/597/871
f 900/601/881 907/615/866 906/614/865 899/599/872
f 901/603/874 908/616/867 907/615/866 900/601/881
f 906/614/865 913/618/858 912/617/857 905/613/864
f 907/615/866 914/619/859 913/618/858 906/614/865
f 908/608/867 915/622/860 914/621/859 907/620/866
f 909/609/868 916/623/861 915/622/860 908/608/867
f 910/611/869 917/624/862 916/623/861 909/609/868
f 904/612/863 911/625/856 932/594/694
f 905/613/864 912/617/857 911/625/856 904/612/863
f 917/624/862 924/627/855 923/626/854 916/623/861
f 911/625/856 918/628/849 932/594/694
f 912/617/857 919/629/850 918/628/849 911/625/856
f 913/618/858 920/630/851 919/629/850 912/617/857
f 914/621/859 921/633/852 920/632/851 913/631/858
f 915/622/860 922/634/853 921/633/852 914/621/859
f 916/623/861 923/626/854 922/634/853 915/622/860
f 921/633/852 928/636/845 927/635/844 920/632/851
f 922/634/853 929/637/846 928/636/845 921/633/852
f 923/626/854 930/638/847 929/637/846 922/634/853
f 924/627/855 931/639/848 930/638/847 923/626/854
f 918/628/849 925/640/842 932/594/694
f 919/629/850 926/641/843 925/640/842 918/628/849
f 920/630/851 927/642/844 926/641/843 919/629/850
f 925/640/842 933/643/835 932/594/694
f 926/641/843 934/644/836 933/643/835 925/640/842
f 927/642/844 935/645/837 934/644/836 926/641/843
f 928/636/845 936/647/838 935/646/837 927/635/844
f 929/637/846 937/648/839 936/647/838 928/636/845
f 930/638/847 938/649/840 937/648/839 929/637/846
f 931/639/848 939/650/841 938/649/840 930/638/847
f 937/648/839 944/652/832 943/651/831 936/647/838
f 938/649/840 945/653/833 944/652/832 937/648/839
f 939/650/841 946/654/834 945/653/833 938/649/840
f 933/643/835 940/655/828 932/594/694
f 934/644/836 941/656/829 940/655/828 933/643/835
f 935/645/837 942/657/830 941/656/829 934/644/836
f 936/647/838 943/651/831 942/658/830 935/646/837
f 940/655/828 947/659/821 932/594/694
f 941/656/829 948/660/822 947/659/821 940/655/828
f 942/657/830 949/661/823 948/660/822 941/656/829
f 943/651/831 950/663/824 949/662/823 942/658/830
f 944/652/832 951/664/825 950/663/824 943/651/831
f 945/653/833 952/665/826 951/664/825 944/652/832
f 946/654/834 953/666/827 952/665/826 945/653/833
f 951/664/825 958/668/818 957/667/817 950/663/824
f 952/665/826 959/669/819 958/668/818 951/664/825
f 953/666/827 960/670/820 959/669/819 952/665/826
f 947/659/821 954/671/814 932/594/694
f 948/660/822 955/672/815 954/671/814 947/659/821
f 949/661/823 956/673/816 955/672/815 948/660/822
f 950/663/824 957/667/817 956/674/816 949/662/823
f 955/672/815 962/676/808 961/675/807 954/671/814
f 956/673/816 963/677/809 962/676/808 955/672/815
f 957/667/817 964/679/810 963/678/809 956/674/816
f 958/668/818 965/680/811 964/679/810 957/667/817
f 959/669/819 966/681/812 965/680/811 958/668/818
f 960/670/820 967/682/813 966/681/812 959/669/819
f 954/671/814 961/675/807 932/594/694
f 966/681/812 973/684/805 972/683/804 965/680/811
f 967/682/813 974/685/806 973/684/805 966/681/812
f 961/675/807 968/686/800 932/594/694
f 962/676/808 969/687/801 968/686/800 961/675/807
f 963/677/809 970/688/802 969/687/801 962/676/808
f 964/679/810 971/690/803 970/689/802 963/678/809
f 965/680/811 972/683/804 971/690/803 964/679/810
f 969/687/801 976/692/794 975/691/793 968/686/800
f 970/688/802 977/693/795 976/692/794 969/687/801
f 971/690/803 978/695/796 977/694/795 970/689/802
f 972/683/804 979/696/797 978/695/796 971/690/803
f 973/684/805 980/697/798 979/696/797 972/683/804
f 974/685/806 981/698/799 980/697/798 973/684/805
f 968/686/800 975/691/793 932/594/694
f 980/697/798 987/700/791 986/699/790 979/696/797
f 981/698/799 988/701/792 987/700/791 980/697/798
f 975/691/793 982/702/786 932/594/694
f 976/692/794 983/703/787 982/702/786 975/691/793
f 977/693/795 984/704/788 983/703/787 976/692/794
f 978/705/796 985/706/789 984/704/788 977/693/795
f 979/696/797 986/699/790 985/707/789 978/695/796
f 984/704/788 991/709/781 990/708/780 983/703/787
f 985/706/789 992/710/782 991/709/781 984/704/788
f 986/711/790 993/712/783 992/710/782 985/706/789
f 987/700/791 994/714/784 993/713/783 986/699/790
f 988/701/792 995/715/785 994/714/784 987/700/791
f 982/702/786 989/716/779 932/594/694
f 983/703/787 990/708/780 989/716/779 982/702/786
f 995/717/785 1002/720/778 1001/719/777 994/718/784
f 989/716/779 996/721/772 932/594/694
f 990/708/780 997/722/773 996/721/772 989/716/779
f 991/709/781 998/723/774 997/722/773 990/708/780
f 992/710/782 999/724/775 998/723/774 991/709/781
f 993/712/783 1000/725/776 999/724/775 992/710/782
f 994/726/784 1001/727/777 1000/725/776 993/712/783
f 999/724/775 1006/729/768 1005/728/767 998/723/774
f 1000/725/776 1007/730/769 1006/729/768 999/724/775
f 1001/727/777 1008/731/770 1007/730/769 1000/725/776
f 1002/732/778 1009/733/771 1008/731/770 1001/727/777
f 996/721/772 1003/734/765 932/594/694
f 997/722/773 1004/735/766 1003/734/765 996/721/772
f 998/723/774 1005/728/767 1004/735/766 997/722/773
f 1003/734/765 1010/736/758 932/594/694
f 1004/735/766 1011/737/759 1010/736/758 1003/734/765
f 1005/728/767 1012/738/760 1011/737/759 1004/735/766
f 1006/729/768 1013/739/761 1012/738/760 1005/728/767
f 1007/730/769 1014/740/762 1013/739/761 1006/729/768
f 1008/731/770 1015/741/763 1014/740/762 1007/730/769
f 1009/733/771 1016/742/764 1015/741/763 1008/731/770
f 1013/739/761 1020/744/754 1019/743/753 1012/738/760
f 1014/740/762 1021/745/755 1020/744/754 1013/739/761
f 1015/741/763 1022/746/756 1021/745/755 1014/740/762
f 1016/742/764 1023/747/757 1022/746/756 1015/741/763
f 1010/736/758 1017/748/751 932/594/694
f 1011/737/759 1018/749/752 1017/748/751 1010/736/758
f 1012/738/760 1019/743/753 1018/749/752 1011/737/759
f 1017/748/751 1024/750/744 932/594/694
f 1018/749/752 1025/751/745 1024/750/744 1017/748/751
f 1019/743/753 1026/752/746 1025/751/745 1018/749/752
f 1020/744/754 1027/753/747 1026/752/746 1019/743/753
f 1021/745/755 1028/754/748 1027/753/747 1020/744/754
f 1022/746/756 1029/755/749 1028/754/748 1021/745/755
f 1023/747/757 1030/756/750 1029/755/749 1022/746/756
f 1028/754/748 1035/758/741 1034/757/740 1027/753/747
f 1029/755/749 1036/759/742 1035/758/741 1028/754/748
f 1030/760/750 1037/763/743 1036/762/742 1029/761/749
f 1024/750/744 1031/764/737 932/594/694
f 1025/751/745 1032/765/738 1031/764/737 1024/750/744
f 1026/752/746 1033/766/739 1032/765/738 1025/751/745
f 1027/753/747 1034/757/740 1033/766/739 1026/752/746
f 1031/764/737 1038/767/882 932/594/694
f 1032/765/738 1039/768/731 1038/767/882 1031/764/737
f 1033/766/739 1040/769/732 1039/768/731 1032/765/738
f 1034/757/740 1041/770/733 1040/769/732 1033/766/739
f 1035/758/741 1042/771/734 1041/770/733 1034/757/740
f 1036/762/742 1043/774/735 1042/773/734 1035/772/741
f 1037/763/743 1044/775/736 1043/774/735 1036/762/742
f 1042/771/734 1049/777/727 1048/776/883 1041/770/733
f 1043/774/735 1050/779/728 1049/778/727 1042/773/734
f 1044/775/736 1051/780/729 1050/779/728 1043/774/735
f 1038/767/882 1045/781/723 932/594/694
f 1039/768/731 1046/782/724 1045/781/723 1038/767/882
f 1040/769/732 1047/783/725 1046/782/724 1039/768/731
f 1041/770/733 1048/776/883 1047/783/725 1040/769/732
f 1046/782/724 1053/785/717 1052/784/716 1045/781/723
f 1047/783/725 1054/786/718 1053/785/717 1046/782/724
f 1048/776/883 1055/787/719 1054/786/718 1047/783/725
f 1049/777/727 1056/788/720 1055/787/719 1048/776/883
f 1050/779/728 1057/790/721 1056/789/720 1049/778/727
f 1051/780/729 1058/791/722 1057/790/721 1050/779/728
f 1045/781/723 1052/784/716 932/594/694
f 1057/790/721 1064/793/714 1063/792/713 1056/789/720
f 1058/791/722 1065/794/715 1064/793/714 1057/790/721
f 1052/784/716 1059/795/709 932/594/694
f 1053/785/717 1060/796/710 1059/795/709 1052/784/716
f 1054/786/718 1061/797/711 1060/796/710 1053/785/717
f 1055/787/719 1062/798/712 1061/797/711 1054/786/718
f 1056/788/720 1063/799/713 1062/798/712 1055/787/719
f 1061/797/711 1068/801/704 1067/800/703 1060/796/710
f 1062/798/712 1069/802/705 1068/801/704 1061/797/711
f 1063/792/713 1070/805/706 1069/804/705 1062/803/712
f 1064/793/714 1071/806/707 1070/805/706 1063/792/713
f 1065/794/715 1072/807/708 1071/806/707 1064/793/714
f 1059/795/709 1066/808/702 932/594/694
f 1060/796/710 1067/800/703 1066/808/702 1059/795/709
f 1072/807/708 1079/810/701 1078/809/700 1071/806/707
f 1066/808/702 1073/811/695 932/594/694
f 1067/800/703 1074/812/696 1073/811/695 1066/808/702
f 1068/801/704 1075/813/697 1074/812/696 1067/800/703
f 1069/802/705 1076/814/698 1075/813/697 1068/801/704
f 1070/805/706 1077/816/699 1076/815/698 1069/804/705
f 1071/806/707 1078/809/700 1077/816/699 1070/805/706
f 1075/813/697 1082/818/689 1081/817/688 1074/812/696
f 1076/814/698 1083/819/690 1082/818/689 1075/813/697
f 1077/820/699 1084/821/691 1083/819/690 1076/814/698
f 1078/809/700 1085/823/692 1084/822/691 1077/816/699
f 1079/810/701 1086/824/693 1085/823/692 1078/809/700
f 1073/811/695 1080/825/687 932/594/694
f 1074/812/696 1081/817/688 1080/825/687 1073/811/695
f 1086/824/693 1093/827/686 1092/826/685 1085/823/692
f 1080/825/687 1087/828/680 932/594/694
f 1081/817/688 1088/829/681 1087/828/680 1080/825/687
f 1082/818/689 1089/830/682 1088/829/681 1081/817/688
f 1083/819/690 1090/831/683 1089/830/682 1082/818/689
f 1084/821/691 1091/832/684 1090/831/683 1083/819/690
f 1085/823/692 1092/826/685 1091/833/684 1084/822/691
f 1090/831/683 1097/835/676 1096/834/675 1089/830/682
f 1091/832/684 1098/836/677 1097/835/676 1090/831/683
f 1092/826/685 1099/838/678 1098/837/677 1091/833/684
f 1093/827/686 1100/839/679 1099/838/678 1092/826/685
f 1087/828/680 1094/840/673 932/594/694
f 1088/829/681 1095/841/674 1094/840/673 1087/828/680
f 1089/830/682 1096/834/675 1095/841/674 1088/829/681
f 1094/840/673 1101/842/666 932/594/694
f 1095/841/674 1102/843/667 1101/842/666 1094/840/673
f 1096/834/675 1103/844/668 1102/843/667 1095/841/674
f 1097/835/676 1104/845/669 1103/844/668 1096/834/675
f 1098/836/677 1105/846/670 1104/845/669 1097/835/676
f 1099/847/678 1106/848/671 1105/846/670 1098/836/677
f 1100/839/679 1107/850/672 1106/849/671 1099/838/678
f 1104/845/669 1111/852/662 1110/851/661 1103/844/668
f 1105/846/670 1112/853/663 1111/852/662 1104/845/669
f 1106/848/671 1113/854/664 1112/853/663 1105/846/670
f 1107/850/672 1114/856/665 1113/855/664 1106/849/671
f 1101/842/666 1108/857/659 932/594/694
f 1102/843/667 1109/858/660 1108/857/659 1101/842/666
f 1103/844/668 1110/851/661 1109/858/660 1102/843/667
f 1108/857/659 1115/593/877 932/594/694
f 1109/858/660 1116/596/878 1115/593/877 1108/857/659
f 1110/851/661 894/598/656 1116/596/878 1109/858/660
f 1111/852/662 1117/600/879 894/598/656 1110/851/661
f 1112/853/663 895/602/657 1117/600/879 1111/852/662
f 1113/854/664 1118/604/880 895/602/657 1112/853/663
f 1114/859/665 896/589/658 1118/590/880 1113/860/664
