# Blender 4.3.2
# www.blender.org
mtllib smooshed_cube_smooth.mtl
o Cube
v 0.434971 0.433707 -0.433707
v 0.434971 -0.436236 -0.436236
v 0.434971 0.436236 0.436236
v 0.434971 -0.433707 0.433707
v -0.434971 0.436236 -0.436236
v -0.434971 -0.433707 -0.433707
v -0.434971 0.433707 0.433707
v -0.434971 -0.436236 0.436236
v 0.445689 -0.000000 -0.445689
v -0.445689 0.000000 0.445689
v 0.445689 0.000000 0.445689
v -0.445689 -0.000000 -0.445689
v -0.452433 0.246628 0.449061
v 0.452433 0.246628 -0.449061
v 0.449061 0.246628 0.452433
v -0.449061 0.246628 -0.452433
v 0.449061 -0.246628 -0.452433
v 0.452433 -0.246628 0.449061
v -0.452433 -0.246628 -0.449061
v -0.449061 -0.246628 0.452433
v -0.445689 -0.445689 0.000000
v 0.445689 0.445689 -0.000000
v -0.445689 0.445689 -0.000000
v 0.445689 -0.445689 0.000000
v 0.442681 -0.000000 0.000000
v -0.442681 -0.000000 0.000000
v 0.456168 0.233141 -0.003372
v -0.456168 0.233141 0.003372
v -0.456168 -0.233141 -0.003372
v 0.456168 -0.233141 0.003372
v -0.449061 -0.452433 0.246628
v 0.449061 0.452433 0.246628
v 0.456168 -0.003372 0.233141
v 0.457854 0.233141 0.233141
v 0.484827 -0.246628 0.246628
v -0.452433 0.449061 0.246628
v 0.452433 -0.449061 0.246628
v -0.456168 0.003372 0.233141
v -0.484827 0.246628 0.246628
v -0.457854 -0.233141 0.233141
v -0.449061 0.452433 -0.246628
v 0.449061 -0.452433 -0.246628
v -0.456168 -0.003372 -0.233141
v -0.457854 0.233141 -0.233141
v -0.484827 -0.246628 -0.246628
v -0.452433 -0.449061 -0.246628
v 0.452433 0.449061 -0.246628
v 0.456168 0.003372 -0.233141
v 0.484827 0.246628 -0.246628
v 0.457854 -0.233141 -0.233141
v 0.001686 -0.445689 -0.445689
v 0.001686 0.445689 0.445689
v -0.001686 -0.445689 0.445689
v -0.001686 0.445689 -0.445689
v 0.000000 -0.000000 -0.442681
v 0.000000 0.000000 0.442681
v -0.003372 0.233141 -0.456168
v 0.003372 0.233141 0.456168
v -0.003372 -0.233141 0.456168
v 0.003372 -0.233141 -0.456168
v -0.000000 -0.442681 0.000000
v 0.000000 0.442681 -0.000000
v -0.003372 -0.456168 0.233141
v 0.003372 0.456168 0.233141
v -0.003372 0.456168 -0.233141
v 0.003372 -0.456168 -0.233141
v 0.243256 -0.445689 0.445689
v 0.243256 0.445689 -0.445689
v 0.233141 -0.003372 -0.456168
v 0.233141 0.233141 -0.457854
v 0.246628 -0.246628 -0.484827
v 0.233141 0.456168 0.003372
v 0.246628 0.484827 0.246628
v 0.233141 0.457853 -0.233141
v 0.250000 -0.455805 -0.455805
v 0.250000 0.455805 0.455805
v 0.233141 0.003372 0.456168
v 0.246628 0.246628 0.484827
v 0.233141 -0.233141 0.457854
v 0.233141 -0.456168 -0.003372
v 0.233141 -0.457853 0.233141
v 0.246628 -0.484827 -0.246628
v -0.243256 -0.445689 -0.445689
v -0.243256 0.445689 0.445689
v -0.233141 -0.003372 0.456168
v -0.233141 0.233141 0.457853
v -0.246628 -0.246628 0.484827
v -0.233141 -0.456168 0.003372
v -0.246628 -0.484827 0.246628
v -0.233141 -0.457854 -0.233141
v -0.250000 -0.455804 0.455805
v -0.250000 0.455805 -0.455805
v -0.233141 0.003372 -0.456168
v -0.246628 0.246628 -0.484827
v -0.233141 -0.233141 -0.457854
v -0.233141 0.456168 -0.003372
v -0.233141 0.457854 0.233141
v -0.246628 0.484827 -0.246628
v -0.242150 0.464575 0.408397
v -0.239463 0.468977 0.356621
v -0.236144 0.464776 0.296241
v -0.411242 0.465998 0.243573
v -0.357464 0.469398 0.239885
v -0.296347 0.464828 0.236197
v -0.444635 0.442893 0.408059
v -0.451785 0.449321 0.364229
v -0.453695 0.450595 0.308361
v -0.407608 0.441797 0.441797
v -0.362162 0.447055 0.447055
v -0.305311 0.447520 0.447520
v -0.411242 0.243573 0.465998
v -0.357464 0.239885 0.469398
v -0.296347 0.236197 0.464828
v -0.242150 0.408397 0.464575
v -0.239463 0.356621 0.468977
v -0.236144 0.296241 0.464776
v -0.444635 0.408059 0.442893
v -0.451785 0.364229 0.449321
v -0.453695 0.308361 0.450595
v -0.465998 0.243573 -0.411242
v -0.469398 0.239885 -0.357464
v -0.464828 0.236197 -0.296347
v -0.465998 0.411242 -0.243573
v -0.469398 0.357464 -0.239885
v -0.464828 0.296347 -0.236197
v -0.443539 0.445281 -0.409351
v -0.449520 0.451984 -0.364627
v -0.450620 0.453720 -0.308411
v -0.443539 0.409351 -0.445281
v -0.449520 0.364627 -0.451984
v -0.450620 0.308411 -0.453720
v 0.242150 -0.464575 0.408397
v 0.239463 -0.468977 0.356621
v 0.236144 -0.464776 0.296241
v 0.411242 -0.465998 0.243573
v 0.357464 -0.469398 0.239885
v 0.296347 -0.464828 0.236197
v 0.444635 -0.442893 0.408059
v 0.451785 -0.449321 0.364229
v 0.453695 -0.450595 0.308361
v 0.407608 -0.441797 0.441797
v 0.362162 -0.447055 0.447055
v 0.305311 -0.447520 0.447520
v 0.465998 0.243573 0.411242
v 0.469398 0.239885 0.357464
v 0.464828 0.236197 0.296347
v 0.465998 0.411242 0.243573
v 0.469398 0.357464 0.239885
v 0.464828 0.296347 0.236197
v 0.443539 0.445281 0.409351
v 0.449520 0.451984 0.364627
v 0.450620 0.453720 0.308411
v 0.443539 0.409351 0.445281
v 0.449520 0.364627 0.451984
v 0.450620 0.308411 0.453720
v 0.411242 0.243573 -0.465998
v 0.357464 0.239885 -0.469398
v 0.296347 0.236197 -0.464828
v 0.242150 0.408397 -0.464575
v 0.239463 0.356621 -0.468977
v 0.236144 0.296241 -0.464776
v 0.407608 0.441797 -0.441797
v 0.362162 0.447055 -0.447055
v 0.305311 0.447520 -0.447520
v 0.444635 0.408059 -0.442893
v 0.451785 0.364229 -0.449321
v 0.453695 0.308361 -0.450595
v 0.414772 -0.248525 -0.477325
v 0.366315 -0.249157 -0.488364
v 0.308622 -0.248525 -0.489537
v 0.236197 -0.062684 -0.462305
v 0.239885 -0.123103 -0.469865
v 0.243573 -0.184471 -0.477741
v 0.408397 -0.001238 -0.464549
v 0.356621 -0.002318 -0.468766
v 0.296241 -0.003082 -0.464064
v 0.445505 -0.061262 -0.446743
v 0.446111 -0.122682 -0.448429
v 0.447349 -0.184418 -0.450431
v 0.477325 -0.248525 0.414772
v 0.488364 -0.249157 0.366315
v 0.489537 -0.248525 0.308622
v 0.462305 -0.062684 0.236197
v 0.469865 -0.123103 0.239885
v 0.477741 -0.184471 0.243573
v 0.464549 -0.001238 0.408397
v 0.468766 -0.002318 0.356621
v 0.464064 -0.003082 0.296241
v 0.446743 -0.061262 0.445505
v 0.448429 -0.122682 0.446111
v 0.450431 -0.184418 0.447349
v -0.477325 -0.248525 -0.414772
v -0.488364 -0.249157 -0.366315
v -0.489537 -0.248525 -0.308622
v -0.462305 -0.062684 -0.236197
v -0.469865 -0.123103 -0.239885
v -0.477741 -0.184471 -0.243573
v -0.464549 -0.001238 -0.408397
v -0.468766 -0.002318 -0.356621
v -0.464064 -0.003082 -0.296241
v -0.446743 -0.061262 -0.445505
v -0.448429 -0.122682 -0.446111
v -0.450431 -0.184418 -0.447349
v -0.414772 -0.248525 0.477325
v -0.366315 -0.249157 0.488364
v -0.308622 -0.248525 0.489537
v -0.236197 -0.062684 0.462305
v -0.239885 -0.123103 0.469865
v -0.243573 -0.184471 0.477741
v -0.408397 -0.001238 0.464549
v -0.356621 -0.002318 0.468766
v -0.296241 -0.003082 0.464064
v -0.445505 -0.061262 0.446743
v -0.446111 -0.122682 0.448429
v -0.447349 -0.184418 0.450431
v 0.231245 0.054887 -0.452401
v 0.230612 0.112988 -0.451321
v 0.231245 0.172037 -0.453086
v 0.446743 0.061262 -0.445505
v 0.448429 0.122682 -0.446111
v 0.450431 0.184418 -0.447349
v 0.452401 0.054887 0.231245
v 0.451321 0.112988 0.230612
v 0.453086 0.172037 0.231245
v 0.445505 0.061262 0.446743
v 0.446111 0.122682 0.448429
v 0.447349 0.184418 0.450431
v -0.452401 0.054887 -0.231245
v -0.451321 0.112988 -0.230612
v -0.453086 0.172037 -0.231245
v -0.445505 0.061262 -0.446743
v -0.446111 0.122682 -0.448429
v -0.447349 0.184418 -0.450431
v -0.231245 0.054887 0.452401
v -0.230612 0.112988 0.451321
v -0.231245 0.172037 0.453086
v -0.446743 0.061262 0.445505
v -0.448429 0.122682 0.446111
v -0.450431 0.184418 0.447349
v -0.409801 -0.446378 0.446378
v -0.366693 -0.454250 0.454250
v -0.311462 -0.456796 0.456796
v -0.248578 -0.308727 0.489589
v -0.249579 -0.367158 0.488786
v -0.249947 -0.417617 0.478747
v -0.443539 -0.409351 0.445281
v -0.449520 -0.364627 0.451984
v -0.450620 -0.308411 0.453720
v -0.444635 -0.442893 -0.408059
v -0.451785 -0.449321 -0.364229
v -0.453695 -0.450595 -0.308361
v -0.489537 -0.308622 -0.248525
v -0.488364 -0.366315 -0.249157
v -0.477325 -0.414772 -0.248525
v -0.444635 -0.408059 -0.442893
v -0.451785 -0.364229 -0.449321
v -0.453695 -0.308361 -0.450595
v 0.489537 -0.308622 0.248525
v 0.488364 -0.366315 0.249157
v 0.477325 -0.414772 0.248525
v 0.444635 -0.408059 0.442893
v 0.451785 -0.364229 0.449321
v 0.453695 -0.308361 0.450595
v 0.409801 -0.446378 -0.446378
v 0.366693 -0.454250 -0.454250
v 0.311462 -0.456796 -0.456796
v 0.248578 -0.308727 -0.489589
v 0.249579 -0.367158 -0.488786
v 0.249947 -0.417617 -0.478747
v 0.443539 -0.409351 -0.445281
v 0.449520 -0.364627 -0.451984
v 0.450620 -0.308411 -0.453720
v 0.445505 -0.446743 -0.061262
v 0.446111 -0.448429 -0.122682
v 0.447349 -0.450431 -0.184418
v 0.465998 -0.411242 -0.243573
v 0.469398 -0.357464 -0.239885
v 0.464828 -0.296347 -0.236197
v 0.452401 -0.231244 -0.054887
v 0.451321 -0.230612 -0.112988
v 0.453086 -0.231245 -0.172037
v 0.464549 -0.408397 0.001238
v 0.468766 -0.356621 0.002318
v 0.464064 -0.296241 0.003082
v -0.445505 -0.446743 0.061262
v -0.446111 -0.448429 0.122682
v -0.447349 -0.450431 0.184418
v -0.465998 -0.411242 0.243573
v -0.469398 -0.357464 0.239885
v -0.464828 -0.296347 0.236197
v -0.452401 -0.231245 0.054887
v -0.451321 -0.230612 0.112988
v -0.453086 -0.231244 0.172037
v -0.464549 -0.408397 -0.001238
v -0.468766 -0.356621 -0.002318
v -0.464064 -0.296241 -0.003082
v -0.443366 0.001238 0.056310
v -0.445631 0.002318 0.113410
v -0.449793 0.003082 0.172090
v -0.462305 0.062684 0.236197
v -0.469865 0.123103 0.239885
v -0.477741 0.184471 0.243573
v -0.462305 0.236197 0.062684
v -0.469865 0.239885 0.123103
v -0.477741 0.243573 0.184471
v -0.443366 0.056310 0.001238
v -0.445631 0.113410 0.002318
v -0.449793 0.172090 0.003082
v 0.443366 0.001238 -0.056310
v 0.445631 0.002318 -0.113410
v 0.449793 0.003082 -0.172090
v 0.462305 0.062684 -0.236197
v 0.469865 0.123103 -0.239885
v 0.477741 0.184471 -0.243573
v 0.462305 0.236197 -0.062684
v 0.469865 0.239885 -0.123103
v 0.477741 0.243573 -0.184471
v 0.443366 0.056310 -0.001238
v 0.445631 0.113410 -0.002318
v 0.449793 0.172090 -0.003082
v -0.452401 -0.054887 0.231245
v -0.451321 -0.112988 0.230612
v -0.453086 -0.172037 0.231245
v -0.443366 -0.056310 -0.001238
v -0.445631 -0.113410 -0.002318
v -0.449793 -0.172090 -0.003082
v 0.452401 -0.054887 -0.231245
v 0.451321 -0.112988 -0.230612
v 0.453086 -0.172037 -0.231244
v 0.443366 -0.056310 0.001238
v 0.445631 -0.113410 0.002318
v 0.449793 -0.172090 0.003082
v 0.477325 0.414772 -0.248525
v 0.488364 0.366315 -0.249157
v 0.489537 0.308622 -0.248525
v 0.446743 0.445505 -0.061262
v 0.448429 0.446111 -0.122682
v 0.450431 0.447349 -0.184418
v 0.464549 0.408397 -0.001238
v 0.468766 0.356621 -0.002318
v 0.464064 0.296241 -0.003082
v 0.236197 -0.462305 -0.062684
v 0.239885 -0.469865 -0.123103
v 0.243573 -0.477741 -0.184471
v 0.414772 -0.477325 -0.248525
v 0.366315 -0.488364 -0.249157
v 0.308622 -0.489537 -0.248525
v 0.408397 -0.464549 -0.001238
v 0.356621 -0.468766 -0.002318
v 0.296241 -0.464064 -0.003082
v -0.477325 0.414772 0.248525
v -0.488364 0.366315 0.249157
v -0.489537 0.308622 0.248525
v -0.446743 0.445505 0.061262
v -0.448429 0.446111 0.122682
v -0.450431 0.447349 0.184418
v -0.464549 0.408397 0.001238
v -0.468766 0.356621 0.002318
v -0.464064 0.296241 0.003082
v -0.236197 0.462305 -0.062684
v -0.239885 0.469865 -0.123103
v -0.243573 0.477741 -0.184471
v -0.414772 0.477325 -0.248525
v -0.366315 0.488364 -0.249157
v -0.308622 0.489537 -0.248525
v -0.445505 0.446743 -0.061262
v -0.446111 0.448429 -0.122682
v -0.447349 0.450431 -0.184418
v -0.408397 0.464549 -0.001238
v -0.356621 0.468766 -0.002318
v -0.296241 0.464064 -0.003082
v -0.477325 0.248525 0.414772
v -0.488364 0.249157 0.366315
v -0.489537 0.248525 0.308622
v -0.465998 -0.243573 0.411242
v -0.469398 -0.239885 0.357464
v -0.464828 -0.236197 0.296347
v -0.464549 0.001238 0.408397
v -0.468766 0.002318 0.356621
v -0.464064 0.003082 0.296241
v -0.443539 -0.445281 0.409351
v -0.449520 -0.451984 0.364627
v -0.450620 -0.453720 0.308411
v 0.446743 -0.445505 0.061262
v 0.448429 -0.446111 0.122682
v 0.450431 -0.447349 0.184418
v 0.462305 -0.236197 0.062684
v 0.469865 -0.239885 0.123103
v 0.477741 -0.243573 0.184471
v 0.443366 -0.001238 0.056310
v 0.445631 -0.002318 0.113410
v 0.449793 -0.003082 0.172090
v 0.452401 0.231244 0.054887
v 0.451321 0.230612 0.112988
v 0.453086 0.231245 0.172037
v 0.445505 0.446743 0.061262
v 0.446111 0.448429 0.122682
v 0.447349 0.450431 0.184418
v 0.231245 -0.452401 0.054887
v 0.230612 -0.451321 0.112988
v 0.231245 -0.453086 0.172037
v -0.231245 0.452401 0.054887
v -0.230612 0.451321 0.112988
v -0.231245 0.453086 0.172037
v -0.249947 0.478747 -0.417617
v -0.249579 0.488786 -0.367158
v -0.248578 0.489589 -0.308728
v -0.409801 0.446378 -0.446378
v -0.366693 0.454250 -0.454250
v -0.311462 0.456796 -0.456796
v 0.249947 -0.478747 -0.417617
v 0.249579 -0.488786 -0.367157
v 0.248578 -0.489590 -0.308727
v 0.443539 -0.445281 -0.409351
v 0.449520 -0.451984 -0.364627
v 0.450620 -0.453720 -0.308411
v 0.477325 0.248525 -0.414772
v 0.488364 0.249157 -0.366315
v 0.489537 0.248525 -0.308622
v 0.444635 0.442893 -0.408059
v 0.451785 0.449321 -0.364229
v 0.453695 0.450595 -0.308361
v 0.465998 -0.243573 -0.411242
v 0.469398 -0.239885 -0.357464
v 0.464828 -0.236197 -0.296347
v 0.464549 0.001238 -0.408397
v 0.468766 0.002318 -0.356621
v 0.464064 0.003082 -0.296241
v -0.446743 -0.445505 -0.061262
v -0.448429 -0.446111 -0.122682
v -0.450431 -0.447349 -0.184418
v -0.462305 -0.236197 -0.062684
v -0.469865 -0.239885 -0.123103
v -0.477741 -0.243573 -0.184471
v -0.443366 -0.001238 -0.056310
v -0.445631 -0.002318 -0.113410
v -0.449793 -0.003082 -0.172090
v -0.452401 0.231244 -0.054887
v -0.451321 0.230612 -0.112988
v -0.453086 0.231244 -0.172037
v -0.242150 -0.464575 -0.408397
v -0.239463 -0.468977 -0.356621
v -0.236144 -0.464776 -0.296241
v -0.059313 -0.444267 -0.444267
v -0.120153 -0.443793 -0.443793
v -0.181310 -0.444267 -0.444267
v 0.001949 -0.464549 -0.408397
v 0.002529 -0.468766 -0.356621
v 0.003108 -0.464065 -0.296241
v -0.054887 -0.452401 -0.231244
v -0.112988 -0.451321 -0.230612
v -0.172037 -0.453086 -0.231244
v 0.242150 0.464575 -0.408397
v 0.239463 0.468977 -0.356621
v 0.236144 0.464776 -0.296241
v 0.059313 0.444267 -0.444267
v 0.120153 0.443793 -0.443793
v 0.181310 0.444267 -0.444267
v -0.001949 0.464549 -0.408397
v -0.002529 0.468766 -0.356621
v -0.003108 0.464064 -0.296241
v 0.054887 0.452401 -0.231245
v 0.112988 0.451321 -0.230612
v 0.172037 0.453086 -0.231245
v 0.236197 0.462305 0.062684
v 0.239885 0.469865 0.123103
v 0.243573 0.477741 0.184471
v 0.056310 0.443366 0.001238
v 0.113410 0.445631 0.002318
v 0.172090 0.449793 0.003082
v 0.001238 0.443366 0.056310
v 0.002318 0.445631 0.113409
v 0.003082 0.449793 0.172090
v 0.062684 0.462305 0.236197
v 0.123103 0.469865 0.239885
v 0.184471 0.477741 0.243573
v -0.236197 -0.462305 0.062684
v -0.239885 -0.469865 0.123103
v -0.243573 -0.477741 0.184471
v -0.056310 -0.443366 0.001238
v -0.113410 -0.445631 0.002318
v -0.172090 -0.449793 0.003082
v -0.001238 -0.443366 0.056310
v -0.002318 -0.445631 0.113410
v -0.003082 -0.449793 0.172090
v -0.062684 -0.462305 0.236197
v -0.123103 -0.469865 0.239885
v -0.184471 -0.477741 0.243573
v 0.231245 0.452401 -0.054887
v 0.230612 0.451321 -0.112988
v 0.231245 0.453086 -0.172037
v -0.001238 0.443366 -0.056310
v -0.002318 0.445631 -0.113410
v -0.003082 0.449793 -0.172090
v -0.231245 -0.452401 -0.054887
v -0.230612 -0.451321 -0.112988
v -0.231245 -0.453086 -0.172037
v 0.001238 -0.443366 -0.056310
v 0.002318 -0.445631 -0.113409
v 0.003082 -0.449793 -0.172090
v -0.242150 -0.408397 -0.464575
v -0.239463 -0.356621 -0.468977
v -0.236144 -0.296241 -0.464776
v -0.054887 -0.231245 -0.452401
v -0.112988 -0.230612 -0.451321
v -0.172037 -0.231245 -0.453086
v 0.001949 -0.408397 -0.464549
v 0.002529 -0.356621 -0.468766
v 0.003108 -0.296241 -0.464064
v 0.059313 -0.444267 0.444267
v 0.120153 -0.443793 0.443793
v 0.181310 -0.444267 0.444267
v 0.242150 -0.408397 0.464575
v 0.239463 -0.356621 0.468977
v 0.236144 -0.296241 0.464776
v 0.054887 -0.231244 0.452401
v 0.112988 -0.230612 0.451321
v 0.172037 -0.231244 0.453086
v -0.001949 -0.408397 0.464549
v -0.002529 -0.356621 0.468766
v -0.003108 -0.296241 0.464065
v 0.056310 0.001238 0.443366
v 0.113410 0.002318 0.445631
v 0.172090 0.003082 0.449793
v 0.236197 0.062684 0.462305
v 0.239885 0.123103 0.469865
v 0.243573 0.184471 0.477741
v 0.062684 0.236197 0.462305
v 0.123103 0.239885 0.469865
v 0.184471 0.243573 0.477741
v 0.001238 0.056310 0.443366
v 0.002318 0.113410 0.445631
v 0.003082 0.172090 0.449793
v -0.056310 0.001238 -0.443366
v -0.113410 0.002318 -0.445631
v -0.172090 0.003082 -0.449793
v -0.236197 0.062684 -0.462305
v -0.239885 0.123103 -0.469865
v -0.243573 0.184471 -0.477741
v -0.062684 0.236197 -0.462305
v -0.123103 0.239885 -0.469865
v -0.184471 0.243573 -0.477741
v -0.001238 0.056310 -0.443366
v -0.002318 0.113409 -0.445631
v -0.003082 0.172090 -0.449793
v 0.231245 -0.054887 0.452401
v 0.230612 -0.112988 0.451321
v 0.231244 -0.172037 0.453086
v -0.001238 -0.056310 0.443366
v -0.002318 -0.113409 0.445631
v -0.003082 -0.172090 0.449793
v -0.231245 -0.054887 -0.452401
v -0.230612 -0.112988 -0.451321
v -0.231244 -0.172037 -0.453086
v 0.001238 -0.056310 -0.443366
v 0.002318 -0.113410 -0.445631
v 0.003082 -0.172090 -0.449793
v -0.249947 0.417617 -0.478747
v -0.249579 0.367157 -0.488786
v -0.248578 0.308727 -0.489589
v -0.063211 0.447981 -0.447981
v -0.125211 0.450747 -0.450747
v -0.187526 0.453513 -0.453513
v -0.001949 0.408397 -0.464549
v -0.002529 0.356621 -0.468766
v -0.003108 0.296241 -0.464065
v -0.248578 -0.489589 0.308727
v -0.249579 -0.488786 0.367158
v -0.249947 -0.478747 0.417617
v -0.001949 -0.464549 0.408397
v -0.002529 -0.468766 0.356621
v -0.003108 -0.464064 0.296241
v -0.063211 -0.447981 0.447981
v -0.125211 -0.450747 0.450747
v -0.187526 -0.453513 0.453513
v 0.249947 0.417617 0.478747
v 0.249579 0.367158 0.488786
v 0.248578 0.308727 0.489589
v 0.063211 0.447981 0.447981
v 0.125211 0.450747 0.450747
v 0.187526 0.453513 0.453513
v 0.001949 0.408397 0.464549
v 0.002529 0.356621 0.468766
v 0.003108 0.296241 0.464064
v 0.248578 0.489589 0.308727
v 0.249579 0.488786 0.367157
v 0.249947 0.478747 0.417617
v 0.001949 0.464549 0.408397
v 0.002529 0.468766 0.356621
v 0.003108 0.464065 0.296241
v 0.414772 0.477325 0.248525
v 0.366315 0.488364 0.249157
v 0.308622 0.489537 0.248525
v 0.409801 0.446378 0.446378
v 0.366693 0.454250 0.454250
v 0.311462 0.456796 0.456795
v 0.414772 0.248525 0.477325
v 0.366315 0.249157 0.488364
v 0.308622 0.248525 0.489537
v 0.411242 -0.243573 0.465998
v 0.357464 -0.239885 0.469398
v 0.296347 -0.236197 0.464828
v 0.408397 0.001238 0.464549
v 0.356621 0.002318 0.468766
v 0.296241 0.003082 0.464064
v 0.411242 0.465998 -0.243573
v 0.357464 0.469398 -0.239885
v 0.296347 0.464828 -0.236197
v 0.408397 0.464549 0.001238
v 0.356621 0.468766 0.002318
v 0.296241 0.464064 0.003082
v 0.063211 -0.447981 -0.447981
v 0.125211 -0.450747 -0.450747
v 0.187526 -0.453513 -0.453513
v 0.062684 -0.462305 -0.236197
v 0.123103 -0.469865 -0.239885
v 0.184471 -0.477741 -0.243573
v 0.056310 -0.443366 -0.001238
v 0.113410 -0.445631 -0.002318
v 0.172090 -0.449793 -0.003082
v 0.054887 -0.452401 0.231245
v 0.112988 -0.451321 0.230612
v 0.172037 -0.453086 0.231245
v 0.062684 -0.236197 -0.462305
v 0.123103 -0.239885 -0.469865
v 0.184471 -0.243573 -0.477741
v 0.056310 -0.001238 -0.443366
v 0.113410 -0.002318 -0.445631
v 0.172090 -0.003082 -0.449793
v 0.054887 0.231244 -0.452401
v 0.112988 0.230612 -0.451321
v 0.172037 0.231244 -0.453086
v -0.414772 -0.477325 0.248525
v -0.366315 -0.488364 0.249157
v -0.308622 -0.489537 0.248525
v -0.414772 0.248525 -0.477325
v -0.366315 0.249157 -0.488364
v -0.308622 0.248525 -0.489537
v -0.411242 -0.243573 -0.465998
v -0.357464 -0.239885 -0.469398
v -0.296347 -0.236197 -0.464828
v -0.408397 0.001238 -0.464549
v -0.356621 0.002318 -0.468766
v -0.296241 0.003082 -0.464064
v -0.407608 -0.441797 -0.441797
v -0.362162 -0.447055 -0.447055
v -0.305311 -0.447520 -0.447520
v -0.411242 -0.465998 -0.243573
v -0.357464 -0.469398 -0.239885
v -0.296347 -0.464828 -0.236197
v -0.408397 -0.464549 0.001238
v -0.356621 -0.468766 0.002318
v -0.296241 -0.464064 0.003082
v -0.062684 0.462305 -0.236197
v -0.123103 0.469865 -0.239885
v -0.184471 0.477741 -0.243573
v -0.056310 0.443366 -0.001238
v -0.113410 0.445631 -0.002318
v -0.172090 0.449793 -0.003082
v -0.054887 0.452401 0.231244
v -0.112988 0.451321 0.230612
v -0.172037 0.453086 0.231244
v -0.062684 -0.236197 0.462305
v -0.123103 -0.239885 0.469865
v -0.184471 -0.243573 0.477741
v -0.056310 -0.001238 0.443366
v -0.113410 -0.002318 0.445631
v -0.172090 -0.003082 0.449793
v -0.054887 0.231245 0.452401
v -0.112988 0.230612 0.451321
v -0.172037 0.231245 0.453086
v -0.059313 0.444267 0.444267
v -0.120153 0.443793 0.443793
v -0.181310 0.444267 0.444267
v -0.299108 0.470388 0.299059
v -0.359657 0.473373 0.302396
v -0.412808 0.468511 0.305643
v -0.302086 0.473023 0.358920
v -0.361496 0.474244 0.361183
v -0.412738 0.467895 0.362728
v -0.304393 0.467231 0.410219
v -0.362146 0.467079 0.410869
v -0.409953 0.460159 0.409175
v -0.299108 0.299059 0.470388
v -0.302086 0.358920 0.473023
v -0.304393 0.410219 0.467231
v -0.359657 0.302396 0.473372
v -0.361496 0.361183 0.474243
v -0.362146 0.410869 0.467079
v -0.412808 0.305643 0.468511
v -0.412738 0.362728 0.467895
v -0.409953 0.409175 0.460159
v -0.470437 0.299156 -0.299156
v -0.473412 0.359696 -0.302474
v -0.468540 0.412838 -0.305702
v -0.473412 0.302474 -0.359696
v -0.474557 0.361810 -0.361810
v -0.468131 0.412973 -0.363198
v -0.468540 0.305702 -0.412838
v -0.468131 0.363198 -0.412973
v -0.460937 0.410731 -0.410731
v 0.299108 -0.470388 0.299059
v 0.359657 -0.473372 0.302396
v 0.412808 -0.468511 0.305643
v 0.302086 -0.473023 0.358920
v 0.361496 -0.474243 0.361183
v 0.412738 -0.467895 0.362728
v 0.304393 -0.467231 0.410219
v 0.362146 -0.467079 0.410869
v 0.409953 -0.460159 0.409175
v 0.470437 0.299156 0.299156
v 0.473412 0.359696 0.302474
v 0.468540 0.412838 0.305702
v 0.473412 0.302474 0.359696
v 0.474557 0.361810 0.361810
v 0.468131 0.412973 0.363198
v 0.468540 0.305702 0.412838
v 0.468131 0.363198 0.412973
v 0.460937 0.410731 0.410731
v 0.299108 0.299059 -0.470388
v 0.302086 0.358920 -0.473023
v 0.304393 0.410219 -0.467231
v 0.359657 0.302396 -0.473373
v 0.361496 0.361183 -0.474244
v 0.362146 0.410869 -0.467079
v 0.412808 0.305643 -0.468511
v 0.412738 0.362728 -0.467895
v 0.409953 0.409175 -0.460159
v 0.305802 -0.186200 -0.483508
v 0.302412 -0.124371 -0.476524
v 0.299032 -0.063259 -0.469678
v 0.364000 -0.186766 -0.483791
v 0.361310 -0.124710 -0.478407
v 0.358698 -0.063168 -0.473103
v 0.412928 -0.186171 -0.474221
v 0.411051 -0.124141 -0.470660
v 0.409442 -0.062481 -0.467238
v 0.483508 -0.186200 0.305802
v 0.476524 -0.124371 0.302412
v 0.469678 -0.063259 0.299032
v 0.483791 -0.186766 0.364000
v 0.478407 -0.124710 0.361310
v 0.473103 -0.063168 0.358698
v 0.474221 -0.186171 0.412928
v 0.470660 -0.124141 0.411051
v 0.467238 -0.062481 0.409442
v -0.483508 -0.186200 -0.305802
v -0.476524 -0.124371 -0.302412
v -0.469678 -0.063259 -0.299032
v -0.483791 -0.186766 -0.364000
v -0.478407 -0.124710 -0.361310
v -0.473103 -0.063168 -0.358698
v -0.474221 -0.186171 -0.412928
v -0.470660 -0.124141 -0.411051
v -0.467238 -0.062481 -0.409442
v -0.305802 -0.186200 0.483508
v -0.302412 -0.124371 0.476524
v -0.299032 -0.063259 0.469678
v -0.364000 -0.186766 0.483791
v -0.361310 -0.124710 0.478407
v -0.358698 -0.063168 0.473103
v -0.412928 -0.186171 0.474221
v -0.411051 -0.124141 0.470660
v -0.409442 -0.062481 0.467238
v 0.294524 0.056131 -0.460605
v 0.293973 0.115125 -0.459537
v 0.294582 0.174835 -0.460923
v 0.355448 0.057808 -0.466139
v 0.355225 0.117756 -0.465368
v 0.355909 0.178218 -0.466455
v 0.408145 0.059618 -0.463079
v 0.408625 0.120426 -0.462873
v 0.409701 0.181606 -0.463868
v 0.460605 0.056131 0.294524
v 0.459537 0.115125 0.293973
v 0.460923 0.174835 0.294582
v 0.466139 0.057808 0.355448
v 0.465368 0.117756 0.355225
v 0.466455 0.178218 0.355909
v 0.463079 0.059618 0.408145
v 0.462873 0.120426 0.408625
v 0.463868 0.181606 0.409701
v -0.460605 0.056131 -0.294524
v -0.459537 0.115125 -0.293973
v -0.460923 0.174835 -0.294582
v -0.466139 0.057808 -0.355448
v -0.465368 0.117756 -0.355225
v -0.466455 0.178218 -0.355909
v -0.463079 0.059618 -0.408145
v -0.462873 0.120426 -0.408625
v -0.463868 0.181606 -0.409701
v -0.294524 0.056131 0.460605
v -0.293973 0.115125 0.459537
v -0.294582 0.174835 0.460923
v -0.355448 0.057808 0.466139
v -0.355225 0.117756 0.465368
v -0.355909 0.178218 0.466455
v -0.408145 0.059618 0.463079
v -0.408625 0.120426 0.462873
v -0.409701 0.181606 0.463868
v -0.311499 -0.418664 0.480222
v -0.311296 -0.368557 0.491172
v -0.310425 -0.310473 0.493118
v -0.367339 -0.417349 0.477118
v -0.368161 -0.368474 0.488199
v -0.367820 -0.310986 0.490823
v -0.412280 -0.413058 0.466368
v -0.415481 -0.366758 0.476301
v -0.416074 -0.310248 0.478942
v -0.478912 -0.416045 -0.310189
v -0.490784 -0.367781 -0.310908
v -0.493070 -0.310376 -0.310376
v -0.476066 -0.415245 -0.366287
v -0.487886 -0.367848 -0.367848
v -0.490784 -0.310908 -0.367780
v -0.465590 -0.411502 -0.411502
v -0.476066 -0.366287 -0.415245
v -0.478912 -0.310189 -0.416045
v 0.478912 -0.416045 0.310189
v 0.490784 -0.367781 0.310908
v 0.493070 -0.310376 0.310376
v 0.476066 -0.415245 0.366287
v 0.487886 -0.367848 0.367848
v 0.490784 -0.310908 0.367781
v 0.465590 -0.411502 0.411502
v 0.476066 -0.366287 0.415245
v 0.478912 -0.310189 0.416045
v 0.311499 -0.418664 -0.480222
v 0.311296 -0.368557 -0.491172
v 0.310425 -0.310473 -0.493118
v 0.367339 -0.417349 -0.477118
v 0.368161 -0.368474 -0.488199
v 0.367820 -0.310986 -0.490823
v 0.412280 -0.413058 -0.466368
v 0.415481 -0.366758 -0.476301
v 0.416074 -0.310248 -0.478942
v 0.463868 -0.409701 -0.181606
v 0.466455 -0.355909 -0.178218
v 0.460923 -0.294582 -0.174835
v 0.462873 -0.408625 -0.120426
v 0.465368 -0.355225 -0.117756
v 0.459537 -0.293973 -0.115125
v 0.463079 -0.408145 -0.059618
v 0.466139 -0.355448 -0.057808
v 0.460605 -0.294524 -0.056131
v -0.463868 -0.409701 0.181606
v -0.466455 -0.355909 0.178218
v -0.460923 -0.294582 0.174835
v -0.462873 -0.408625 0.120426
v -0.465368 -0.355225 0.117756
v -0.459537 -0.293973 0.115125
v -0.463079 -0.408145 0.059618
v -0.466139 -0.355448 0.057808
v -0.460606 -0.294524 0.056131
v -0.455438 0.061440 0.174902
v -0.462552 0.120966 0.178290
v -0.470274 0.181673 0.181673
v -0.449981 0.059764 0.115665
v -0.455773 0.118335 0.118335
v -0.462552 0.178290 0.120966
v -0.445951 0.057954 0.057954
v -0.449981 0.115665 0.059764
v -0.455438 0.174902 0.061440
v 0.455438 0.061440 -0.174902
v 0.462552 0.120966 -0.178290
v 0.470274 0.181673 -0.181673
v 0.449981 0.059764 -0.115665
v 0.455773 0.118335 -0.118335
v 0.462552 0.178290 -0.120966
v 0.445951 0.057954 -0.057954
v 0.449981 0.115665 -0.059764
v 0.455438 0.174902 -0.061440
v -0.447737 -0.170308 0.170308
v -0.445601 -0.111720 0.169742
v -0.446385 -0.054313 0.170337
v -0.445601 -0.169742 0.111720
v -0.443023 -0.111381 0.111381
v -0.443171 -0.054403 0.111951
v -0.446385 -0.170337 0.054313
v -0.443171 -0.111951 0.054403
v -0.442314 -0.055091 0.055091
v 0.447737 -0.170308 -0.170308
v 0.445601 -0.111720 -0.169742
v 0.446385 -0.054313 -0.170337
v 0.445601 -0.169742 -0.111720
v 0.443023 -0.111381 -0.111381
v 0.443171 -0.054403 -0.111951
v 0.446385 -0.170337 -0.054313
v 0.443171 -0.111951 -0.054403
v 0.442314 -0.055091 -0.055091
v 0.483508 0.305802 -0.186200
v 0.483791 0.364000 -0.186766
v 0.474221 0.412928 -0.186171
v 0.476524 0.302412 -0.124371
v 0.478407 0.361310 -0.124710
v 0.470660 0.411051 -0.124141
v 0.469678 0.299031 -0.063259
v 0.473103 0.358698 -0.063168
v 0.467238 0.409442 -0.062481
v 0.305802 -0.483508 -0.186200
v 0.364000 -0.483791 -0.186766
v 0.412928 -0.474221 -0.186171
v 0.302412 -0.476524 -0.124371
v 0.361310 -0.478407 -0.124710
v 0.411051 -0.470660 -0.124141
v 0.299031 -0.469678 -0.063259
v 0.358698 -0.473103 -0.063168
v 0.409442 -0.467238 -0.062481
v -0.483508 0.305802 0.186200
v -0.483791 0.364000 0.186766
v -0.474221 0.412928 0.186171
v -0.476524 0.302412 0.124371
v -0.478407 0.361310 0.124710
v -0.470660 0.411051 0.124141
v -0.469678 0.299031 0.063259
v -0.473103 0.358698 0.063168
v -0.467238 0.409442 0.062481
v -0.305802 0.483508 -0.186200
v -0.364000 0.483791 -0.186766
v -0.412928 0.474221 -0.186171
v -0.302412 0.476524 -0.124371
v -0.361310 0.478407 -0.124710
v -0.411051 0.470660 -0.124141
v -0.299031 0.469678 -0.063259
v -0.358698 0.473103 -0.063168
v -0.409442 0.467238 -0.062481
v -0.478912 0.310189 0.416045
v -0.476066 0.366287 0.415245
v -0.465590 0.411502 0.411502
v -0.490784 0.310908 0.367781
v -0.487886 0.367848 0.367848
v -0.476066 0.415245 0.366287
v -0.493070 0.310376 0.310376
v -0.490784 0.367781 0.310908
v -0.478912 0.416045 0.310189
v -0.463868 -0.181606 0.409701
v -0.462873 -0.120426 0.408624
v -0.463079 -0.059618 0.408145
v -0.466455 -0.178218 0.355909
v -0.465368 -0.117756 0.355225
v -0.466139 -0.057808 0.355448
v -0.460923 -0.174835 0.294582
v -0.459537 -0.115125 0.293973
v -0.460605 -0.056131 0.294524
v -0.467238 0.062481 0.409442
v -0.470660 0.124141 0.411051
v -0.474221 0.186171 0.412928
v -0.473103 0.063168 0.358698
v -0.478407 0.124710 0.361310
v -0.483791 0.186766 0.364000
v -0.469678 0.063259 0.299032
v -0.476524 0.124371 0.302412
v -0.483508 0.186200 0.305802
v -0.460937 -0.410731 0.410731
v -0.468131 -0.363198 0.412973
v -0.468540 -0.305702 0.412838
v -0.468131 -0.412973 0.363198
v -0.474557 -0.361810 0.361810
v -0.473412 -0.302474 0.359696
v -0.468540 -0.412838 0.305702
v -0.473412 -0.359696 0.302475
v -0.470437 -0.299156 0.299156
v 0.467238 -0.409442 0.062481
v 0.473103 -0.358698 0.063168
v 0.469678 -0.299032 0.063259
v 0.470660 -0.411051 0.124141
v 0.478407 -0.361310 0.124710
v 0.476524 -0.302412 0.124371
v 0.474221 -0.412928 0.186171
v 0.483791 -0.364000 0.186766
v 0.483508 -0.305802 0.186200
v 0.442314 0.055091 0.055091
v 0.443171 0.111951 0.054403
v 0.446385 0.170337 0.054313
v 0.443171 0.054403 0.111951
v 0.443023 0.111381 0.111381
v 0.445601 0.169742 0.111720
v 0.446385 0.054313 0.170337
v 0.445601 0.111720 0.169742
v 0.447737 0.170308 0.170308
v 0.455438 -0.174902 0.061440
v 0.449981 -0.115665 0.059764
v 0.445951 -0.057954 0.057954
v 0.462552 -0.178290 0.120966
v 0.455773 -0.118335 0.118335
v 0.449981 -0.059764 0.115665
v 0.470274 -0.181673 0.181673
v 0.462552 -0.120966 0.178290
v 0.455438 -0.061440 0.174902
v 0.460605 0.294524 0.056131
v 0.466139 0.355449 0.057808
v 0.463079 0.408145 0.059618
v 0.459537 0.293973 0.115125
v 0.465368 0.355225 0.117756
v 0.462873 0.408625 0.120426
v 0.460923 0.294582 0.174835
v 0.466455 0.355909 0.178218
v 0.463868 0.409701 0.181606
v 0.294524 -0.460605 0.056131
v 0.355449 -0.466139 0.057808
v 0.408145 -0.463079 0.059618
v 0.293973 -0.459537 0.115125
v 0.355225 -0.465368 0.117756
v 0.408625 -0.462873 0.120426
v 0.294582 -0.460923 0.174835
v 0.355909 -0.466455 0.178218
v 0.409701 -0.463868 0.181606
v -0.294524 0.460605 0.056131
v -0.355449 0.466139 0.057808
v -0.408145 0.463079 0.059618
v -0.293973 0.459537 0.115125
v -0.355225 0.465368 0.117756
v -0.408625 0.462873 0.120426
v -0.294582 0.460923 0.174835
v -0.355909 0.466455 0.178218
v -0.409701 0.463868 0.181606
v -0.311499 0.480222 -0.418664
v -0.367339 0.477118 -0.417349
v -0.412280 0.466368 -0.413058
v -0.311296 0.491172 -0.368557
v -0.368161 0.488199 -0.368474
v -0.415481 0.476301 -0.366758
v -0.310425 0.493118 -0.310473
v -0.367820 0.490823 -0.310986
v -0.416074 0.478942 -0.310248
v 0.311499 -0.480222 -0.418664
v 0.367339 -0.477118 -0.417349
v 0.412280 -0.466368 -0.413058
v 0.311296 -0.491172 -0.368557
v 0.368161 -0.488199 -0.368474
v 0.415481 -0.476301 -0.366758
v 0.310425 -0.493118 -0.310473
v 0.367820 -0.490823 -0.310986
v 0.416074 -0.478942 -0.310248
v 0.478912 0.310189 -0.416045
v 0.476066 0.366287 -0.415245
v 0.465590 0.411502 -0.411502
v 0.490784 0.310908 -0.367781
v 0.487886 0.367848 -0.367848
v 0.476066 0.415245 -0.366287
v 0.493070 0.310376 -0.310376
v 0.490784 0.367781 -0.310908
v 0.478912 0.416045 -0.310189
v 0.463868 -0.181606 -0.409701
v 0.462873 -0.120426 -0.408624
v 0.463079 -0.059618 -0.408145
v 0.466455 -0.178218 -0.355909
v 0.465368 -0.117756 -0.355225
v 0.466139 -0.057808 -0.355448
v 0.460923 -0.174835 -0.294582
v 0.459537 -0.115125 -0.293973
v 0.460605 -0.056131 -0.294524
v 0.467238 0.062481 -0.409442
v 0.470660 0.124141 -0.411051
v 0.474221 0.186171 -0.412928
v 0.473103 0.063168 -0.358698
v 0.478407 0.124710 -0.361310
v 0.483791 0.186766 -0.364000
v 0.469678 0.063259 -0.299032
v 0.476524 0.124371 -0.302412
v 0.483508 0.186200 -0.305802
v 0.460937 -0.410731 -0.410731
v 0.468131 -0.363198 -0.412973
v 0.468540 -0.305702 -0.412838
v 0.468131 -0.412973 -0.363198
v 0.474557 -0.361810 -0.361810
v 0.473412 -0.302475 -0.359696
v 0.468540 -0.412838 -0.305702
v 0.473412 -0.359696 -0.302474
v 0.470437 -0.299156 -0.299156
v -0.467238 -0.409442 -0.062481
v -0.473103 -0.358698 -0.063168
v -0.469678 -0.299032 -0.063259
v -0.470660 -0.411051 -0.124141
v -0.478407 -0.361310 -0.124710
v -0.476524 -0.302412 -0.124371
v -0.474221 -0.412928 -0.186171
v -0.483791 -0.364000 -0.186766
v -0.483508 -0.305802 -0.186200
v -0.442314 0.055091 -0.055091
v -0.443171 0.111951 -0.054403
v -0.446385 0.170337 -0.054313
v -0.443171 0.054403 -0.111951
v -0.443023 0.111381 -0.111381
v -0.445601 0.169742 -0.111720
v -0.446385 0.054313 -0.170337
v -0.445601 0.111720 -0.169742
v -0.447737 0.170308 -0.170308
v -0.455438 -0.174902 -0.061440
v -0.449981 -0.115665 -0.059764
v -0.445951 -0.057954 -0.057954
v -0.462552 -0.178290 -0.120966
v -0.455773 -0.118335 -0.118335
v -0.449981 -0.059764 -0.115665
v -0.470274 -0.181673 -0.181673
v -0.462552 -0.120966 -0.178290
v -0.455438 -0.061440 -0.174902
v -0.460605 0.294524 -0.056131
v -0.466139 0.355449 -0.057808
v -0.463079 0.408145 -0.059618
v -0.459537 0.293973 -0.115125
v -0.465368 0.355225 -0.117756
v -0.462873 0.408625 -0.120426
v -0.460923 0.294582 -0.174835
v -0.466455 0.355909 -0.178218
v -0.463868 0.409701 -0.181606
v -0.180294 -0.462567 -0.407101
v -0.119360 -0.461895 -0.406669
v -0.058795 -0.462557 -0.407101
v -0.177829 -0.466070 -0.355139
v -0.117440 -0.465078 -0.354645
v -0.057564 -0.465984 -0.355139
v -0.174786 -0.460875 -0.294485
v -0.115086 -0.459501 -0.293900
v -0.056101 -0.460586 -0.294485
v 0.180294 0.462567 -0.407101
v 0.119360 0.461895 -0.406669
v 0.058795 0.462557 -0.407101
v 0.177829 0.466069 -0.355139
v 0.117440 0.465078 -0.354645
v 0.057564 0.465984 -0.355139
v 0.174786 0.460875 -0.294485
v 0.115086 0.459501 -0.293900
v 0.056101 0.460586 -0.294486
v 0.174902 0.455438 0.061440
v 0.115665 0.449981 0.059764
v 0.057954 0.445951 0.057954
v 0.178290 0.462552 0.120966
v 0.118335 0.455773 0.118335
v 0.059764 0.449981 0.115665
v 0.181673 0.470274 0.181673
v 0.120966 0.462552 0.178290
v 0.061440 0.455438 0.174902
v -0.174902 -0.455438 0.061440
v -0.115665 -0.449981 0.059764
v -0.057954 -0.445951 0.057954
v -0.178290 -0.462552 0.120966
v -0.118335 -0.455773 0.118336
v -0.059764 -0.449981 0.115665
v -0.181673 -0.470274 0.181673
v -0.120966 -0.462552 0.178290
v -0.061440 -0.455438 0.174902
v 0.170308 0.447737 -0.170308
v 0.111720 0.445601 -0.169742
v 0.054313 0.446385 -0.170337
v 0.169742 0.445601 -0.111720
v 0.111381 0.443023 -0.111381
v 0.054403 0.443171 -0.111951
v 0.170337 0.446385 -0.054313
v 0.111951 0.443171 -0.054403
v 0.055091 0.442314 -0.055091
v -0.170308 -0.447737 -0.170308
v -0.111720 -0.445601 -0.169742
v -0.054313 -0.446385 -0.170337
v -0.169742 -0.445601 -0.111720
v -0.111381 -0.443023 -0.111381
v -0.054403 -0.443171 -0.111951
v -0.170337 -0.446385 -0.054313
v -0.111951 -0.443171 -0.054403
v -0.055091 -0.442314 -0.055091
v -0.180294 -0.407101 -0.462567
v -0.177829 -0.355139 -0.466069
v -0.174786 -0.294486 -0.460875
v -0.119360 -0.406669 -0.461895
v -0.117440 -0.354645 -0.465078
v -0.115086 -0.293900 -0.459501
v -0.058795 -0.407101 -0.462557
v -0.057564 -0.355139 -0.465984
v -0.056101 -0.294486 -0.460586
v 0.180294 -0.407101 0.462567
v 0.177829 -0.355139 0.466070
v 0.174786 -0.294485 0.460875
v 0.119360 -0.406669 0.461895
v 0.117440 -0.354645 0.465078
v 0.115086 -0.293900 0.459501
v 0.058795 -0.407101 0.462557
v 0.057564 -0.355139 0.465984
v 0.056101 -0.294485 0.460586
v 0.174902 0.061440 0.455438
v 0.178290 0.120966 0.462552
v 0.181673 0.181673 0.470274
v 0.115665 0.059764 0.449981
v 0.118335 0.118336 0.455773
v 0.120966 0.178290 0.462552
v 0.057954 0.057954 0.445951
v 0.059764 0.115665 0.449981
v 0.061440 0.174902 0.455438
v -0.174902 0.061440 -0.455438
v -0.178290 0.120966 -0.462552
v -0.181673 0.181673 -0.470274
v -0.115665 0.059764 -0.449981
v -0.118335 0.118335 -0.455773
v -0.120966 0.178290 -0.462552
v -0.057954 0.057954 -0.445951
v -0.059764 0.115665 -0.449981
v -0.061440 0.174902 -0.455438
v 0.170308 -0.170308 0.447737
v 0.169742 -0.111720 0.445601
v 0.170337 -0.054313 0.446385
v 0.111720 -0.169742 0.445601
v 0.111381 -0.111381 0.443023
v 0.111951 -0.054403 0.443171
v 0.054313 -0.170337 0.446385
v 0.054403 -0.111951 0.443171
v 0.055091 -0.055091 0.442314
v -0.170308 -0.170308 -0.447737
v -0.169742 -0.111720 -0.445601
v -0.170337 -0.054313 -0.446385
v -0.111720 -0.169742 -0.445601
v -0.111381 -0.111381 -0.443023
v -0.111951 -0.054403 -0.443171
v -0.054313 -0.170337 -0.446385
v -0.054403 -0.111951 -0.443171
v -0.055091 -0.055091 -0.442314
v -0.186248 0.305899 -0.483556
v -0.187154 0.364770 -0.484176
v -0.187482 0.415528 -0.475521
v -0.124411 0.302484 -0.476560
v -0.125026 0.361889 -0.478697
v -0.125207 0.413007 -0.471638
v -0.063289 0.299070 -0.469697
v -0.063412 0.359008 -0.473257
v -0.063303 0.410486 -0.467760
v -0.186248 -0.483556 0.305899
v -0.124411 -0.476560 0.302484
v -0.063289 -0.469697 0.299070
v -0.187154 -0.484176 0.364770
v -0.125026 -0.478697 0.361889
v -0.063412 -0.473257 0.359008
v -0.187482 -0.475521 0.415528
v -0.125207 -0.471638 0.413007
v -0.063303 -0.467760 0.410486
v 0.186248 0.305899 0.483556
v 0.187154 0.364770 0.484176
v 0.187482 0.415528 0.475521
v 0.124411 0.302484 0.476560
v 0.125026 0.361889 0.478697
v 0.125207 0.413007 0.471638
v 0.063289 0.299070 0.469697
v 0.063412 0.359008 0.473257
v 0.063303 0.410486 0.467760
v 0.186248 0.483556 0.305899
v 0.124411 0.476560 0.302484
v 0.063289 0.469697 0.299070
v 0.187154 0.484176 0.364770
v 0.125026 0.478697 0.361889
v 0.063412 0.473257 0.359008
v 0.187482 0.475521 0.415528
v 0.125207 0.471638 0.413007
v 0.063303 0.467760 0.410486
v 0.416074 0.478942 0.310248
v 0.367820 0.490823 0.310986
v 0.310424 0.493118 0.310473
v 0.415481 0.476301 0.366758
v 0.368161 0.488199 0.368474
v 0.311296 0.491172 0.368557
v 0.412280 0.466368 0.413058
v 0.367339 0.477118 0.417349
v 0.311499 0.480222 0.418664
v 0.416074 0.310248 0.478942
v 0.415481 0.366758 0.476301
v 0.412280 0.413058 0.466368
v 0.367820 0.310986 0.490823
v 0.368161 0.368474 0.488199
v 0.367339 0.417349 0.477118
v 0.310424 0.310473 0.493118
v 0.311296 0.368557 0.491172
v 0.311499 0.418664 0.480222
v 0.409701 -0.181606 0.463868
v 0.408624 -0.120426 0.462873
v 0.408145 -0.059618 0.463079
v 0.355909 -0.178218 0.466455
v 0.355225 -0.117756 0.465368
v 0.355448 -0.057808 0.466139
v 0.294582 -0.174835 0.460923
v 0.293973 -0.115125 0.459537
v 0.294524 -0.056131 0.460605
v 0.409442 0.062481 0.467238
v 0.411051 0.124141 0.470660
v 0.412928 0.186171 0.474221
v 0.358698 0.063168 0.473103
v 0.361310 0.124710 0.478407
v 0.364000 0.186766 0.483791
v 0.299032 0.063259 0.469678
v 0.302412 0.124371 0.476524
v 0.305802 0.186200 0.483508
v 0.409953 -0.409175 0.460159
v 0.412738 -0.362728 0.467895
v 0.412808 -0.305643 0.468511
v 0.362146 -0.410869 0.467079
v 0.361496 -0.361183 0.474244
v 0.359657 -0.302396 0.473373
v 0.304393 -0.410219 0.467231
v 0.302086 -0.358920 0.473023
v 0.299108 -0.299059 0.470388
v 0.409701 0.463868 -0.181606
v 0.355909 0.466455 -0.178218
v 0.294582 0.460923 -0.174835
v 0.408625 0.462873 -0.120426
v 0.355225 0.465368 -0.117756
v 0.293973 0.459537 -0.115125
v 0.408145 0.463079 -0.059618
v 0.355448 0.466139 -0.057808
v 0.294524 0.460605 -0.056131
v 0.409442 0.467238 0.062481
v 0.358698 0.473103 0.063168
v 0.299032 0.469678 0.063259
v 0.411051 0.470660 0.124141
v 0.361310 0.478407 0.124710
v 0.302412 0.476524 0.124371
v 0.412928 0.474221 0.186171
v 0.364000 0.483791 0.186766
v 0.305802 0.483508 0.186200
v 0.409953 0.460159 -0.409175
v 0.362146 0.467079 -0.410869
v 0.304393 0.467231 -0.410219
v 0.412738 0.467895 -0.362728
v 0.361496 0.474243 -0.361183
v 0.302086 0.473023 -0.358920
v 0.412808 0.468511 -0.305643
v 0.359657 0.473372 -0.302396
v 0.299108 0.470388 -0.299059
v 0.063303 -0.467760 -0.410486
v 0.125207 -0.471638 -0.413007
v 0.187482 -0.475521 -0.415528
v 0.063412 -0.473257 -0.359008
v 0.125026 -0.478697 -0.361889
v 0.187154 -0.484176 -0.364770
v 0.063289 -0.469697 -0.299070
v 0.124411 -0.476560 -0.302484
v 0.186248 -0.483556 -0.305899
v 0.055091 -0.442314 0.055091
v 0.111951 -0.443171 0.054403
v 0.170337 -0.446385 0.054313
v 0.054403 -0.443171 0.111951
v 0.111381 -0.443023 0.111381
v 0.169742 -0.445601 0.111720
v 0.054313 -0.446385 0.170337
v 0.111720 -0.445601 0.169742
v 0.170308 -0.447737 0.170308
v 0.061440 -0.455438 -0.174902
v 0.120966 -0.462552 -0.178290
v 0.181673 -0.470274 -0.181673
v 0.059764 -0.449981 -0.115665
v 0.118335 -0.455773 -0.118335
v 0.178290 -0.462552 -0.120966
v 0.057954 -0.445951 -0.057954
v 0.115665 -0.449981 -0.059764
v 0.174902 -0.455438 -0.061440
v 0.063303 -0.410486 -0.467760
v 0.063412 -0.359008 -0.473257
v 0.063289 -0.299070 -0.469697
v 0.125207 -0.413007 -0.471638
v 0.125026 -0.361889 -0.478697
v 0.124411 -0.302484 -0.476560
v 0.187482 -0.415528 -0.475521
v 0.187154 -0.364770 -0.484176
v 0.186248 -0.305899 -0.483556
v 0.055091 0.055091 -0.442314
v 0.054403 0.111951 -0.443171
v 0.054313 0.170337 -0.446385
v 0.111951 0.054403 -0.443171
v 0.111381 0.111381 -0.443023
v 0.111720 0.169742 -0.445601
v 0.170337 0.054313 -0.446385
v 0.169742 0.111720 -0.445601
v 0.170308 0.170308 -0.447737
v 0.061440 -0.174902 -0.455438
v 0.059764 -0.115665 -0.449981
v 0.057954 -0.057954 -0.445951
v 0.120966 -0.178290 -0.462552
v 0.118335 -0.118336 -0.455773
v 0.115665 -0.059764 -0.449981
v 0.181673 -0.181673 -0.470274
v 0.178290 -0.120966 -0.462552
v 0.174902 -0.061440 -0.455438
v 0.056101 0.294485 -0.460586
v 0.057564 0.355139 -0.465984
v 0.058795 0.407101 -0.462557
v 0.115086 0.293900 -0.459501
v 0.117440 0.354645 -0.465078
v 0.119360 0.406669 -0.461895
v 0.174786 0.294485 -0.460875
v 0.177829 0.355139 -0.466070
v 0.180294 0.407101 -0.462567
v 0.056101 -0.460586 0.294486
v 0.115086 -0.459501 0.293900
v 0.174786 -0.460875 0.294486
v 0.057564 -0.465984 0.355139
v 0.117440 -0.465078 0.354645
v 0.177829 -0.466069 0.355139
v 0.058795 -0.462557 0.407101
v 0.119360 -0.461895 0.406669
v 0.180294 -0.462567 0.407101
v -0.416074 -0.478942 0.310248
v -0.367820 -0.490823 0.310986
v -0.310424 -0.493118 0.310473
v -0.415481 -0.476301 0.366758
v -0.368161 -0.488199 0.368474
v -0.311296 -0.491172 0.368557
v -0.412280 -0.466368 0.413058
v -0.367339 -0.477118 0.417349
v -0.311499 -0.480222 0.418664
v -0.416074 0.310248 -0.478942
v -0.415481 0.366758 -0.476301
v -0.412280 0.413058 -0.466368
v -0.367820 0.310986 -0.490823
v -0.368161 0.368474 -0.488199
v -0.367339 0.417349 -0.477118
v -0.310424 0.310473 -0.493118
v -0.311296 0.368557 -0.491172
v -0.311499 0.418664 -0.480222
v -0.409701 -0.181606 -0.463868
v -0.408624 -0.120426 -0.462873
v -0.408145 -0.059618 -0.463079
v -0.355909 -0.178218 -0.466455
v -0.355225 -0.117756 -0.465368
v -0.355448 -0.057808 -0.466139
v -0.294582 -0.174835 -0.460923
v -0.293973 -0.115125 -0.459537
v -0.294524 -0.056131 -0.460605
v -0.409442 0.062481 -0.467238
v -0.411051 0.124141 -0.470660
v -0.412928 0.186171 -0.474221
v -0.358698 0.063168 -0.473103
v -0.361310 0.124710 -0.478407
v -0.364000 0.186766 -0.483791
v -0.299032 0.063259 -0.469678
v -0.302412 0.124371 -0.476524
v -0.305802 0.186200 -0.483508
v -0.409953 -0.409175 -0.460159
v -0.412738 -0.362728 -0.467895
v -0.412808 -0.305643 -0.468511
v -0.362146 -0.410869 -0.467079
v -0.361496 -0.361183 -0.474243
v -0.359657 -0.302396 -0.473372
v -0.304393 -0.410219 -0.467231
v -0.302086 -0.358920 -0.473023
v -0.299108 -0.299059 -0.470388
v -0.409701 -0.463868 -0.181606
v -0.355909 -0.466455 -0.178218
v -0.294582 -0.460923 -0.174835
v -0.408625 -0.462873 -0.120426
v -0.355225 -0.465368 -0.117756
v -0.293973 -0.459537 -0.115125
v -0.408145 -0.463079 -0.059618
v -0.355448 -0.466139 -0.057808
v -0.294524 -0.460606 -0.056131
v -0.409442 -0.467238 0.062481
v -0.358698 -0.473103 0.063168
v -0.299032 -0.469678 0.063259
v -0.411051 -0.470660 0.124141
v -0.361310 -0.478407 0.124710
v -0.302412 -0.476524 0.124371
v -0.412928 -0.474221 0.186171
v -0.364000 -0.483791 0.186766
v -0.305802 -0.483508 0.186200
v -0.409953 -0.460159 -0.409175
v -0.362146 -0.467079 -0.410869
v -0.304393 -0.467231 -0.410219
v -0.412738 -0.467895 -0.362728
v -0.361496 -0.474244 -0.361183
v -0.302086 -0.473023 -0.358920
v -0.412808 -0.468511 -0.305643
v -0.359657 -0.473373 -0.302396
v -0.299108 -0.470388 -0.299059
v -0.063303 0.467760 -0.410486
v -0.125207 0.471638 -0.413007
v -0.187482 0.475521 -0.415528
v -0.063412 0.473257 -0.359008
v -0.125026 0.478697 -0.361889
v -0.187154 0.484176 -0.364770
v -0.063289 0.469697 -0.299070
v -0.124411 0.476560 -0.302484
v -0.186248 0.483556 -0.305899
v -0.055091 0.442314 0.055091
v -0.111951 0.443171 0.054403
v -0.170337 0.446385 0.054313
v -0.054403 0.443171 0.111951
v -0.111381 0.443023 0.111381
v -0.169742 0.445601 0.111720
v -0.054313 0.446385 0.170337
v -0.111720 0.445601 0.169742
v -0.170308 0.447737 0.170308
v -0.061440 0.455438 -0.174902
v -0.120966 0.462552 -0.178290
v -0.181673 0.470274 -0.181673
v -0.059764 0.449981 -0.115665
v -0.118335 0.455773 -0.118336
v -0.178290 0.462552 -0.120966
v -0.057954 0.445951 -0.057954
v -0.115665 0.449981 -0.059764
v -0.174902 0.455438 -0.061440
v -0.063303 -0.410486 0.467760
v -0.063412 -0.359008 0.473258
v -0.063289 -0.299070 0.469697
v -0.125207 -0.413007 0.471638
v -0.125026 -0.361889 0.478697
v -0.124411 -0.302484 0.476560
v -0.187482 -0.415528 0.475521
v -0.187154 -0.364770 0.484176
v -0.186248 -0.305899 0.483556
v -0.055091 0.055091 0.442314
v -0.054403 0.111951 0.443171
v -0.054313 0.170337 0.446385
v -0.111951 0.054403 0.443171
v -0.111381 0.111381 0.443023
v -0.111720 0.169742 0.445601
v -0.170337 0.054313 0.446385
v -0.169742 0.111720 0.445601
v -0.170308 0.170308 0.447737
v -0.061440 -0.174902 0.455438
v -0.059764 -0.115665 0.449981
v -0.057954 -0.057954 0.445951
v -0.120966 -0.178290 0.462552
v -0.118335 -0.118335 0.455773
v -0.115665 -0.059764 0.449981
v -0.181673 -0.181673 0.470274
v -0.178290 -0.120966 0.462552
v -0.174902 -0.061440 0.455438
v -0.056101 0.294486 0.460586
v -0.057564 0.355139 0.465984
v -0.058795 0.407101 0.462557
v -0.115086 0.293900 0.459501
v -0.117440 0.354645 0.465078
v -0.119360 0.406669 0.461895
v -0.174786 0.294485 0.460875
v -0.177829 0.355139 0.466069
v -0.180294 0.407101 0.462567
v -0.056101 0.460586 0.294485
v -0.115086 0.459501 0.293900
v -0.174786 0.460875 0.294485
v -0.057564 0.465984 0.355139
v -0.117440 0.465078 0.354645
v -0.177829 0.466070 0.355139
v -0.058795 0.462557 0.407101
v -0.119360 0.461895 0.406669
v -0.180294 0.462567 0.407101
vn 0.0652 0.9959 -0.0622
vn -0.0241 0.9989 -0.0401
vn -0.0486 0.9968 0.0629
vn 0.0444 0.9983 0.0370
vn -0.2527 0.9674 -0.0189
vn -0.2753 0.9571 0.0904
vn -0.0689 0.9460 0.3168
vn 0.0279 0.9546 0.2967
vn -0.2781 0.9045 0.3232
vn 0.0945 0.9911 -0.0939
vn 0.0773 0.9934 -0.0844
vn 0.0852 0.9936 -0.0747
vn -0.0071 0.9979 -0.0646
vn -0.2314 0.9717 -0.0477
vn -0.3929 0.9188 -0.0390
vn -0.4041 0.9147 -0.0072
vn -0.4229 0.9002 0.1036
vn -0.4172 0.8535 0.3122
vn -0.3937 0.7970 0.4580
vn -0.2627 0.8388 0.4768
vn -0.0754 0.8730 0.4818
vn 0.0204 0.8834 0.4681
vn 0.0522 0.9588 0.2792
vn 0.0455 0.8867 0.4601
vn 0.0662 0.9976 0.0198
vn 0.0652 -0.0622 0.9959
vn 0.0444 0.0370 0.9983
vn -0.0486 0.0629 0.9968
vn -0.0241 -0.0401 0.9989
vn 0.0279 0.2967 0.9546
vn -0.0689 0.3168 0.9460
vn -0.2753 0.0904 0.9571
vn -0.2527 -0.0189 0.9674
vn -0.2781 0.3232 0.9045
vn 0.0945 -0.0939 0.9911
vn 0.0852 -0.0747 0.9936
vn 0.0773 -0.0844 0.9934
vn 0.0662 0.0198 0.9976
vn 0.0522 0.2792 0.9588
vn 0.0455 0.4601 0.8867
vn 0.0204 0.4681 0.8834
vn -0.0754 0.4818 0.8730
vn -0.2627 0.4768 0.8388
vn -0.3937 0.4580 0.7970
vn -0.4172 0.3122 0.8535
vn -0.4229 0.1036 0.9002
vn -0.4041 -0.0072 0.9147
vn -0.2314 -0.0477 0.9717
vn -0.3929 -0.0390 0.9188
vn -0.0071 -0.0646 0.9979
vn -0.9958 -0.0649 0.0649
vn -0.9988 0.0246 0.0427
vn -0.9974 0.0511 -0.0511
vn -0.9988 -0.0427 -0.0246
vn -0.9672 0.2531 0.0215
vn -0.9574 0.2778 -0.0791
vn -0.9574 0.0791 -0.2778
vn -0.9672 -0.0215 -0.2531
vn -0.9125 0.2893 -0.2893
vn -0.9910 -0.0945 0.0945
vn -0.9934 -0.0772 0.0849
vn -0.9934 -0.0849 0.0772
vn -0.9978 0.0072 0.0652
vn -0.9717 0.2315 0.0482
vn -0.9187 0.3930 0.0395
vn -0.9145 0.4046 0.0098
vn -0.9003 0.4253 -0.0927
vn -0.8589 0.4276 -0.2818
vn -0.8116 0.4131 -0.4131
vn -0.8589 0.2818 -0.4276
vn -0.9003 0.0927 -0.4253
vn -0.9145 -0.0098 -0.4046
vn -0.9717 -0.0482 -0.2315
vn -0.9187 -0.0395 -0.3930
vn -0.9978 -0.0652 -0.0072
vn -0.0652 -0.9959 -0.0622
vn 0.0241 -0.9989 -0.0401
vn 0.0486 -0.9968 0.0629
vn -0.0444 -0.9983 0.0370
vn 0.2527 -0.9674 -0.0189
vn 0.2753 -0.9571 0.0904
vn 0.0689 -0.9460 0.3168
vn -0.0279 -0.9546 0.2967
vn 0.2781 -0.9045 0.3232
vn -0.0945 -0.9911 -0.0939
vn -0.0773 -0.9934 -0.0844
vn -0.0852 -0.9936 -0.0747
vn 0.0071 -0.9979 -0.0646
vn 0.2314 -0.9717 -0.0477
vn 0.3929 -0.9188 -0.0390
vn 0.4041 -0.9147 -0.0072
vn 0.4229 -0.9002 0.1036
vn 0.4172 -0.8535 0.3122
vn 0.3937 -0.7970 0.4580
vn 0.2627 -0.8388 0.4768
vn 0.0754 -0.8730 0.4818
vn -0.0204 -0.8834 0.4681
vn -0.0522 -0.9588 0.2792
vn -0.0455 -0.8867 0.4601
vn -0.0662 -0.9976 0.0198
vn 0.9958 -0.0649 -0.0649
vn 0.9988 0.0246 -0.0427
vn 0.9974 0.0511 0.0511
vn 0.9988 -0.0427 0.0246
vn 0.9672 0.2531 -0.0215
vn 0.9574 0.2778 0.0791
vn 0.9574 0.0791 0.2778
vn 0.9672 -0.0215 0.2531
vn 0.9125 0.2893 0.2893
vn 0.9910 -0.0945 -0.0945
vn 0.9934 -0.0772 -0.0849
vn 0.9934 -0.0849 -0.0772
vn 0.9978 0.0072 -0.0652
vn 0.9717 0.2315 -0.0482
vn 0.9187 0.3930 -0.0395
vn 0.9145 0.4046 -0.0098
vn 0.9003 0.4253 0.0927
vn 0.8589 0.4276 0.2818
vn 0.8116 0.4131 0.4131
vn 0.8589 0.2818 0.4276
vn 0.9003 0.0927 0.4253
vn 0.9145 -0.0098 0.4046
vn 0.9717 -0.0482 0.2315
vn 0.9187 -0.0395 0.3930
vn 0.9978 -0.0652 0.0072
vn -0.0652 -0.0622 -0.9959
vn -0.0444 0.0370 -0.9983
vn 0.0486 0.0629 -0.9968
vn 0.0241 -0.0401 -0.9989
vn -0.0279 0.2967 -0.9546
vn 0.0689 0.3168 -0.9460
vn 0.2753 0.0904 -0.9571
vn 0.2527 -0.0189 -0.9674
vn 0.2781 0.3232 -0.9045
vn -0.0945 -0.0939 -0.9911
vn -0.0852 -0.0747 -0.9936
vn -0.0773 -0.0844 -0.9934
vn -0.0662 0.0198 -0.9976
vn -0.0522 0.2792 -0.9588
vn -0.0455 0.4601 -0.8867
vn -0.0204 0.4681 -0.8834
vn 0.0754 0.4818 -0.8730
vn 0.2627 0.4768 -0.8388
vn 0.3937 0.4580 -0.7970
vn 0.4172 0.3122 -0.8535
vn 0.4229 0.1036 -0.9002
vn 0.4041 -0.0072 -0.9147
vn 0.2314 -0.0477 -0.9717
vn 0.3929 -0.0390 -0.9188
vn 0.0071 -0.0646 -0.9979
vn -0.0463 0.0995 -0.9940
vn -0.0668 0.1049 -0.9922
vn 0.0610 0.0870 -0.9943
vn 0.0928 0.0822 -0.9923
vn -0.0854 0.0945 -0.9919
vn 0.0293 0.0778 -0.9965
vn 0.3493 0.0633 -0.9349
vn 0.3838 0.0626 -0.9213
vn 0.3099 0.0535 -0.9493
vn -0.0968 0.0970 -0.9906
vn -0.1002 0.1112 -0.9887
vn -0.0342 0.0926 -0.9951
vn -0.1074 0.1146 -0.9876
vn -0.1115 0.1026 -0.9884
vn -0.1125 0.0927 -0.9893
vn -0.0946 0.0854 -0.9918
vn 0.0135 0.0697 -0.9975
vn 0.2924 0.0456 -0.9552
vn 0.4718 0.0302 -0.8812
vn 0.4921 0.0374 -0.8697
vn 0.5312 0.0480 -0.8459
vn 0.5625 0.0506 -0.8253
vn 0.3962 0.0598 -0.9162
vn 0.5756 0.0499 -0.8162
vn 0.1094 0.0762 -0.9911
vn 0.9940 0.0995 -0.0463
vn 0.9922 0.1049 -0.0668
vn 0.9943 0.0870 0.0610
vn 0.9923 0.0822 0.0928
vn 0.9919 0.0945 -0.0854
vn 0.9965 0.0778 0.0293
vn 0.9349 0.0633 0.3493
vn 0.9213 0.0626 0.3838
vn 0.9493 0.0535 0.3099
vn 0.9906 0.0968 -0.0968
vn 0.9887 0.1112 -0.1002
vn 0.9951 0.0926 -0.0342
vn 0.9876 0.1146 -0.1074
vn 0.9884 0.1026 -0.1115
vn 0.9893 0.0927 -0.1125
vn 0.9918 0.0854 -0.0946
vn 0.9975 0.0697 0.0135
vn 0.9552 0.0456 0.2924
vn 0.8812 0.0302 0.4718
vn 0.8697 0.0374 0.4921
vn 0.8459 0.0480 0.5312
vn 0.8253 0.0506 0.5625
vn 0.9162 0.0598 0.3962
vn 0.8162 0.0499 0.5756
vn 0.9911 0.0762 0.1094
vn -0.9940 0.0995 0.0463
vn -0.9922 0.1049 0.0668
vn -0.9943 0.0870 -0.0610
vn -0.9923 0.0822 -0.0928
vn -0.9919 0.0945 0.0854
vn -0.9965 0.0778 -0.0293
vn -0.9349 0.0633 -0.3493
vn -0.9213 0.0626 -0.3838
vn -0.9493 0.0535 -0.3099
vn -0.9906 0.0968 0.0968
vn -0.9887 0.1112 0.1002
vn -0.9951 0.0926 0.0342
vn -0.9876 0.1146 0.1074
vn -0.9884 0.1026 0.1115
vn -0.9893 0.0927 0.1125
vn -0.9918 0.0854 0.0946
vn -0.9975 0.0697 -0.0135
vn -0.9552 0.0456 -0.2924
vn -0.8812 0.0302 -0.4718
vn -0.8697 0.0374 -0.4921
vn -0.8459 0.0480 -0.5312
vn -0.8253 0.0506 -0.5625
vn -0.9162 0.0598 -0.3962
vn -0.8162 0.0499 -0.5756
vn -0.9911 0.0762 -0.1094
vn 0.0463 0.0995 0.9940
vn 0.0668 0.1049 0.9922
vn -0.0610 0.0870 0.9943
vn -0.0928 0.0822 0.9923
vn 0.0854 0.0945 0.9919
vn -0.0293 0.0778 0.9965
vn -0.3493 0.0633 0.9349
vn -0.3838 0.0626 0.9213
vn -0.3099 0.0535 0.9493
vn 0.0968 0.0970 0.9906
vn 0.1002 0.1112 0.9887
vn 0.0342 0.0926 0.9951
vn 0.1074 0.1146 0.9876
vn 0.1115 0.1026 0.9884
vn 0.1125 0.0927 0.9893
vn 0.0946 0.0854 0.9918
vn -0.0135 0.0697 0.9975
vn -0.2924 0.0456 0.9552
vn -0.4718 0.0302 0.8812
vn -0.4921 0.0374 0.8697
vn -0.5312 0.0480 0.8459
vn -0.5625 0.0506 0.8253
vn -0.3962 0.0598 0.9162
vn -0.5756 0.0499 0.8162
vn -0.1094 0.0762 0.9911
vn -0.1087 0.0344 -0.9935
vn -0.1097 -0.0032 -0.9940
vn -0.0214 -0.0037 -0.9998
vn -0.0148 0.0266 -0.9995
vn -0.1022 -0.0412 -0.9939
vn -0.0163 -0.0334 -0.9993
vn 0.2247 -0.0118 -0.9744
vn 0.2426 0.0106 -0.9701
vn 0.2207 -0.0321 -0.9748
vn -0.1269 0.0570 -0.9903
vn -0.1280 0.0369 -0.9911
vn -0.1056 0.0528 -0.9930
vn -0.1269 -0.0036 -0.9919
vn -0.1191 -0.0450 -0.9919
vn -0.1130 -0.0668 -0.9914
vn -0.0951 -0.0597 -0.9937
vn -0.0065 -0.0476 -0.9988
vn 0.2311 -0.0414 -0.9720
vn 0.3802 -0.0394 -0.9241
vn 0.3816 -0.0333 -0.9237
vn 0.3920 -0.0186 -0.9198
vn 0.4165 -0.0007 -0.9091
vn 0.2518 0.0226 -0.9675
vn 0.4325 0.0094 -0.9016
vn -0.0081 0.0418 -0.9991
vn 0.9935 0.0344 -0.1087
vn 0.9940 -0.0032 -0.1097
vn 0.9998 -0.0037 -0.0214
vn 0.9995 0.0266 -0.0148
vn 0.9939 -0.0412 -0.1022
vn 0.9993 -0.0334 -0.0163
vn 0.9744 -0.0118 0.2247
vn 0.9701 0.0106 0.2426
vn 0.9748 -0.0321 0.2207
vn 0.9903 0.0570 -0.1269
vn 0.9911 0.0369 -0.1280
vn 0.9930 0.0528 -0.1056
vn 0.9919 -0.0036 -0.1269
vn 0.9919 -0.0450 -0.1191
vn 0.9914 -0.0668 -0.1130
vn 0.9937 -0.0597 -0.0951
vn 0.9988 -0.0476 -0.0065
vn 0.9720 -0.0414 0.2311
vn 0.9241 -0.0394 0.3802
vn 0.9237 -0.0333 0.3816
vn 0.9198 -0.0186 0.3920
vn 0.9091 -0.0007 0.4165
vn 0.9675 0.0226 0.2518
vn 0.9016 0.0094 0.4325
vn 0.9991 0.0418 -0.0081
vn -0.9935 0.0344 0.1087
vn -0.9940 -0.0032 0.1097
vn -0.9998 -0.0037 0.0214
vn -0.9995 0.0266 0.0148
vn -0.9939 -0.0412 0.1022
vn -0.9993 -0.0334 0.0163
vn -0.9744 -0.0118 -0.2247
vn -0.9701 0.0106 -0.2426
vn -0.9748 -0.0321 -0.2207
vn -0.9903 0.0570 0.1269
vn -0.9911 0.0369 0.1280
vn -0.9930 0.0528 0.1056
vn -0.9919 -0.0036 0.1269
vn -0.9919 -0.0450 0.1191
vn -0.9914 -0.0668 0.1130
vn -0.9937 -0.0597 0.0951
vn -0.9988 -0.0476 0.0065
vn -0.9720 -0.0414 -0.2311
vn -0.9241 -0.0394 -0.3802
vn -0.9237 -0.0333 -0.3816
vn -0.9198 -0.0186 -0.3920
vn -0.9091 -0.0007 -0.4165
vn -0.9675 0.0226 -0.2518
vn -0.9016 0.0094 -0.4325
vn -0.9991 0.0418 0.0081
vn 0.1087 0.0344 0.9935
vn 0.1097 -0.0032 0.9940
vn 0.0214 -0.0037 0.9998
vn 0.0148 0.0266 0.9995
vn 0.1022 -0.0412 0.9939
vn 0.0163 -0.0334 0.9993
vn -0.2247 -0.0118 0.9744
vn -0.2426 0.0106 0.9701
vn -0.2207 -0.0321 0.9748
vn 0.1269 0.0570 0.9903
vn 0.1280 0.0369 0.9911
vn 0.1056 0.0528 0.9930
vn 0.1269 -0.0036 0.9919
vn 0.1191 -0.0450 0.9919
vn 0.1130 -0.0668 0.9914
vn 0.0951 -0.0597 0.9937
vn 0.0065 -0.0476 0.9988
vn -0.2311 -0.0414 0.9720
vn -0.3802 -0.0394 0.9241
vn -0.3816 -0.0333 0.9237
vn -0.3920 -0.0186 0.9198
vn -0.4165 -0.0007 0.9091
vn -0.2518 0.0226 0.9675
vn -0.4325 0.0094 0.9016
vn 0.0081 0.0418 0.9991
vn -0.0143 -0.3723 0.9280
vn -0.0047 -0.1223 0.9925
vn -0.1485 -0.1315 0.9801
vn -0.1530 -0.3750 0.9143
vn 0.0088 0.0125 0.9999
vn -0.1382 0.0003 0.9904
vn -0.4193 -0.1286 0.8987
vn -0.3978 -0.3495 0.8483
vn -0.4196 -0.0043 0.9077
vn 0.0257 -0.5191 0.8543
vn 0.0307 -0.3659 0.9302
vn -0.0177 -0.5223 0.8526
vn 0.0419 -0.1131 0.9927
vn 0.0567 0.0219 0.9982
vn 0.0643 0.0650 0.9958
vn 0.0184 0.0576 0.9982
vn -0.1298 0.0437 0.9906
vn -0.4190 0.0356 0.9073
vn -0.5871 0.0326 0.8089
vn -0.5872 -0.0029 0.8094
vn -0.5811 -0.1189 0.8051
vn -0.5500 -0.3167 0.7728
vn -0.3706 -0.4885 0.7899
vn -0.5146 -0.4472 0.7315
vn -0.1508 -0.5212 0.8400
vn -0.9078 -0.4193 -0.0073
vn -0.9905 -0.1378 -0.0029
vn -0.9785 -0.1458 -0.1458
vn -0.8979 -0.4168 -0.1414
vn -0.9999 0.0091 0.0091
vn -0.9905 -0.0029 -0.1378
vn -0.8979 -0.1414 -0.4168
vn -0.8382 -0.3856 -0.3856
vn -0.9078 -0.0073 -0.4193
vn -0.8089 -0.5871 0.0320
vn -0.9073 -0.4190 0.0350
vn -0.8096 -0.5870 -0.0057
vn -0.9906 -0.1297 0.0431
vn -0.9982 0.0185 0.0569
vn -0.9958 0.0644 0.0644
vn -0.9982 0.0569 0.0185
vn -0.9906 0.0431 -0.1297
vn -0.9073 0.0350 -0.4190
vn -0.8089 0.0320 -0.5871
vn -0.8095 -0.0057 -0.5870
vn -0.8047 -0.1306 -0.5791
vn -0.7663 -0.3492 -0.5393
vn -0.7663 -0.5393 -0.3492
vn -0.7160 -0.4936 -0.4936
vn -0.8047 -0.5791 -0.1306
vn 0.9078 -0.4193 0.0073
vn 0.9905 -0.1378 0.0029
vn 0.9785 -0.1458 0.1458
vn 0.8979 -0.4168 0.1414
vn 0.9999 0.0091 -0.0091
vn 0.9905 -0.0029 0.1378
vn 0.8979 -0.1414 0.4168
vn 0.8382 -0.3856 0.3856
vn 0.9078 -0.0073 0.4193
vn 0.8089 -0.5871 -0.0320
vn 0.9073 -0.4190 -0.0350
vn 0.8096 -0.5870 0.0057
vn 0.9906 -0.1297 -0.0431
vn 0.9982 0.0185 -0.0569
vn 0.9958 0.0644 -0.0644
vn 0.9982 0.0569 -0.0185
vn 0.9906 0.0431 0.1297
vn 0.9073 0.0350 0.4190
vn 0.8089 0.0320 0.5871
vn 0.8095 -0.0057 0.5870
vn 0.8047 -0.1306 0.5791
vn 0.7663 -0.3492 0.5393
vn 0.7663 -0.5393 0.3492
vn 0.7160 -0.4936 0.4936
vn 0.8047 -0.5791 0.1306
vn 0.0143 -0.3723 -0.9280
vn 0.0047 -0.1223 -0.9925
vn 0.1485 -0.1315 -0.9801
vn 0.1530 -0.3750 -0.9143
vn -0.0088 0.0125 -0.9999
vn 0.1382 0.0003 -0.9904
vn 0.4193 -0.1286 -0.8987
vn 0.3978 -0.3495 -0.8483
vn 0.4196 -0.0043 -0.9077
vn -0.0257 -0.5191 -0.8543
vn -0.0307 -0.3659 -0.9302
vn 0.0177 -0.5223 -0.8526
vn -0.0419 -0.1131 -0.9927
vn -0.0567 0.0219 -0.9982
vn -0.0643 0.0650 -0.9958
vn -0.0184 0.0576 -0.9982
vn 0.1298 0.0437 -0.9906
vn 0.4190 0.0356 -0.9073
vn 0.5871 0.0326 -0.8089
vn 0.5872 -0.0029 -0.8094
vn 0.5811 -0.1189 -0.8051
vn 0.5500 -0.3167 -0.7728
vn 0.3706 -0.4885 -0.7899
vn 0.5146 -0.4472 -0.7315
vn 0.1508 -0.5212 -0.8400
vn 0.9748 -0.2207 0.0321
vn 0.9993 0.0163 0.0334
vn 0.9998 0.0214 0.0037
vn 0.9744 -0.2247 0.0118
vn 0.9939 0.1022 0.0412
vn 0.9940 0.1097 0.0032
vn 0.9995 0.0148 -0.0266
vn 0.9701 -0.2426 -0.0106
vn 0.9935 0.1087 -0.0344
vn 0.9241 -0.3802 0.0394
vn 0.9720 -0.2311 0.0414
vn 0.9237 -0.3816 0.0333
vn 0.9988 0.0065 0.0476
vn 0.9937 0.0951 0.0597
vn 0.9914 0.1129 0.0668
vn 0.9919 0.1191 0.0450
vn 0.9919 0.1269 0.0036
vn 0.9911 0.1280 -0.0369
vn 0.9903 0.1269 -0.0570
vn 0.9930 0.1056 -0.0528
vn 0.9991 0.0081 -0.0418
vn 0.9675 -0.2518 -0.0226
vn 0.9091 -0.4165 0.0007
vn 0.9016 -0.4325 -0.0094
vn 0.9198 -0.3920 0.0186
vn -0.9748 -0.2207 -0.0321
vn -0.9993 0.0163 -0.0334
vn -0.9998 0.0214 -0.0037
vn -0.9744 -0.2247 -0.0118
vn -0.9939 0.1022 -0.0412
vn -0.9940 0.1097 -0.0032
vn -0.9995 0.0148 0.0266
vn -0.9701 -0.2426 0.0106
vn -0.9935 0.1087 0.0344
vn -0.9241 -0.3802 -0.0394
vn -0.9720 -0.2311 -0.0414
vn -0.9237 -0.3816 -0.0333
vn -0.9988 0.0065 -0.0476
vn -0.9937 0.0951 -0.0597
vn -0.9914 0.1130 -0.0668
vn -0.9919 0.1191 -0.0450
vn -0.9919 0.1269 -0.0036
vn -0.9911 0.1280 0.0369
vn -0.9903 0.1269 0.0570
vn -0.9930 0.1056 0.0528
vn -0.9991 0.0081 0.0418
vn -0.9675 -0.2518 0.0226
vn -0.9091 -0.4165 -0.0007
vn -0.9016 -0.4325 0.0094
vn -0.9198 -0.3920 -0.0186
vn -0.9902 -0.0984 -0.0987
vn -0.9877 -0.1126 -0.1090
vn -0.9902 -0.0988 -0.0988
vn -0.9936 -0.0812 -0.0779
vn -0.9869 -0.1143 -0.1143
vn -0.9877 -0.1090 -0.1126
vn -0.9936 -0.0779 -0.0812
vn -0.9969 -0.0552 -0.0552
vn -0.9902 -0.0987 -0.0984
vn -0.9893 -0.0927 -0.1125
vn -0.9884 -0.1026 -0.1115
vn -0.9919 -0.0878 -0.0921
vn -0.9876 -0.1146 -0.1074
vn -0.9887 -0.1112 -0.1002
vn -0.9906 -0.0968 -0.0968
vn -0.9887 -0.1002 -0.1112
vn -0.9876 -0.1074 -0.1146
vn -0.9884 -0.1115 -0.1026
vn -0.9893 -0.1125 -0.0927
vn -0.9919 -0.0921 -0.0878
vn -0.9954 -0.0658 -0.0701
vn -0.9983 -0.0403 -0.0430
vn -0.9983 -0.0430 -0.0403
vn -0.9992 -0.0282 -0.0282
vn -0.9954 -0.0701 -0.0658
vn 0.9902 -0.0984 0.0987
vn 0.9877 -0.1126 0.1090
vn 0.9902 -0.0988 0.0988
vn 0.9936 -0.0812 0.0779
vn 0.9869 -0.1143 0.1143
vn 0.9877 -0.1090 0.1126
vn 0.9936 -0.0779 0.0812
vn 0.9969 -0.0552 0.0552
vn 0.9902 -0.0987 0.0984
vn 0.9893 -0.0927 0.1125
vn 0.9884 -0.1026 0.1115
vn 0.9919 -0.0878 0.0921
vn 0.9876 -0.1146 0.1074
vn 0.9887 -0.1112 0.1002
vn 0.9906 -0.0968 0.0968
vn 0.9887 -0.1002 0.1112
vn 0.9876 -0.1074 0.1146
vn 0.9884 -0.1115 0.1026
vn 0.9893 -0.1125 0.0927
vn 0.9919 -0.0921 0.0878
vn 0.9954 -0.0658 0.0701
vn 0.9983 -0.0403 0.0430
vn 0.9983 -0.0430 0.0403
vn 0.9992 -0.0282 0.0282
vn 0.9954 -0.0701 0.0658
vn -0.9964 0.0603 -0.0603
vn -0.9976 0.0123 -0.0687
vn -0.9995 0.0220 -0.0220
vn -0.9976 0.0687 -0.0123
vn -0.9965 -0.0327 -0.0772
vn -0.9991 -0.0203 -0.0363
vn -0.9991 0.0363 0.0203
vn -0.9965 0.0772 0.0327
vn -1.0000 -0.0001 0.0001
vn -0.9936 0.0800 -0.0800
vn -0.9948 0.0569 -0.0847
vn -0.9948 0.0847 -0.0569
vn -0.9956 0.0088 -0.0929
vn -0.9944 -0.0370 -0.0986
vn -0.9932 -0.0584 -0.1010
vn -0.9951 -0.0541 -0.0823
vn -0.9982 -0.0402 -0.0452
vn -0.9998 -0.0172 -0.0122
vn -1.0000 -0.0033 0.0033
vn -0.9998 0.0122 0.0172
vn -0.9982 0.0452 0.0402
vn -0.9951 0.0823 0.0541
vn -0.9944 0.0986 0.0370
vn -0.9932 0.1010 0.0584
vn -0.9956 0.0929 -0.0088
vn 0.9964 0.0603 0.0603
vn 0.9976 0.0123 0.0687
vn 0.9995 0.0220 0.0220
vn 0.9976 0.0687 0.0123
vn 0.9965 -0.0327 0.0772
vn 0.9991 -0.0203 0.0363
vn 0.9991 0.0363 -0.0203
vn 0.9965 0.0772 -0.0327
vn 1.0000 -0.0001 -0.0001
vn 0.9936 0.0800 0.0800
vn 0.9948 0.0569 0.0847
vn 0.9948 0.0847 0.0569
vn 0.9956 0.0088 0.0929
vn 0.9944 -0.0370 0.0986
vn 0.9932 -0.0584 0.1010
vn 0.9951 -0.0541 0.0823
vn 0.9982 -0.0402 0.0452
vn 0.9998 -0.0172 0.0122
vn 1.0000 -0.0033 -0.0033
vn 0.9998 0.0122 -0.0172
vn 0.9982 0.0452 -0.0402
vn 0.9951 0.0823 -0.0541
vn 0.9944 0.0986 -0.0370
vn 0.9932 0.1010 -0.0584
vn 0.9956 0.0929 0.0088
vn 0.9940 -0.0463 0.0995
vn 0.9923 0.0928 0.0822
vn 0.9943 0.0610 0.0870
vn 0.9922 -0.0668 0.1049
vn 0.9213 0.3838 0.0626
vn 0.9349 0.3493 0.0633
vn 0.9965 0.0293 0.0778
vn 0.9919 -0.0854 0.0945
vn 0.9493 0.3099 0.0535
vn 0.9951 -0.0342 0.0926
vn 0.9911 0.1094 0.0762
vn 0.9162 0.3962 0.0598
vn 0.8162 0.5756 0.0499
vn 0.8253 0.5625 0.0506
vn 0.8459 0.5312 0.0480
vn 0.8697 0.4921 0.0374
vn 0.8812 0.4718 0.0302
vn 0.9552 0.2924 0.0456
vn 0.9975 0.0135 0.0697
vn 0.9918 -0.0946 0.0854
vn -0.0463 -0.9940 0.0995
vn 0.0928 -0.9923 0.0822
vn 0.0610 -0.9943 0.0870
vn -0.0668 -0.9922 0.1049
vn 0.3838 -0.9213 0.0626
vn 0.3493 -0.9349 0.0633
vn 0.0293 -0.9965 0.0778
vn -0.0854 -0.9919 0.0945
vn 0.3099 -0.9493 0.0535
vn -0.0968 -0.9906 0.0970
vn -0.0342 -0.9951 0.0926
vn -0.1002 -0.9887 0.1112
vn 0.1094 -0.9911 0.0762
vn 0.3962 -0.9162 0.0598
vn 0.5756 -0.8162 0.0499
vn 0.5625 -0.8253 0.0506
vn 0.5312 -0.8459 0.0480
vn 0.4921 -0.8697 0.0374
vn 0.4718 -0.8812 0.0302
vn 0.2924 -0.9552 0.0456
vn 0.0135 -0.9975 0.0697
vn -0.0946 -0.9918 0.0854
vn -0.1115 -0.9884 0.1026
vn -0.1125 -0.9893 0.0927
vn -0.1074 -0.9876 0.1146
vn -0.9940 -0.0463 -0.0995
vn -0.9923 0.0928 -0.0822
vn -0.9943 0.0610 -0.0870
vn -0.9922 -0.0668 -0.1049
vn -0.9213 0.3838 -0.0626
vn -0.9349 0.3493 -0.0633
vn -0.9965 0.0293 -0.0778
vn -0.9919 -0.0854 -0.0945
vn -0.9493 0.3099 -0.0535
vn -0.9951 -0.0342 -0.0926
vn -0.9911 0.1094 -0.0762
vn -0.9162 0.3962 -0.0598
vn -0.8162 0.5756 -0.0499
vn -0.8253 0.5625 -0.0506
vn -0.8459 0.5312 -0.0480
vn -0.8697 0.4921 -0.0374
vn -0.8812 0.4718 -0.0302
vn -0.9552 0.2924 -0.0456
vn -0.9975 0.0135 -0.0697
vn -0.9918 -0.0946 -0.0854
vn 0.0463 0.9940 0.0995
vn -0.0928 0.9923 0.0822
vn -0.0610 0.9943 0.0870
vn 0.0668 0.9922 0.1049
vn -0.3838 0.9213 0.0626
vn -0.3493 0.9349 0.0633
vn -0.0293 0.9965 0.0778
vn 0.0854 0.9919 0.0945
vn -0.3099 0.9493 0.0535
vn 0.0968 0.9906 0.0970
vn 0.0342 0.9951 0.0926
vn 0.1002 0.9887 0.1112
vn -0.1094 0.9911 0.0762
vn -0.3962 0.9162 0.0598
vn -0.5756 0.8162 0.0499
vn -0.5625 0.8253 0.0506
vn -0.5312 0.8459 0.0480
vn -0.4921 0.8697 0.0374
vn -0.4718 0.8812 0.0302
vn -0.2924 0.9552 0.0456
vn -0.0135 0.9975 0.0697
vn 0.0946 0.9918 0.0854
vn 0.1115 0.9884 0.1026
vn 0.1125 0.9893 0.0927
vn 0.1074 0.9876 0.1146
vn -0.9078 0.0073 0.4193
vn -0.8979 0.1414 0.4168
vn -0.9785 0.1458 0.1458
vn -0.9905 0.0029 0.1378
vn -0.8382 0.3856 0.3856
vn -0.8979 0.4168 0.1414
vn -0.9905 0.1378 0.0029
vn -0.9999 -0.0091 -0.0091
vn -0.9078 0.4193 0.0073
vn -0.8089 -0.0320 0.5871
vn -0.8096 0.0057 0.5870
vn -0.9073 -0.0350 0.4190
vn -0.8047 0.1306 0.5791
vn -0.7663 0.3492 0.5393
vn -0.7160 0.4936 0.4936
vn -0.7663 0.5393 0.3492
vn -0.8047 0.5791 0.1306
vn -0.8096 0.5870 0.0057
vn -0.8089 0.5871 -0.0320
vn -0.9073 0.4190 -0.0350
vn -0.9906 0.1297 -0.0431
vn -0.9982 -0.0185 -0.0569
vn -0.9982 -0.0569 -0.0185
vn -0.9958 -0.0644 -0.0644
vn -0.9906 -0.0431 0.1297
vn -0.9748 0.0321 0.2207
vn -0.9744 0.0118 0.2247
vn -0.9998 0.0037 -0.0214
vn -0.9993 0.0334 -0.0163
vn -0.9701 -0.0106 0.2426
vn -0.9995 -0.0266 -0.0148
vn -0.9940 0.0032 -0.1097
vn -0.9939 0.0412 -0.1022
vn -0.9935 -0.0344 -0.1087
vn -0.9241 0.0394 0.3802
vn -0.9237 0.0333 0.3816
vn -0.9720 0.0414 0.2311
vn -0.9198 0.0186 0.3920
vn -0.9091 0.0007 0.4165
vn -0.9016 -0.0094 0.4325
vn -0.9675 -0.0226 0.2518
vn -0.9991 -0.0418 -0.0081
vn -0.9930 -0.0528 -0.1056
vn -0.9903 -0.0570 -0.1269
vn -0.9911 -0.0369 -0.1280
vn -0.9919 0.0036 -0.1269
vn -0.9919 0.0450 -0.1191
vn -0.9937 0.0597 -0.0951
vn -0.9914 0.0668 -0.1130
vn -0.9988 0.0476 -0.0065
vn -0.9493 -0.0535 0.3099
vn -0.9349 -0.0633 0.3493
vn -0.9943 -0.0870 0.0610
vn -0.9965 -0.0778 0.0293
vn -0.9213 -0.0626 0.3838
vn -0.9923 -0.0822 0.0928
vn -0.9922 -0.1049 -0.0668
vn -0.9919 -0.0945 -0.0854
vn -0.9940 -0.0995 -0.0463
vn -0.8812 -0.0302 0.4718
vn -0.8697 -0.0374 0.4921
vn -0.9552 -0.0456 0.2924
vn -0.8459 -0.0480 0.5312
vn -0.8253 -0.0506 0.5625
vn -0.8162 -0.0499 0.5756
vn -0.9162 -0.0598 0.3962
vn -0.9911 -0.0762 0.1094
vn -0.9951 -0.0926 -0.0342
vn -0.9918 -0.0854 -0.0946
vn -0.9975 -0.0697 0.0135
vn -0.9125 -0.2893 0.2893
vn -0.9574 -0.0791 0.2778
vn -0.9974 -0.0511 0.0511
vn -0.9574 -0.2778 0.0791
vn -0.9672 0.0215 0.2531
vn -0.9988 0.0427 0.0246
vn -0.9988 -0.0246 -0.0427
vn -0.9672 -0.2531 -0.0215
vn -0.9958 0.0649 -0.0649
vn -0.8116 -0.4131 0.4131
vn -0.8589 -0.2818 0.4276
vn -0.8589 -0.4276 0.2818
vn -0.9003 -0.0927 0.4253
vn -0.9145 0.0098 0.4046
vn -0.9187 0.0395 0.3930
vn -0.9717 0.0482 0.2315
vn -0.9978 0.0652 0.0072
vn -0.9934 0.0849 -0.0772
vn -0.9910 0.0945 -0.0945
vn -0.9934 0.0772 -0.0849
vn -0.9978 -0.0072 -0.0652
vn -0.9717 -0.2315 -0.0482
vn -0.9145 -0.4046 -0.0098
vn -0.9187 -0.3930 -0.0395
vn -0.9003 -0.4253 0.0927
vn 0.9493 -0.3099 -0.0535
vn 0.9965 -0.0293 -0.0778
vn 0.9943 -0.0610 -0.0870
vn 0.9349 -0.3493 -0.0633
vn 0.9919 0.0854 -0.0945
vn 0.9922 0.0668 -0.1049
vn 0.9923 -0.0928 -0.0822
vn 0.9213 -0.3838 -0.0626
vn 0.9940 0.0463 -0.0995
vn 0.8812 -0.4718 -0.0302
vn 0.9552 -0.2924 -0.0456
vn 0.8697 -0.4921 -0.0374
vn 0.9975 -0.0135 -0.0697
vn 0.9918 0.0946 -0.0854
vn 0.9893 0.1125 -0.0927
vn 0.9884 0.1115 -0.1026
vn 0.9876 0.1074 -0.1146
vn 0.9887 0.1002 -0.1112
vn 0.9951 0.0342 -0.0926
vn 0.9911 -0.1094 -0.0762
vn 0.9162 -0.3962 -0.0598
vn 0.8253 -0.5625 -0.0506
vn 0.8162 -0.5756 -0.0499
vn 0.8459 -0.5312 -0.0480
vn 1.0000 0.0001 0.0001
vn 0.9991 -0.0363 0.0203
vn 0.9995 -0.0220 -0.0220
vn 0.9991 0.0203 -0.0363
vn 0.9965 -0.0772 0.0327
vn 0.9976 -0.0687 -0.0123
vn 0.9976 -0.0123 -0.0687
vn 0.9965 0.0327 -0.0772
vn 0.9964 -0.0603 -0.0603
vn 1.0000 0.0033 0.0033
vn 0.9998 -0.0122 0.0172
vn 0.9998 0.0172 -0.0122
vn 0.9982 -0.0452 0.0402
vn 0.9951 -0.0823 0.0541
vn 0.9932 -0.1010 0.0584
vn 0.9944 -0.0986 0.0370
vn 0.9956 -0.0929 -0.0088
vn 0.9948 -0.0847 -0.0569
vn 0.9936 -0.0800 -0.0800
vn 0.9948 -0.0569 -0.0847
vn 0.9956 -0.0088 -0.0929
vn 0.9944 0.0370 -0.0986
vn 0.9951 0.0541 -0.0823
vn 0.9932 0.0584 -0.1010
vn 0.9982 0.0402 -0.0452
vn 0.9902 0.0987 -0.0984
vn 0.9936 0.0779 -0.0812
vn 0.9902 0.0988 -0.0988
vn 0.9877 0.1090 -0.1126
vn 0.9969 0.0552 -0.0552
vn 0.9936 0.0812 -0.0779
vn 0.9877 0.1126 -0.1090
vn 0.9869 0.1143 -0.1143
vn 0.9902 0.0984 -0.0987
vn 0.9919 0.0921 -0.0878
vn 0.9954 0.0658 -0.0701
vn 0.9983 0.0403 -0.0430
vn 0.9992 0.0282 -0.0282
vn 0.9983 0.0430 -0.0403
vn 0.9954 0.0701 -0.0658
vn 0.9919 0.0878 -0.0921
vn 0.9935 -0.1087 0.0344
vn 0.9995 -0.0148 0.0266
vn 0.9998 -0.0214 -0.0037
vn 0.9940 -0.1097 -0.0032
vn 0.9701 0.2426 0.0106
vn 0.9744 0.2247 -0.0118
vn 0.9993 -0.0163 -0.0334
vn 0.9939 -0.1022 -0.0412
vn 0.9748 0.2207 -0.0321
vn 0.9903 -0.1269 0.0570
vn 0.9930 -0.1056 0.0528
vn 0.9911 -0.1280 0.0369
vn 0.9991 -0.0081 0.0418
vn 0.9675 0.2518 0.0226
vn 0.9016 0.4325 0.0094
vn 0.9091 0.4165 -0.0007
vn 0.9198 0.3920 -0.0186
vn 0.9237 0.3816 -0.0333
vn 0.9241 0.3802 -0.0394
vn 0.9720 0.2311 -0.0414
vn 0.9988 -0.0065 -0.0476
vn 0.9937 -0.0951 -0.0597
vn 0.9919 -0.1191 -0.0450
vn 0.9914 -0.1130 -0.0668
vn 0.9919 -0.1269 -0.0036
vn -0.1087 -0.9935 0.0344
vn -0.0148 -0.9995 0.0266
vn -0.0214 -0.9998 -0.0037
vn -0.1097 -0.9940 -0.0032
vn 0.2426 -0.9701 0.0106
vn 0.2247 -0.9744 -0.0118
vn -0.0163 -0.9993 -0.0334
vn -0.1022 -0.9939 -0.0412
vn 0.2207 -0.9748 -0.0321
vn -0.1269 -0.9903 0.0570
vn -0.1056 -0.9930 0.0528
vn -0.1280 -0.9911 0.0369
vn -0.0081 -0.9991 0.0418
vn 0.2518 -0.9675 0.0226
vn 0.4325 -0.9016 0.0094
vn 0.4165 -0.9091 -0.0007
vn 0.3920 -0.9198 -0.0186
vn 0.3816 -0.9237 -0.0333
vn 0.3802 -0.9241 -0.0394
vn 0.2311 -0.9720 -0.0414
vn -0.0065 -0.9988 -0.0476
vn -0.0951 -0.9937 -0.0597
vn -0.1191 -0.9919 -0.0450
vn -0.1130 -0.9914 -0.0668
vn -0.1269 -0.9919 -0.0036
vn 0.1087 0.9935 0.0344
vn 0.0148 0.9995 0.0266
vn 0.0214 0.9998 -0.0037
vn 0.1097 0.9940 -0.0032
vn -0.2426 0.9701 0.0106
vn -0.2247 0.9744 -0.0118
vn 0.0163 0.9993 -0.0334
vn 0.1022 0.9939 -0.0412
vn -0.2207 0.9748 -0.0321
vn 0.1269 0.9903 0.0570
vn 0.1056 0.9930 0.0528
vn 0.1280 0.9911 0.0369
vn 0.0081 0.9991 0.0418
vn -0.2518 0.9675 0.0226
vn -0.4325 0.9016 0.0094
vn -0.4165 0.9091 -0.0007
vn -0.3920 0.9198 -0.0186
vn -0.3816 0.9237 -0.0333
vn -0.3802 0.9241 -0.0394
vn -0.2311 0.9720 -0.0414
vn 0.0065 0.9988 -0.0476
vn 0.0951 0.9937 -0.0597
vn 0.1191 0.9919 -0.0450
vn 0.1130 0.9914 -0.0668
vn 0.1269 0.9919 -0.0036
vn -0.0143 0.9280 -0.3723
vn -0.1530 0.9143 -0.3750
vn -0.1485 0.9801 -0.1315
vn -0.0047 0.9925 -0.1223
vn -0.3978 0.8483 -0.3495
vn -0.4193 0.8987 -0.1286
vn -0.1382 0.9904 0.0003
vn 0.0088 0.9999 0.0125
vn -0.4196 0.9077 -0.0043
vn 0.0257 0.8543 -0.5191
vn -0.0177 0.8526 -0.5223
vn 0.0307 0.9302 -0.3659
vn -0.1508 0.8400 -0.5212
vn -0.3706 0.7899 -0.4885
vn -0.5146 0.7315 -0.4472
vn -0.5500 0.7728 -0.3167
vn -0.5811 0.8051 -0.1189
vn -0.5872 0.8094 -0.0029
vn -0.5871 0.8089 0.0326
vn -0.4190 0.9073 0.0356
vn -0.1298 0.9906 0.0437
vn 0.0184 0.9982 0.0576
vn 0.0567 0.9982 0.0219
vn 0.0643 0.9958 0.0650
vn 0.0419 0.9927 -0.1131
vn 0.0143 -0.9280 -0.3723
vn 0.1530 -0.9143 -0.3750
vn 0.1485 -0.9801 -0.1315
vn 0.0047 -0.9925 -0.1223
vn 0.3978 -0.8483 -0.3495
vn 0.4193 -0.8987 -0.1286
vn 0.1382 -0.9904 0.0003
vn -0.0088 -0.9999 0.0125
vn 0.4196 -0.9077 -0.0043
vn -0.0257 -0.8543 -0.5191
vn 0.0177 -0.8526 -0.5223
vn -0.0307 -0.9302 -0.3659
vn 0.1508 -0.8400 -0.5212
vn 0.3706 -0.7899 -0.4885
vn 0.5146 -0.7315 -0.4472
vn 0.5500 -0.7728 -0.3167
vn 0.5811 -0.8051 -0.1189
vn 0.5872 -0.8094 -0.0029
vn 0.5871 -0.8089 0.0326
vn 0.4190 -0.9073 0.0356
vn 0.1298 -0.9906 0.0437
vn -0.0184 -0.9982 0.0576
vn -0.0567 -0.9982 0.0219
vn -0.0643 -0.9958 0.0650
vn -0.0419 -0.9927 -0.1131
vn 0.9078 0.0073 -0.4193
vn 0.8979 0.1414 -0.4168
vn 0.9785 0.1458 -0.1458
vn 0.9905 0.0029 -0.1378
vn 0.8382 0.3856 -0.3856
vn 0.8979 0.4168 -0.1414
vn 0.9905 0.1378 -0.0029
vn 0.9999 -0.0091 0.0091
vn 0.9078 0.4193 -0.0073
vn 0.8089 -0.0320 -0.5871
vn 0.8096 0.0057 -0.5870
vn 0.9073 -0.0350 -0.4190
vn 0.8047 0.1306 -0.5791
vn 0.7663 0.3492 -0.5393
vn 0.7160 0.4936 -0.4936
vn 0.7663 0.5393 -0.3492
vn 0.8047 0.5791 -0.1306
vn 0.8096 0.5870 -0.0057
vn 0.8089 0.5871 0.0320
vn 0.9073 0.4190 0.0350
vn 0.9906 0.1297 0.0431
vn 0.9982 -0.0185 0.0569
vn 0.9982 -0.0569 0.0185
vn 0.9958 -0.0644 0.0644
vn 0.9906 -0.0431 -0.1297
vn 0.9748 0.0321 -0.2207
vn 0.9744 0.0118 -0.2247
vn 0.9998 0.0037 0.0214
vn 0.9993 0.0334 0.0163
vn 0.9701 -0.0106 -0.2426
vn 0.9995 -0.0266 0.0148
vn 0.9940 0.0032 0.1097
vn 0.9939 0.0412 0.1022
vn 0.9935 -0.0344 0.1087
vn 0.9241 0.0394 -0.3802
vn 0.9237 0.0333 -0.3816
vn 0.9720 0.0414 -0.2311
vn 0.9198 0.0186 -0.3920
vn 0.9091 0.0007 -0.4165
vn 0.9016 -0.0094 -0.4325
vn 0.9675 -0.0226 -0.2518
vn 0.9991 -0.0418 0.0081
vn 0.9930 -0.0528 0.1056
vn 0.9903 -0.0570 0.1269
vn 0.9911 -0.0369 0.1280
vn 0.9919 0.0036 0.1269
vn 0.9919 0.0450 0.1191
vn 0.9937 0.0597 0.0951
vn 0.9914 0.0668 0.1130
vn 0.9988 0.0476 0.0065
vn 0.9493 -0.0535 -0.3099
vn 0.9349 -0.0633 -0.3493
vn 0.9943 -0.0870 -0.0610
vn 0.9965 -0.0778 -0.0293
vn 0.9213 -0.0626 -0.3838
vn 0.9923 -0.0822 -0.0928
vn 0.9922 -0.1049 0.0668
vn 0.9919 -0.0945 0.0854
vn 0.9940 -0.0995 0.0463
vn 0.8812 -0.0302 -0.4718
vn 0.8697 -0.0374 -0.4921
vn 0.9552 -0.0456 -0.2924
vn 0.8459 -0.0480 -0.5312
vn 0.8253 -0.0506 -0.5625
vn 0.8162 -0.0499 -0.5756
vn 0.9162 -0.0598 -0.3962
vn 0.9911 -0.0762 -0.1094
vn 0.9951 -0.0926 0.0342
vn 0.9918 -0.0854 0.0946
vn 0.9975 -0.0697 -0.0135
vn 0.9125 -0.2893 -0.2893
vn 0.9574 -0.0791 -0.2778
vn 0.9974 -0.0511 -0.0511
vn 0.9574 -0.2778 -0.0791
vn 0.9672 0.0215 -0.2531
vn 0.9988 0.0427 -0.0246
vn 0.9988 -0.0246 0.0427
vn 0.9672 -0.2531 0.0215
vn 0.9958 0.0649 0.0649
vn 0.8116 -0.4131 -0.4131
vn 0.8589 -0.2818 -0.4276
vn 0.8589 -0.4276 -0.2818
vn 0.9003 -0.0927 -0.4253
vn 0.9145 0.0098 -0.4046
vn 0.9187 0.0395 -0.3930
vn 0.9717 0.0482 -0.2315
vn 0.9978 0.0652 -0.0072
vn 0.9934 0.0849 0.0772
vn 0.9910 0.0944 0.0945
vn 0.9934 0.0772 0.0849
vn 0.9978 -0.0072 0.0652
vn 0.9717 -0.2315 0.0482
vn 0.9145 -0.4046 0.0098
vn 0.9187 -0.3930 0.0395
vn 0.9003 -0.4253 -0.0927
vn -0.9493 -0.3099 0.0535
vn -0.9965 -0.0293 0.0778
vn -0.9943 -0.0610 0.0870
vn -0.9349 -0.3493 0.0633
vn -0.9919 0.0854 0.0945
vn -0.9922 0.0668 0.1049
vn -0.9923 -0.0928 0.0822
vn -0.9213 -0.3838 0.0626
vn -0.9940 0.0463 0.0995
vn -0.8812 -0.4718 0.0302
vn -0.9552 -0.2924 0.0456
vn -0.8697 -0.4921 0.0374
vn -0.9975 -0.0135 0.0697
vn -0.9918 0.0946 0.0854
vn -0.9893 0.1125 0.0927
vn -0.9884 0.1115 0.1026
vn -0.9876 0.1074 0.1146
vn -0.9887 0.1002 0.1112
vn -0.9951 0.0342 0.0926
vn -0.9911 -0.1094 0.0762
vn -0.9162 -0.3962 0.0598
vn -0.8253 -0.5625 0.0506
vn -0.8162 -0.5756 0.0499
vn -0.8459 -0.5312 0.0480
vn -1.0000 0.0001 -0.0001
vn -0.9991 -0.0363 -0.0203
vn -0.9995 -0.0220 0.0220
vn -0.9991 0.0203 0.0363
vn -0.9965 -0.0772 -0.0327
vn -0.9976 -0.0687 0.0123
vn -0.9976 -0.0123 0.0687
vn -0.9965 0.0327 0.0772
vn -0.9964 -0.0603 0.0603
vn -1.0000 0.0033 -0.0033
vn -0.9998 -0.0122 -0.0172
vn -0.9998 0.0172 0.0122
vn -0.9982 -0.0452 -0.0402
vn -0.9951 -0.0823 -0.0541
vn -0.9932 -0.1010 -0.0584
vn -0.9944 -0.0986 -0.0370
vn -0.9956 -0.0929 0.0088
vn -0.9948 -0.0847 0.0569
vn -0.9936 -0.0800 0.0800
vn -0.9948 -0.0569 0.0847
vn -0.9956 -0.0088 0.0929
vn -0.9944 0.0370 0.0986
vn -0.9951 0.0541 0.0823
vn -0.9932 0.0584 0.1010
vn -0.9982 0.0402 0.0452
vn -0.9902 0.0987 0.0984
vn -0.9936 0.0779 0.0812
vn -0.9902 0.0988 0.0988
vn -0.9877 0.1090 0.1126
vn -0.9969 0.0552 0.0552
vn -0.9936 0.0812 0.0779
vn -0.9877 0.1126 0.1090
vn -0.9869 0.1143 0.1143
vn -0.9902 0.0984 0.0987
vn -0.9919 0.0921 0.0878
vn -0.9954 0.0658 0.0701
vn -0.9983 0.0403 0.0430
vn -0.9992 0.0282 0.0282
vn -0.9983 0.0430 0.0403
vn -0.9954 0.0701 0.0658
vn -0.9919 0.0878 0.0921
vn -0.9935 -0.1087 -0.0344
vn -0.9995 -0.0148 -0.0266
vn -0.9998 -0.0214 0.0037
vn -0.9940 -0.1097 0.0032
vn -0.9701 0.2426 -0.0106
vn -0.9744 0.2247 0.0118
vn -0.9993 -0.0163 0.0334
vn -0.9939 -0.1022 0.0412
vn -0.9748 0.2207 0.0321
vn -0.9903 -0.1269 -0.0570
vn -0.9930 -0.1056 -0.0528
vn -0.9911 -0.1280 -0.0369
vn -0.9991 -0.0081 -0.0418
vn -0.9675 0.2518 -0.0226
vn -0.9016 0.4325 -0.0094
vn -0.9091 0.4165 0.0007
vn -0.9198 0.3920 0.0186
vn -0.9237 0.3816 0.0333
vn -0.9241 0.3802 0.0394
vn -0.9720 0.2311 0.0414
vn -0.9988 -0.0065 0.0476
vn -0.9937 -0.0951 0.0597
vn -0.9919 -0.1191 0.0450
vn -0.9914 -0.1130 0.0668
vn -0.9919 -0.1269 0.0036
vn 0.0261 -0.9647 -0.2621
vn 0.0003 -0.9666 -0.2564
vn 0.0010 -0.9999 0.0130
vn 0.0321 -0.9995 0.0052
vn -0.0258 -0.9653 -0.2598
vn -0.0302 -0.9995 0.0101
vn 0.0027 -0.9942 0.1079
vn 0.0410 -0.9942 0.0999
vn -0.0351 -0.9936 0.1076
vn 0.0346 -0.8937 -0.4473
vn 0.0234 -0.8958 -0.4439
vn 0.0386 -0.9610 -0.2737
vn 0.0001 -0.8980 -0.4400
vn -0.0233 -0.8963 -0.4428
vn -0.0350 -0.8944 -0.4459
vn -0.0388 -0.9636 -0.2646
vn -0.0456 -0.9989 0.0049
vn -0.0535 -0.9930 0.1049
vn -0.0571 -0.9903 0.1267
vn -0.0370 -0.9911 0.1277
vn 0.0035 -0.9920 0.1265
vn 0.0450 -0.9919 0.1186
vn 0.0596 -0.9939 0.0925
vn 0.0668 -0.9914 0.1124
vn 0.0471 -0.9989 -0.0055
vn -0.0261 0.9647 -0.2621
vn -0.0003 0.9666 -0.2564
vn -0.0010 0.9999 0.0130
vn -0.0321 0.9995 0.0052
vn 0.0258 0.9653 -0.2598
vn 0.0302 0.9995 0.0101
vn -0.0027 0.9942 0.1079
vn -0.0410 0.9942 0.0999
vn 0.0351 0.9936 0.1076
vn -0.0346 0.8937 -0.4473
vn -0.0234 0.8958 -0.4439
vn -0.0386 0.9610 -0.2737
vn -0.0001 0.8980 -0.4400
vn 0.0233 0.8963 -0.4428
vn 0.0350 0.8944 -0.4459
vn 0.0388 0.9636 -0.2646
vn 0.0456 0.9989 0.0049
vn 0.0535 0.9930 0.1049
vn 0.0571 0.9903 0.1267
vn 0.0370 0.9911 0.1277
vn -0.0035 0.9920 0.1265
vn -0.0450 0.9919 0.1186
vn -0.0596 0.9939 0.0925
vn -0.0668 0.9914 0.1124
vn -0.0471 0.9989 -0.0055
vn -0.0987 0.9902 -0.0984
vn -0.0779 0.9936 -0.0812
vn -0.0988 0.9902 -0.0988
vn -0.1090 0.9877 -0.1126
vn -0.0552 0.9969 -0.0552
vn -0.0812 0.9936 -0.0779
vn -0.1126 0.9877 -0.1090
vn -0.1143 0.9869 -0.1143
vn -0.0984 0.9902 -0.0987
vn -0.1125 0.9893 -0.0927
vn -0.0921 0.9919 -0.0878
vn -0.1115 0.9884 -0.1026
vn -0.0658 0.9954 -0.0701
vn -0.0403 0.9983 -0.0430
vn -0.0282 0.9992 -0.0282
vn -0.0430 0.9983 -0.0403
vn -0.0701 0.9954 -0.0658
vn -0.0878 0.9919 -0.0921
vn -0.0927 0.9893 -0.1126
vn -0.1027 0.9884 -0.1116
vn -0.1146 0.9876 -0.1076
vn -0.1112 0.9887 -0.1005
vn -0.1002 0.9887 -0.1112
vn -0.0968 0.9906 -0.0970
vn -0.1074 0.9876 -0.1146
vn 0.0987 -0.9902 -0.0984
vn 0.0779 -0.9936 -0.0812
vn 0.0988 -0.9902 -0.0988
vn 0.1090 -0.9877 -0.1126
vn 0.0552 -0.9969 -0.0552
vn 0.0812 -0.9936 -0.0779
vn 0.1126 -0.9877 -0.1090
vn 0.1143 -0.9869 -0.1143
vn 0.0984 -0.9902 -0.0987
vn 0.1125 -0.9893 -0.0927
vn 0.0921 -0.9919 -0.0878
vn 0.1115 -0.9884 -0.1026
vn 0.0658 -0.9954 -0.0701
vn 0.0403 -0.9983 -0.0430
vn 0.0282 -0.9992 -0.0282
vn 0.0430 -0.9983 -0.0403
vn 0.0701 -0.9954 -0.0658
vn 0.0878 -0.9919 -0.0921
vn 0.0927 -0.9893 -0.1126
vn 0.1027 -0.9884 -0.1116
vn 0.1146 -0.9876 -0.1076
vn 0.1112 -0.9887 -0.1005
vn 0.1002 -0.9887 -0.1112
vn 0.0968 -0.9906 -0.0970
vn 0.1074 -0.9876 -0.1146
vn -0.0603 0.9964 0.0603
vn -0.0123 0.9976 0.0687
vn -0.0220 0.9995 0.0220
vn -0.0687 0.9976 0.0123
vn 0.0327 0.9965 0.0772
vn 0.0203 0.9991 0.0363
vn -0.0363 0.9991 -0.0203
vn -0.0772 0.9965 -0.0327
vn 0.0001 1.0000 -0.0001
vn -0.0800 0.9936 0.0800
vn -0.0569 0.9948 0.0847
vn -0.0847 0.9948 0.0569
vn -0.0088 0.9956 0.0929
vn 0.0370 0.9944 0.0986
vn 0.0584 0.9932 0.1010
vn 0.0541 0.9951 0.0823
vn 0.0402 0.9982 0.0452
vn 0.0172 0.9998 0.0122
vn 0.0033 1.0000 -0.0033
vn -0.0122 0.9998 -0.0172
vn -0.0452 0.9982 -0.0402
vn -0.0823 0.9951 -0.0541
vn -0.0986 0.9944 -0.0370
vn -0.1010 0.9932 -0.0584
vn -0.0929 0.9956 0.0088
vn 0.0603 -0.9964 0.0603
vn 0.0123 -0.9976 0.0687
vn 0.0220 -0.9995 0.0220
vn 0.0687 -0.9976 0.0123
vn -0.0327 -0.9965 0.0772
vn -0.0203 -0.9991 0.0363
vn 0.0363 -0.9991 -0.0203
vn 0.0772 -0.9965 -0.0327
vn -0.0001 -1.0000 -0.0001
vn 0.0800 -0.9936 0.0800
vn 0.0569 -0.9948 0.0847
vn 0.0847 -0.9948 0.0569
vn 0.0088 -0.9956 0.0929
vn -0.0370 -0.9944 0.0986
vn -0.0584 -0.9932 0.1010
vn -0.0541 -0.9951 0.0823
vn -0.0402 -0.9982 0.0452
vn -0.0172 -0.9998 0.0122
vn -0.0033 -1.0000 -0.0033
vn 0.0122 -0.9998 -0.0172
vn 0.0452 -0.9982 -0.0402
vn 0.0823 -0.9951 -0.0541
vn 0.0986 -0.9944 -0.0370
vn 0.1010 -0.9932 -0.0584
vn 0.0929 -0.9956 0.0088
vn 0.0261 -0.2621 -0.9647
vn 0.0321 0.0052 -0.9995
vn 0.0010 0.0130 -0.9999
vn 0.0003 -0.2564 -0.9666
vn 0.0410 0.0999 -0.9942
vn 0.0027 0.1079 -0.9942
vn -0.0302 0.0101 -0.9995
vn -0.0258 -0.2598 -0.9653
vn -0.0351 0.1076 -0.9936
vn 0.0346 -0.4473 -0.8937
vn 0.0386 -0.2737 -0.9610
vn 0.0234 -0.4439 -0.8958
vn 0.0471 -0.0055 -0.9989
vn 0.0596 0.0925 -0.9939
vn 0.0668 0.1124 -0.9914
vn 0.0450 0.1186 -0.9919
vn 0.0035 0.1265 -0.9920
vn -0.0370 0.1277 -0.9911
vn -0.0571 0.1267 -0.9903
vn -0.0535 0.1049 -0.9930
vn -0.0456 0.0049 -0.9989
vn -0.0388 -0.2646 -0.9636
vn -0.0233 -0.4428 -0.8963
vn -0.0350 -0.4459 -0.8944
vn 0.0001 -0.4400 -0.8980
vn -0.0261 -0.2621 0.9647
vn -0.0321 0.0052 0.9995
vn -0.0010 0.0130 0.9999
vn -0.0003 -0.2564 0.9666
vn -0.0410 0.0999 0.9942
vn -0.0027 0.1079 0.9942
vn 0.0302 0.0101 0.9995
vn 0.0258 -0.2598 0.9653
vn 0.0351 0.1077 0.9936
vn -0.0346 -0.4473 0.8937
vn -0.0386 -0.2737 0.9610
vn -0.0234 -0.4439 0.8958
vn -0.0471 -0.0055 0.9989
vn -0.0596 0.0925 0.9939
vn -0.0668 0.1124 0.9914
vn -0.0450 0.1186 0.9919
vn -0.0035 0.1265 0.9920
vn 0.0370 0.1277 0.9911
vn 0.0571 0.1267 0.9903
vn 0.0535 0.1049 0.9930
vn 0.0456 0.0049 0.9989
vn 0.0388 -0.2646 0.9636
vn 0.0233 -0.4428 0.8963
vn 0.0350 -0.4459 0.8944
vn -0.0001 -0.4400 0.8980
vn -0.0987 -0.0984 0.9902
vn -0.1090 -0.1126 0.9877
vn -0.0988 -0.0988 0.9902
vn -0.0779 -0.0812 0.9936
vn -0.1143 -0.1143 0.9869
vn -0.1126 -0.1090 0.9877
vn -0.0812 -0.0779 0.9936
vn -0.0552 -0.0552 0.9969
vn -0.0984 -0.0987 0.9902
vn -0.1125 -0.0927 0.9893
vn -0.1115 -0.1026 0.9884
vn -0.0921 -0.0878 0.9919
vn -0.1074 -0.1146 0.9876
vn -0.1002 -0.1112 0.9887
vn -0.0968 -0.0970 0.9906
vn -0.1112 -0.1005 0.9887
vn -0.1146 -0.1076 0.9876
vn -0.1027 -0.1116 0.9884
vn -0.0927 -0.1126 0.9893
vn -0.0878 -0.0921 0.9919
vn -0.0701 -0.0658 0.9954
vn -0.0430 -0.0403 0.9983
vn -0.0403 -0.0430 0.9983
vn -0.0282 -0.0282 0.9992
vn -0.0658 -0.0701 0.9954
vn 0.0987 -0.0984 -0.9902
vn 0.1090 -0.1126 -0.9877
vn 0.0988 -0.0988 -0.9902
vn 0.0779 -0.0812 -0.9936
vn 0.1143 -0.1143 -0.9869
vn 0.1126 -0.1090 -0.9877
vn 0.0812 -0.0779 -0.9936
vn 0.0552 -0.0552 -0.9969
vn 0.0984 -0.0987 -0.9902
vn 0.1125 -0.0927 -0.9893
vn 0.1115 -0.1026 -0.9884
vn 0.0921 -0.0878 -0.9919
vn 0.1074 -0.1146 -0.9876
vn 0.1002 -0.1112 -0.9887
vn 0.0968 -0.0970 -0.9906
vn 0.1112 -0.1005 -0.9887
vn 0.1146 -0.1076 -0.9876
vn 0.1027 -0.1116 -0.9884
vn 0.0927 -0.1126 -0.9893
vn 0.0878 -0.0921 -0.9919
vn 0.0701 -0.0658 -0.9954
vn 0.0430 -0.0403 -0.9983
vn 0.0403 -0.0430 -0.9983
vn 0.0282 -0.0282 -0.9992
vn 0.0658 -0.0701 -0.9954
vn -0.0603 0.0603 0.9964
vn -0.0687 0.0123 0.9976
vn -0.0220 0.0220 0.9995
vn -0.0123 0.0687 0.9976
vn -0.0772 -0.0327 0.9965
vn -0.0363 -0.0203 0.9991
vn 0.0203 0.0363 0.9991
vn 0.0327 0.0772 0.9965
vn 0.0001 -0.0001 1.0000
vn -0.0800 0.0800 0.9936
vn -0.0847 0.0569 0.9948
vn -0.0569 0.0847 0.9948
vn -0.0929 0.0088 0.9956
vn -0.0986 -0.0370 0.9944
vn -0.1010 -0.0584 0.9932
vn -0.0823 -0.0541 0.9951
vn -0.0452 -0.0402 0.9982
vn -0.0122 -0.0172 0.9998
vn 0.0033 -0.0033 1.0000
vn 0.0172 0.0122 0.9998
vn 0.0402 0.0452 0.9982
vn 0.0541 0.0823 0.9951
vn 0.0370 0.0986 0.9944
vn 0.0584 0.1010 0.9932
vn -0.0088 0.0929 0.9956
vn 0.0603 0.0603 -0.9964
vn 0.0687 0.0123 -0.9976
vn 0.0220 0.0220 -0.9995
vn 0.0123 0.0687 -0.9976
vn 0.0772 -0.0327 -0.9965
vn 0.0363 -0.0203 -0.9991
vn -0.0203 0.0363 -0.9991
vn -0.0327 0.0772 -0.9965
vn -0.0001 -0.0001 -1.0000
vn 0.0800 0.0800 -0.9936
vn 0.0847 0.0569 -0.9948
vn 0.0569 0.0847 -0.9948
vn 0.0929 0.0088 -0.9956
vn 0.0986 -0.0370 -0.9944
vn 0.1010 -0.0584 -0.9932
vn 0.0823 -0.0541 -0.9951
vn 0.0452 -0.0402 -0.9982
vn 0.0122 -0.0172 -0.9998
vn -0.0033 -0.0033 -1.0000
vn -0.0172 0.0122 -0.9998
vn -0.0402 0.0452 -0.9982
vn -0.0541 0.0823 -0.9951
vn -0.0370 0.0986 -0.9944
vn -0.0584 0.1010 -0.9932
vn 0.0088 0.0929 -0.9956
vn 0.0997 -0.0491 -0.9938
vn 0.0835 0.0793 -0.9933
vn 0.0896 0.0514 -0.9947
vn 0.1053 -0.0687 -0.9921
vn 0.0690 0.3390 -0.9383
vn 0.0751 0.3154 -0.9460
vn 0.0812 0.0246 -0.9964
vn 0.0951 -0.0863 -0.9917
vn 0.0686 0.2918 -0.9540
vn 0.0926 -0.0373 -0.9950
vn 0.0767 0.0951 -0.9925
vn 0.0628 0.3517 -0.9340
vn 0.0558 0.5075 -0.8599
vn 0.0614 0.4998 -0.8640
vn 0.0673 0.4832 -0.8729
vn 0.0617 0.4663 -0.8824
vn 0.0561 0.4581 -0.8871
vn 0.0622 0.2796 -0.9581
vn 0.0735 0.0108 -0.9972
vn 0.0860 -0.0950 -0.9918
vn 0.0997 -0.9938 -0.0491
vn 0.1053 -0.9921 -0.0687
vn 0.0896 -0.9947 0.0514
vn 0.0835 -0.9933 0.0793
vn 0.0951 -0.9917 -0.0863
vn 0.0812 -0.9964 0.0246
vn 0.0751 -0.9460 0.3154
vn 0.0690 -0.9383 0.3390
vn 0.0686 -0.9540 0.2918
vn 0.0926 -0.9950 -0.0373
vn 0.0860 -0.9918 -0.0950
vn 0.0735 -0.9972 0.0108
vn 0.0622 -0.9581 0.2796
vn 0.0561 -0.8871 0.4581
vn 0.0617 -0.8824 0.4663
vn 0.0673 -0.8729 0.4832
vn 0.0614 -0.8640 0.4998
vn 0.0628 -0.9340 0.3517
vn 0.0558 -0.8599 0.5075
vn 0.0767 -0.9925 0.0951
vn -0.0997 -0.0491 0.9938
vn -0.0835 0.0793 0.9933
vn -0.0896 0.0514 0.9947
vn -0.1053 -0.0687 0.9921
vn -0.0690 0.3390 0.9383
vn -0.0751 0.3154 0.9460
vn -0.0812 0.0246 0.9964
vn -0.0951 -0.0863 0.9917
vn -0.0686 0.2918 0.9540
vn -0.0926 -0.0373 0.9950
vn -0.0767 0.0951 0.9925
vn -0.0628 0.3517 0.9340
vn -0.0558 0.5075 0.8599
vn -0.0614 0.4998 0.8640
vn -0.0673 0.4832 0.8729
vn -0.0617 0.4663 0.8824
vn -0.0561 0.4581 0.8871
vn -0.0622 0.2796 0.9581
vn -0.0735 0.0108 0.9972
vn -0.0860 -0.0950 0.9918
vn -0.0997 0.9938 -0.0491
vn -0.1053 0.9921 -0.0687
vn -0.0896 0.9947 0.0514
vn -0.0835 0.9933 0.0793
vn -0.0951 0.9917 -0.0863
vn -0.0812 0.9964 0.0246
vn -0.0751 0.9460 0.3154
vn -0.0690 0.9383 0.3390
vn -0.0686 0.9540 0.2918
vn -0.0926 0.9950 -0.0373
vn -0.0860 0.9918 -0.0950
vn -0.0735 0.9972 0.0108
vn -0.0622 0.9581 0.2796
vn -0.0561 0.8871 0.4581
vn -0.0617 0.8824 0.4663
vn -0.0673 0.8729 0.4832
vn -0.0614 0.8640 0.4998
vn -0.0628 0.9340 0.3517
vn -0.0558 0.8599 0.5075
vn -0.0767 0.9925 0.0951
vn 0.4196 0.9077 0.0043
vn 0.1382 0.9904 -0.0003
vn 0.1485 0.9801 0.1315
vn 0.4193 0.8987 0.1286
vn -0.0088 0.9999 -0.0125
vn 0.0047 0.9925 0.1223
vn 0.1530 0.9143 0.3750
vn 0.3978 0.8483 0.3495
vn 0.0143 0.9280 0.3723
vn 0.5871 0.8089 -0.0326
vn 0.4190 0.9073 -0.0356
vn 0.5872 0.8094 0.0029
vn 0.1298 0.9906 -0.0437
vn -0.0184 0.9982 -0.0576
vn -0.0643 0.9958 -0.0650
vn -0.0567 0.9982 -0.0219
vn -0.0419 0.9927 0.1131
vn -0.0307 0.9302 0.3659
vn -0.0257 0.8543 0.5191
vn 0.0177 0.8526 0.5223
vn 0.1508 0.8400 0.5212
vn 0.3706 0.7899 0.4885
vn 0.5500 0.7728 0.3167
vn 0.5146 0.7315 0.4472
vn 0.5811 0.8051 0.1189
vn 0.4196 0.0043 0.9077
vn 0.4193 0.1286 0.8987
vn 0.1485 0.1315 0.9801
vn 0.1382 -0.0003 0.9904
vn 0.3978 0.3495 0.8483
vn 0.1530 0.3750 0.9143
vn 0.0047 0.1223 0.9925
vn -0.0088 -0.0125 0.9999
vn 0.0143 0.3723 0.9280
vn 0.5871 -0.0326 0.8089
vn 0.5872 0.0029 0.8094
vn 0.4190 -0.0356 0.9073
vn 0.5811 0.1189 0.8051
vn 0.5500 0.3167 0.7728
vn 0.5146 0.4472 0.7315
vn 0.3706 0.4885 0.7899
vn 0.1508 0.5212 0.8400
vn 0.0177 0.5223 0.8526
vn -0.0257 0.5191 0.8543
vn -0.0307 0.3659 0.9302
vn -0.0419 0.1131 0.9927
vn -0.0567 -0.0219 0.9982
vn -0.0184 -0.0576 0.9982
vn -0.0643 -0.0650 0.9958
vn 0.1298 -0.0437 0.9906
vn 0.2207 0.0321 0.9748
vn 0.2247 0.0118 0.9744
vn -0.0214 0.0037 0.9998
vn -0.0163 0.0334 0.9993
vn 0.2426 -0.0106 0.9701
vn -0.0148 -0.0266 0.9995
vn -0.1097 0.0032 0.9940
vn -0.1022 0.0412 0.9939
vn -0.1087 -0.0344 0.9935
vn 0.3802 0.0394 0.9241
vn 0.3816 0.0333 0.9237
vn 0.2311 0.0414 0.9720
vn 0.3920 0.0186 0.9198
vn 0.4165 0.0007 0.9091
vn 0.4325 -0.0094 0.9016
vn 0.2518 -0.0226 0.9675
vn -0.0081 -0.0418 0.9991
vn -0.1056 -0.0528 0.9930
vn -0.1269 -0.0570 0.9903
vn -0.1280 -0.0369 0.9911
vn -0.1269 0.0036 0.9919
vn -0.1191 0.0450 0.9919
vn -0.0951 0.0597 0.9937
vn -0.1130 0.0668 0.9914
vn -0.0065 0.0476 0.9988
vn 0.3099 -0.0535 0.9493
vn 0.3493 -0.0633 0.9349
vn 0.0610 -0.0870 0.9943
vn 0.0293 -0.0778 0.9965
vn 0.3838 -0.0626 0.9213
vn 0.0928 -0.0822 0.9923
vn -0.0668 -0.1049 0.9922
vn -0.0854 -0.0945 0.9919
vn -0.0463 -0.0995 0.9940
vn 0.4718 -0.0302 0.8812
vn 0.4921 -0.0374 0.8697
vn 0.2924 -0.0456 0.9552
vn 0.5312 -0.0480 0.8459
vn 0.5625 -0.0506 0.8253
vn 0.5756 -0.0499 0.8162
vn 0.3962 -0.0598 0.9162
vn 0.1094 -0.0762 0.9911
vn -0.0342 -0.0926 0.9951
vn -0.0946 -0.0854 0.9918
vn 0.0135 -0.0697 0.9975
vn 0.2781 -0.3232 0.9045
vn 0.2753 -0.0904 0.9571
vn 0.0486 -0.0629 0.9968
vn 0.0689 -0.3168 0.9460
vn 0.2527 0.0189 0.9674
vn 0.0241 0.0401 0.9989
vn -0.0444 -0.0370 0.9983
vn -0.0279 -0.2967 0.9546
vn -0.0652 0.0622 0.9959
vn 0.3937 -0.4580 0.7970
vn 0.4172 -0.3122 0.8535
vn 0.2627 -0.4768 0.8388
vn 0.4229 -0.1036 0.9002
vn 0.4041 0.0072 0.9147
vn 0.3929 0.0390 0.9188
vn 0.2314 0.0477 0.9717
vn 0.0071 0.0646 0.9979
vn -0.0773 0.0844 0.9934
vn -0.0945 0.0939 0.9911
vn -0.0852 0.0747 0.9936
vn -0.0662 -0.0198 0.9976
vn -0.0522 -0.2792 0.9588
vn -0.0204 -0.4681 0.8834
vn -0.0455 -0.4601 0.8867
vn 0.0754 -0.4818 0.8730
vn 0.2207 0.9748 0.0321
vn -0.0163 0.9993 0.0334
vn -0.0214 0.9998 0.0037
vn 0.2247 0.9744 0.0118
vn -0.1022 0.9939 0.0412
vn -0.1097 0.9940 0.0032
vn -0.0148 0.9995 -0.0266
vn 0.2426 0.9701 -0.0106
vn -0.1087 0.9935 -0.0344
vn 0.3802 0.9241 0.0394
vn 0.2311 0.9720 0.0414
vn 0.3816 0.9237 0.0333
vn -0.0065 0.9988 0.0476
vn -0.0951 0.9937 0.0597
vn -0.1130 0.9914 0.0668
vn -0.1191 0.9919 0.0450
vn -0.1269 0.9919 0.0036
vn -0.1280 0.9911 -0.0369
vn -0.1269 0.9903 -0.0570
vn -0.1056 0.9930 -0.0528
vn -0.0081 0.9991 -0.0418
vn 0.2518 0.9675 -0.0226
vn 0.4165 0.9091 0.0007
vn 0.4325 0.9016 -0.0094
vn 0.3920 0.9198 0.0186
vn 0.3099 0.9493 -0.0535
vn 0.0293 0.9965 -0.0778
vn 0.0610 0.9943 -0.0870
vn 0.3493 0.9349 -0.0633
vn -0.0854 0.9919 -0.0945
vn -0.0668 0.9922 -0.1049
vn 0.0928 0.9923 -0.0822
vn 0.3838 0.9213 -0.0626
vn -0.0463 0.9940 -0.0995
vn 0.4718 0.8812 -0.0302
vn 0.2924 0.9552 -0.0456
vn 0.4921 0.8697 -0.0374
vn 0.0135 0.9975 -0.0697
vn -0.0946 0.9918 -0.0854
vn -0.0342 0.9951 -0.0926
vn 0.1094 0.9911 -0.0762
vn 0.3962 0.9162 -0.0598
vn 0.5625 0.8253 -0.0506
vn 0.5756 0.8162 -0.0499
vn 0.5312 0.8459 -0.0480
vn 0.2781 0.9045 -0.3232
vn 0.0689 0.9460 -0.3168
vn 0.0486 0.9968 -0.0629
vn 0.2753 0.9571 -0.0904
vn -0.0279 0.9546 -0.2967
vn -0.0444 0.9983 -0.0370
vn 0.0241 0.9989 0.0401
vn 0.2527 0.9674 0.0189
vn -0.0652 0.9959 0.0622
vn 0.3937 0.7970 -0.4580
vn 0.2627 0.8388 -0.4768
vn 0.4172 0.8535 -0.3122
vn 0.0754 0.8730 -0.4818
vn -0.0204 0.8834 -0.4681
vn -0.0455 0.8867 -0.4601
vn -0.0522 0.9588 -0.2792
vn -0.0662 0.9976 -0.0198
vn -0.0852 0.9936 0.0747
vn -0.0945 0.9911 0.0939
vn -0.0773 0.9934 0.0844
vn 0.0071 0.9979 0.0646
vn 0.2314 0.9717 0.0477
vn 0.4041 0.9147 0.0072
vn 0.3929 0.9188 0.0390
vn 0.4229 0.9002 -0.1036
vn -0.0686 -0.9540 -0.2918
vn -0.0751 -0.9460 -0.3154
vn -0.0896 -0.9947 -0.0514
vn -0.0812 -0.9964 -0.0246
vn -0.0690 -0.9383 -0.3390
vn -0.0835 -0.9933 -0.0793
vn -0.1053 -0.9921 0.0687
vn -0.0951 -0.9917 0.0863
vn -0.0997 -0.9938 0.0491
vn -0.0561 -0.8871 -0.4581
vn -0.0617 -0.8824 -0.4663
vn -0.0622 -0.9581 -0.2796
vn -0.0673 -0.8729 -0.4832
vn -0.0614 -0.8640 -0.4998
vn -0.0558 -0.8599 -0.5075
vn -0.0628 -0.9340 -0.3517
vn -0.0767 -0.9925 -0.0951
vn -0.0926 -0.9950 0.0373
vn -0.1112 -0.9887 0.1005
vn -0.1146 -0.9876 0.1076
vn -0.1027 -0.9884 0.1116
vn -0.0860 -0.9918 0.0950
vn -0.0927 -0.9893 0.1126
vn -0.0735 -0.9972 -0.0108
vn 0.0001 -1.0000 0.0001
vn -0.0363 -0.9991 0.0203
vn -0.0220 -0.9995 -0.0220
vn 0.0203 -0.9991 -0.0363
vn -0.0772 -0.9965 0.0327
vn -0.0687 -0.9976 -0.0123
vn -0.0123 -0.9976 -0.0687
vn 0.0327 -0.9965 -0.0772
vn -0.0603 -0.9964 -0.0603
vn 0.0033 -1.0000 0.0033
vn -0.0122 -0.9998 0.0172
vn 0.0172 -0.9998 -0.0122
vn -0.0452 -0.9982 0.0402
vn -0.0823 -0.9951 0.0541
vn -0.1010 -0.9932 0.0584
vn -0.0986 -0.9944 0.0370
vn -0.0929 -0.9956 -0.0088
vn -0.0847 -0.9948 -0.0569
vn -0.0800 -0.9936 -0.0800
vn -0.0569 -0.9948 -0.0847
vn -0.0088 -0.9956 -0.0929
vn 0.0370 -0.9944 -0.0986
vn 0.0541 -0.9951 -0.0823
vn 0.0584 -0.9932 -0.1010
vn 0.0402 -0.9982 -0.0452
vn -0.0984 -0.9902 0.0987
vn -0.1126 -0.9877 0.1090
vn -0.0988 -0.9902 0.0988
vn -0.0812 -0.9936 0.0779
vn -0.1143 -0.9869 0.1143
vn -0.1090 -0.9877 0.1126
vn -0.0779 -0.9936 0.0812
vn -0.0552 -0.9969 0.0552
vn -0.0987 -0.9902 0.0984
vn -0.0878 -0.9919 0.0921
vn -0.0921 -0.9919 0.0878
vn -0.0658 -0.9954 0.0701
vn -0.0403 -0.9983 0.0430
vn -0.0430 -0.9983 0.0403
vn -0.0282 -0.9992 0.0282
vn -0.0701 -0.9954 0.0658
vn -0.0686 -0.2918 -0.9540
vn -0.0812 -0.0246 -0.9964
vn -0.0896 -0.0514 -0.9947
vn -0.0751 -0.3154 -0.9460
vn -0.0951 0.0863 -0.9917
vn -0.1053 0.0687 -0.9921
vn -0.0835 -0.0793 -0.9933
vn -0.0690 -0.3390 -0.9383
vn -0.0997 0.0491 -0.9938
vn -0.0561 -0.4581 -0.8871
vn -0.0622 -0.2796 -0.9581
vn -0.0617 -0.4663 -0.8824
vn -0.0735 -0.0108 -0.9972
vn -0.0860 0.0950 -0.9918
vn -0.0927 0.1126 -0.9893
vn -0.1027 0.1116 -0.9884
vn -0.1146 0.1076 -0.9876
vn -0.1112 0.1005 -0.9887
vn -0.0926 0.0373 -0.9950
vn -0.0767 -0.0951 -0.9925
vn -0.0628 -0.3517 -0.9340
vn -0.0614 -0.4998 -0.8640
vn -0.0558 -0.5075 -0.8599
vn -0.0673 -0.4832 -0.8729
vn 0.0001 0.0001 -1.0000
vn 0.0203 -0.0363 -0.9991
vn -0.0220 -0.0220 -0.9995
vn -0.0363 0.0203 -0.9991
vn 0.0327 -0.0772 -0.9965
vn -0.0123 -0.0687 -0.9976
vn -0.0687 -0.0123 -0.9976
vn -0.0772 0.0327 -0.9965
vn -0.0603 -0.0603 -0.9964
vn 0.0033 0.0033 -1.0000
vn 0.0172 -0.0122 -0.9998
vn -0.0122 0.0172 -0.9998
vn 0.0402 -0.0452 -0.9982
vn 0.0541 -0.0823 -0.9951
vn 0.0584 -0.1010 -0.9932
vn 0.0370 -0.0986 -0.9944
vn -0.0088 -0.0929 -0.9956
vn -0.0569 -0.0847 -0.9948
vn -0.0800 -0.0800 -0.9936
vn -0.0847 -0.0569 -0.9948
vn -0.0929 -0.0088 -0.9956
vn -0.0986 0.0370 -0.9944
vn -0.0823 0.0541 -0.9951
vn -0.1010 0.0584 -0.9932
vn -0.0452 0.0402 -0.9982
vn -0.0984 0.0987 -0.9902
vn -0.0812 0.0779 -0.9936
vn -0.0988 0.0988 -0.9902
vn -0.1126 0.1090 -0.9877
vn -0.0552 0.0552 -0.9969
vn -0.0779 0.0812 -0.9936
vn -0.1090 0.1126 -0.9877
vn -0.1143 0.1143 -0.9869
vn -0.0987 0.0984 -0.9902
vn -0.0878 0.0921 -0.9919
vn -0.0701 0.0658 -0.9954
vn -0.0430 0.0403 -0.9983
vn -0.0282 0.0282 -0.9992
vn -0.0403 0.0430 -0.9983
vn -0.0658 0.0701 -0.9954
vn -0.0921 0.0878 -0.9919
vn 0.0351 -0.1076 -0.9936
vn 0.0302 -0.0101 -0.9995
vn -0.0010 -0.0130 -0.9999
vn -0.0027 -0.1079 -0.9942
vn 0.0258 0.2598 -0.9653
vn -0.0003 0.2564 -0.9666
vn -0.0321 -0.0052 -0.9995
vn -0.0410 -0.0999 -0.9942
vn -0.0261 0.2621 -0.9647
vn 0.0571 -0.1267 -0.9903
vn 0.0535 -0.1049 -0.9930
vn 0.0370 -0.1277 -0.9911
vn 0.0456 -0.0049 -0.9989
vn 0.0388 0.2646 -0.9636
vn 0.0350 0.4459 -0.8944
vn 0.0233 0.4428 -0.8963
vn -0.0001 0.4400 -0.8980
vn -0.0234 0.4439 -0.8958
vn -0.0346 0.4473 -0.8937
vn -0.0386 0.2737 -0.9610
vn -0.0471 0.0055 -0.9989
vn -0.0596 -0.0925 -0.9939
vn -0.0450 -0.1186 -0.9919
vn -0.0668 -0.1124 -0.9914
vn -0.0035 -0.1265 -0.9920
vn 0.0351 -0.9936 -0.1076
vn -0.0027 -0.9942 -0.1079
vn -0.0010 -0.9999 -0.0130
vn 0.0302 -0.9995 -0.0101
vn -0.0410 -0.9942 -0.0999
vn -0.0321 -0.9995 -0.0052
vn -0.0003 -0.9666 0.2564
vn 0.0258 -0.9653 0.2598
vn -0.0261 -0.9647 0.2621
vn 0.0571 -0.9903 -0.1267
vn 0.0370 -0.9911 -0.1277
vn 0.0535 -0.9930 -0.1049
vn -0.0035 -0.9920 -0.1265
vn -0.0450 -0.9919 -0.1186
vn -0.0668 -0.9914 -0.1124
vn -0.0596 -0.9939 -0.0925
vn -0.0471 -0.9989 0.0055
vn -0.0386 -0.9610 0.2737
vn -0.0346 -0.8937 0.4473
vn -0.0234 -0.8958 0.4439
vn -0.0001 -0.8980 0.4400
vn 0.0233 -0.8963 0.4428
vn 0.0388 -0.9636 0.2646
vn 0.0350 -0.8944 0.4459
vn 0.0456 -0.9989 -0.0049
vn -0.4196 -0.9077 0.0043
vn -0.1382 -0.9904 -0.0003
vn -0.1485 -0.9801 0.1315
vn -0.4193 -0.8987 0.1286
vn 0.0088 -0.9999 -0.0125
vn -0.0047 -0.9925 0.1223
vn -0.1530 -0.9143 0.3750
vn -0.3978 -0.8483 0.3495
vn -0.0143 -0.9280 0.3723
vn -0.5871 -0.8089 -0.0326
vn -0.4190 -0.9073 -0.0356
vn -0.5872 -0.8094 0.0029
vn -0.1298 -0.9906 -0.0437
vn 0.0184 -0.9982 -0.0576
vn 0.0643 -0.9958 -0.0650
vn 0.0567 -0.9982 -0.0219
vn 0.0419 -0.9927 0.1131
vn 0.0307 -0.9302 0.3659
vn 0.0257 -0.8543 0.5191
vn -0.0177 -0.8526 0.5223
vn -0.1508 -0.8400 0.5212
vn -0.3706 -0.7899 0.4885
vn -0.5500 -0.7728 0.3167
vn -0.5146 -0.7315 0.4472
vn -0.5811 -0.8051 0.1189
vn -0.4196 0.0043 -0.9077
vn -0.4193 0.1286 -0.8987
vn -0.1485 0.1315 -0.9801
vn -0.1382 -0.0003 -0.9904
vn -0.3978 0.3495 -0.8483
vn -0.1530 0.3750 -0.9143
vn -0.0047 0.1223 -0.9925
vn 0.0088 -0.0125 -0.9999
vn -0.0143 0.3723 -0.9280
vn -0.5871 -0.0326 -0.8089
vn -0.5872 0.0029 -0.8094
vn -0.4190 -0.0356 -0.9073
vn -0.5811 0.1189 -0.8051
vn -0.5500 0.3167 -0.7728
vn -0.5146 0.4472 -0.7315
vn -0.3706 0.4885 -0.7899
vn -0.1508 0.5212 -0.8400
vn -0.0177 0.5223 -0.8526
vn 0.0257 0.5191 -0.8543
vn 0.0307 0.3659 -0.9302
vn 0.0419 0.1131 -0.9927
vn 0.0567 -0.0219 -0.9982
vn 0.0184 -0.0576 -0.9982
vn 0.0643 -0.0650 -0.9958
vn -0.1298 -0.0437 -0.9906
vn -0.2207 0.0321 -0.9748
vn -0.2247 0.0118 -0.9744
vn 0.0214 0.0037 -0.9998
vn 0.0163 0.0334 -0.9993
vn -0.2426 -0.0106 -0.9701
vn 0.0148 -0.0266 -0.9995
vn 0.1097 0.0032 -0.9940
vn 0.1022 0.0412 -0.9939
vn 0.1087 -0.0344 -0.9935
vn -0.3802 0.0394 -0.9241
vn -0.3816 0.0333 -0.9237
vn -0.2311 0.0414 -0.9720
vn -0.3920 0.0186 -0.9198
vn -0.4165 0.0007 -0.9091
vn -0.4325 -0.0094 -0.9016
vn -0.2518 -0.0226 -0.9675
vn 0.0081 -0.0418 -0.9991
vn 0.1056 -0.0528 -0.9930
vn 0.1269 -0.0570 -0.9903
vn 0.1280 -0.0369 -0.9911
vn 0.1269 0.0036 -0.9919
vn 0.1191 0.0450 -0.9919
vn 0.0951 0.0597 -0.9937
vn 0.1130 0.0668 -0.9914
vn 0.0065 0.0476 -0.9988
vn -0.3099 -0.0535 -0.9493
vn -0.3493 -0.0633 -0.9349
vn -0.0610 -0.0870 -0.9943
vn -0.0293 -0.0778 -0.9965
vn -0.3838 -0.0626 -0.9213
vn -0.0928 -0.0822 -0.9923
vn 0.0668 -0.1049 -0.9922
vn 0.0854 -0.0945 -0.9919
vn 0.0463 -0.0995 -0.9940
vn -0.4718 -0.0302 -0.8812
vn -0.4921 -0.0374 -0.8697
vn -0.2924 -0.0456 -0.9552
vn -0.5312 -0.0480 -0.8459
vn -0.5625 -0.0506 -0.8253
vn -0.5756 -0.0499 -0.8162
vn -0.3962 -0.0598 -0.9162
vn -0.1094 -0.0762 -0.9911
vn 0.0342 -0.0926 -0.9951
vn 0.0946 -0.0854 -0.9918
vn -0.0135 -0.0697 -0.9975
vn -0.2781 -0.3232 -0.9045
vn -0.2753 -0.0904 -0.9571
vn -0.0486 -0.0629 -0.9968
vn -0.0689 -0.3168 -0.9460
vn -0.2527 0.0189 -0.9674
vn -0.0241 0.0401 -0.9989
vn 0.0444 -0.0370 -0.9983
vn 0.0279 -0.2967 -0.9546
vn 0.0652 0.0622 -0.9959
vn -0.3937 -0.4580 -0.7970
vn -0.4172 -0.3122 -0.8535
vn -0.2627 -0.4768 -0.8388
vn -0.4229 -0.1036 -0.9002
vn -0.4041 0.0072 -0.9147
vn -0.3929 0.0390 -0.9188
vn -0.2314 0.0477 -0.9717
vn -0.0071 0.0646 -0.9979
vn 0.0773 0.0844 -0.9934
vn 0.0945 0.0939 -0.9911
vn 0.0852 0.0747 -0.9936
vn 0.0662 -0.0198 -0.9976
vn 0.0522 -0.2792 -0.9588
vn 0.0204 -0.4681 -0.8834
vn 0.0455 -0.4601 -0.8867
vn -0.0754 -0.4818 -0.8730
vn -0.2207 -0.9748 0.0321
vn 0.0163 -0.9993 0.0334
vn 0.0214 -0.9998 0.0037
vn -0.2247 -0.9744 0.0118
vn 0.1022 -0.9939 0.0412
vn 0.1097 -0.9940 0.0032
vn 0.0148 -0.9995 -0.0266
vn -0.2426 -0.9701 -0.0106
vn 0.1087 -0.9935 -0.0344
vn -0.3802 -0.9241 0.0394
vn -0.2311 -0.9720 0.0414
vn -0.3816 -0.9237 0.0333
vn 0.0065 -0.9988 0.0476
vn 0.0951 -0.9937 0.0597
vn 0.1130 -0.9914 0.0668
vn 0.1191 -0.9919 0.0450
vn 0.1269 -0.9919 0.0036
vn 0.1280 -0.9911 -0.0369
vn 0.1269 -0.9903 -0.0570
vn 0.1056 -0.9930 -0.0528
vn 0.0081 -0.9991 -0.0418
vn -0.2518 -0.9675 -0.0226
vn -0.4165 -0.9091 0.0007
vn -0.4325 -0.9016 -0.0094
vn -0.3920 -0.9198 0.0186
vn -0.3099 -0.9493 -0.0535
vn -0.0293 -0.9965 -0.0778
vn -0.0610 -0.9943 -0.0870
vn -0.3493 -0.9349 -0.0633
vn 0.0854 -0.9919 -0.0945
vn 0.0668 -0.9922 -0.1049
vn -0.0928 -0.9923 -0.0822
vn -0.3838 -0.9213 -0.0626
vn 0.0463 -0.9940 -0.0995
vn -0.4718 -0.8812 -0.0302
vn -0.2924 -0.9552 -0.0456
vn -0.4921 -0.8697 -0.0374
vn -0.0135 -0.9975 -0.0697
vn 0.0946 -0.9918 -0.0854
vn 0.0342 -0.9951 -0.0926
vn -0.1094 -0.9911 -0.0762
vn -0.3962 -0.9162 -0.0598
vn -0.5625 -0.8253 -0.0506
vn -0.5756 -0.8162 -0.0499
vn -0.5312 -0.8459 -0.0480
vn -0.2781 -0.9045 -0.3232
vn -0.0689 -0.9460 -0.3168
vn -0.0486 -0.9968 -0.0629
vn -0.2753 -0.9571 -0.0904
vn 0.0279 -0.9546 -0.2967
vn 0.0444 -0.9983 -0.0370
vn -0.0241 -0.9989 0.0401
vn -0.2527 -0.9674 0.0189
vn 0.0652 -0.9959 0.0622
vn -0.3937 -0.7970 -0.4580
vn -0.2627 -0.8388 -0.4768
vn -0.4172 -0.8535 -0.3122
vn -0.0754 -0.8730 -0.4818
vn 0.0204 -0.8834 -0.4681
vn 0.0455 -0.8867 -0.4601
vn 0.0522 -0.9588 -0.2792
vn 0.0662 -0.9976 -0.0198
vn 0.0852 -0.9936 0.0747
vn 0.0945 -0.9911 0.0939
vn 0.0773 -0.9934 0.0844
vn -0.0071 -0.9979 0.0646
vn -0.2314 -0.9717 0.0477
vn -0.4041 -0.9147 0.0072
vn -0.3929 -0.9188 0.0390
vn -0.4229 -0.9002 -0.1036
vn 0.0686 0.9540 -0.2918
vn 0.0751 0.9460 -0.3154
vn 0.0896 0.9947 -0.0514
vn 0.0812 0.9964 -0.0246
vn 0.0690 0.9383 -0.3390
vn 0.0835 0.9933 -0.0793
vn 0.1053 0.9921 0.0687
vn 0.0951 0.9917 0.0863
vn 0.0997 0.9938 0.0491
vn 0.0561 0.8871 -0.4581
vn 0.0617 0.8824 -0.4663
vn 0.0622 0.9581 -0.2796
vn 0.0673 0.8729 -0.4832
vn 0.0614 0.8640 -0.4998
vn 0.0558 0.8599 -0.5075
vn 0.0628 0.9340 -0.3517
vn 0.0767 0.9925 -0.0951
vn 0.0926 0.9950 0.0373
vn 0.1112 0.9887 0.1005
vn 0.1146 0.9876 0.1076
vn 0.1027 0.9884 0.1116
vn 0.0860 0.9918 0.0950
vn 0.0927 0.9893 0.1126
vn 0.0735 0.9972 -0.0108
vn -0.0001 1.0000 0.0001
vn 0.0363 0.9991 0.0203
vn 0.0220 0.9995 -0.0220
vn -0.0203 0.9991 -0.0363
vn 0.0772 0.9965 0.0327
vn 0.0687 0.9976 -0.0123
vn 0.0123 0.9976 -0.0687
vn -0.0327 0.9965 -0.0772
vn 0.0603 0.9964 -0.0603
vn -0.0033 1.0000 0.0033
vn 0.0122 0.9998 0.0172
vn -0.0172 0.9998 -0.0122
vn 0.0452 0.9982 0.0402
vn 0.0823 0.9951 0.0541
vn 0.1010 0.9932 0.0584
vn 0.0986 0.9944 0.0370
vn 0.0929 0.9956 -0.0088
vn 0.0847 0.9948 -0.0569
vn 0.0800 0.9936 -0.0800
vn 0.0569 0.9948 -0.0847
vn 0.0088 0.9956 -0.0929
vn -0.0370 0.9944 -0.0986
vn -0.0541 0.9951 -0.0823
vn -0.0584 0.9932 -0.1010
vn -0.0402 0.9982 -0.0452
vn 0.0984 0.9902 0.0987
vn 0.1126 0.9877 0.1090
vn 0.0988 0.9902 0.0988
vn 0.0812 0.9936 0.0779
vn 0.1143 0.9869 0.1143
vn 0.1090 0.9877 0.1126
vn 0.0779 0.9936 0.0812
vn 0.0552 0.9969 0.0552
vn 0.0987 0.9902 0.0984
vn 0.0878 0.9919 0.0921
vn 0.0921 0.9919 0.0878
vn 0.0658 0.9954 0.0701
vn 0.0403 0.9983 0.0430
vn 0.0430 0.9983 0.0403
vn 0.0282 0.9992 0.0282
vn 0.0701 0.9954 0.0658
vn 0.0686 -0.2918 0.9540
vn 0.0812 -0.0246 0.9964
vn 0.0896 -0.0514 0.9947
vn 0.0751 -0.3154 0.9460
vn 0.0951 0.0863 0.9917
vn 0.1053 0.0687 0.9921
vn 0.0835 -0.0793 0.9933
vn 0.0690 -0.3390 0.9383
vn 0.0997 0.0491 0.9938
vn 0.0561 -0.4581 0.8871
vn 0.0622 -0.2796 0.9581
vn 0.0617 -0.4663 0.8824
vn 0.0735 -0.0108 0.9972
vn 0.0860 0.0950 0.9918
vn 0.0927 0.1126 0.9893
vn 0.1027 0.1116 0.9884
vn 0.1146 0.1076 0.9876
vn 0.1112 0.1005 0.9887
vn 0.0926 0.0373 0.9950
vn 0.0767 -0.0951 0.9925
vn 0.0628 -0.3517 0.9340
vn 0.0614 -0.4998 0.8640
vn 0.0558 -0.5075 0.8599
vn 0.0673 -0.4832 0.8729
vn -0.0001 0.0001 1.0000
vn -0.0203 -0.0363 0.9991
vn 0.0220 -0.0220 0.9995
vn 0.0363 0.0203 0.9991
vn -0.0327 -0.0772 0.9965
vn 0.0123 -0.0687 0.9976
vn 0.0687 -0.0123 0.9976
vn 0.0772 0.0327 0.9965
vn 0.0603 -0.0603 0.9964
vn -0.0033 0.0033 1.0000
vn -0.0172 -0.0122 0.9998
vn 0.0122 0.0172 0.9998
vn -0.0402 -0.0452 0.9982
vn -0.0541 -0.0823 0.9951
vn -0.0584 -0.1010 0.9932
vn -0.0370 -0.0986 0.9944
vn 0.0088 -0.0929 0.9956
vn 0.0569 -0.0847 0.9948
vn 0.0800 -0.0800 0.9936
vn 0.0847 -0.0569 0.9948
vn 0.0929 -0.0088 0.9956
vn 0.0986 0.0370 0.9944
vn 0.0823 0.0541 0.9951
vn 0.1010 0.0584 0.9932
vn 0.0452 0.0402 0.9982
vn 0.0984 0.0987 0.9902
vn 0.0812 0.0779 0.9936
vn 0.0988 0.0988 0.9902
vn 0.1126 0.1090 0.9877
vn 0.0552 0.0552 0.9969
vn 0.0779 0.0812 0.9936
vn 0.1090 0.1126 0.9877
vn 0.1143 0.1143 0.9869
vn 0.0987 0.0984 0.9902
vn 0.0878 0.0921 0.9919
vn 0.0701 0.0658 0.9954
vn 0.0430 0.0403 0.9983
vn 0.0282 0.0282 0.9992
vn 0.0403 0.0430 0.9983
vn 0.0658 0.0701 0.9954
vn 0.0921 0.0878 0.9919
vn -0.0351 -0.1076 0.9936
vn -0.0302 -0.0101 0.9995
vn 0.0010 -0.0130 0.9999
vn 0.0027 -0.1079 0.9942
vn -0.0258 0.2598 0.9653
vn 0.0003 0.2564 0.9666
vn 0.0321 -0.0052 0.9995
vn 0.0410 -0.0999 0.9942
vn 0.0261 0.2621 0.9647
vn -0.0571 -0.1267 0.9903
vn -0.0535 -0.1049 0.9930
vn -0.0370 -0.1277 0.9911
vn -0.0456 -0.0049 0.9989
vn -0.0388 0.2646 0.9636
vn -0.0350 0.4459 0.8944
vn -0.0233 0.4428 0.8963
vn 0.0001 0.4400 0.8980
vn 0.0234 0.4439 0.8958
vn 0.0346 0.4473 0.8937
vn 0.0386 0.2737 0.9610
vn 0.0471 0.0055 0.9989
vn 0.0596 -0.0925 0.9939
vn 0.0450 -0.1186 0.9919
vn 0.0668 -0.1124 0.9914
vn 0.0035 -0.1265 0.9920
vn -0.0351 0.9936 -0.1076
vn 0.0027 0.9942 -0.1079
vn 0.0010 0.9999 -0.0130
vn -0.0302 0.9995 -0.0101
vn 0.0410 0.9942 -0.0999
vn 0.0321 0.9995 -0.0052
vn 0.0003 0.9666 0.2564
vn -0.0258 0.9653 0.2598
vn 0.0261 0.9647 0.2621
vn -0.0571 0.9903 -0.1267
vn -0.0370 0.9911 -0.1277
vn -0.0535 0.9930 -0.1049
vn 0.0035 0.9920 -0.1265
vn 0.0450 0.9919 -0.1186
vn 0.0668 0.9914 -0.1124
vn 0.0596 0.9939 -0.0925
vn 0.0471 0.9989 0.0055
vn 0.0386 0.9610 0.2737
vn 0.0346 0.8937 0.4473
vn 0.0234 0.8958 0.4439
vn 0.0001 0.8980 0.4400
vn -0.0233 0.8963 0.4428
vn -0.0388 0.9636 0.2646
vn -0.0350 0.8944 0.4459
vn -0.0456 0.9989 -0.0049
vt 0.066690 0.266644
vt 0.065454 0.288515
vt 0.043888 0.289445
vt 0.044818 0.267880
vt 0.064025 0.310817
vt 0.042814 0.311313
vt 0.022020 0.290520
vt 0.022516 0.269308
vt 0.021446 0.311887
vt 0.088953 0.244380
vt 0.087917 0.265697
vt 0.067637 0.245416
vt 0.086565 0.287803
vt 0.085002 0.310437
vt 0.083333 0.333333
vt 0.062500 0.333333
vt 0.041667 0.333333
vt 0.020833 0.333333
vt 0.000000 0.333333
vt 0.000000 0.312500
vt 0.000000 0.291667
vt 0.000000 0.270833
vt 0.022897 0.248332
vt 0.000000 0.250000
vt 0.045530 0.246769
vt 0.266644 0.599977
vt 0.288515 0.601213
vt 0.289445 0.622779
vt 0.267880 0.621849
vt 0.310817 0.602642
vt 0.311314 0.623853
vt 0.290520 0.644647
vt 0.269308 0.644150
vt 0.311887 0.645221
vt 0.244380 0.577714
vt 0.265697 0.578750
vt 0.245416 0.599030
vt 0.287803 0.580102
vt 0.310437 0.581665
vt 0.333333 0.583333
vt 0.333333 0.604167
vt 0.333333 0.625000
vt 0.333333 0.645833
vt 0.333333 0.666667
vt 0.312500 0.666667
vt 0.291667 0.666667
vt 0.270833 0.666667
vt 0.248332 0.643770
vt 0.250000 0.666667
vt 0.246769 0.621136
vt 0.599977 0.066690
vt 0.601213 0.044818
vt 0.622779 0.043888
vt 0.621849 0.065454
vt 0.602642 0.022516
vt 0.623853 0.022020
vt 0.644647 0.042814
vt 0.644150 0.064025
vt 0.645221 0.021446
vt 0.577714 0.088953
vt 0.578750 0.067637
vt 0.599030 0.087917
vt 0.580102 0.045530
vt 0.581665 0.022897
vt 0.583333 0.000000
vt 0.604167 0.000000
vt 0.625000 0.000000
vt 0.645833 0.000000
vt 0.666667 0.000000
vt 0.666667 0.020833
vt 0.666667 0.041667
vt 0.666667 0.062500
vt 0.643770 0.085002
vt 0.666667 0.083333
vt 0.621136 0.086565
vt 0.400023 0.599977
vt 0.398787 0.621849
vt 0.377222 0.622779
vt 0.378151 0.601213
vt 0.397358 0.644150
vt 0.376147 0.644647
vt 0.355353 0.623853
vt 0.355850 0.602642
vt 0.354779 0.645221
vt 0.422286 0.577714
vt 0.421250 0.599030
vt 0.400970 0.578750
vt 0.419898 0.621137
vt 0.418335 0.643770
vt 0.416667 0.666667
vt 0.395833 0.666667
vt 0.375000 0.666667
vt 0.354167 0.666667
vt 0.333333 0.666667
vt 0.333333 0.645833
vt 0.333333 0.625000
vt 0.333333 0.604167
vt 0.356230 0.581665
vt 0.333333 0.583333
vt 0.378864 0.580102
vt 0.066690 0.933311
vt 0.065454 0.955182
vt 0.043888 0.956112
vt 0.044818 0.934546
vt 0.064025 0.977484
vt 0.042814 0.977980
vt 0.022020 0.957186
vt 0.022516 0.935975
vt 0.021446 0.978554
vt 0.088953 0.911047
vt 0.087917 0.932363
vt 0.067637 0.912083
vt 0.086565 0.954470
vt 0.085002 0.977103
vt 0.083333 1.000000
vt 0.062500 1.000000
vt 0.041667 1.000000
vt 0.020833 1.000000
vt 0.000000 1.000000
vt 0.000000 0.979167
vt 0.000000 0.958333
vt 0.000000 0.937500
vt 0.022897 0.914998
vt 0.000000 0.916667
vt 0.045530 0.913435
vt 0.599977 0.933311
vt 0.621849 0.934546
vt 0.622779 0.956112
vt 0.601213 0.955182
vt 0.644150 0.935975
vt 0.644647 0.957187
vt 0.623853 0.977980
vt 0.602642 0.977484
vt 0.645221 0.978554
vt 0.577714 0.911047
vt 0.599030 0.912083
vt 0.578750 0.932363
vt 0.621137 0.913435
vt 0.643770 0.914998
vt 0.666667 0.916667
vt 0.666667 0.937500
vt 0.666667 0.958333
vt 0.666667 0.979167
vt 0.666667 1.000000
vt 0.645833 1.000000
vt 0.625000 1.000000
vt 0.604167 1.000000
vt 0.581665 0.977103
vt 0.583333 1.000000
vt 0.580102 0.954470
vt 0.437917 0.935542
vt 0.458531 0.934418
vt 0.458333 0.956015
vt 0.437616 0.956860
vt 0.478907 0.933294
vt 0.478892 0.955170
vt 0.458294 0.977929
vt 0.437510 0.978380
vt 0.478999 0.977477
vt 0.417791 0.915543
vt 0.438510 0.914524
vt 0.417141 0.936473
vt 0.458966 0.913295
vt 0.479105 0.912066
vt 0.498876 0.911047
vt 0.498973 0.932363
vt 0.499227 0.954470
vt 0.499587 0.977103
vt 0.500000 1.000000
vt 0.479167 1.000000
vt 0.458333 1.000000
vt 0.437500 1.000000
vt 0.416684 0.978754
vt 0.416667 1.000000
vt 0.416807 0.957561
vt 0.064458 0.771251
vt 0.065582 0.791864
vt 0.043985 0.791667
vt 0.043140 0.770950
vt 0.066706 0.812241
vt 0.044830 0.812226
vt 0.022071 0.791627
vt 0.021620 0.770843
vt 0.022523 0.812332
vt 0.084457 0.751124
vt 0.085476 0.771843
vt 0.063527 0.750474
vt 0.086705 0.792299
vt 0.087934 0.812439
vt 0.088953 0.832210
vt 0.067637 0.832306
vt 0.045530 0.832561
vt 0.022897 0.832921
vt 0.000000 0.833333
vt 0.000000 0.812500
vt 0.000000 0.791667
vt 0.000000 0.770833
vt 0.021246 0.750018
vt 0.000000 0.750000
vt 0.042439 0.750141
vt 0.602208 0.228749
vt 0.601085 0.208136
vt 0.622682 0.208333
vt 0.623527 0.229050
vt 0.599961 0.187759
vt 0.621837 0.187774
vt 0.644595 0.208373
vt 0.645047 0.229157
vt 0.644144 0.187668
vt 0.582209 0.248876
vt 0.581191 0.228157
vt 0.603139 0.249526
vt 0.579962 0.207701
vt 0.578732 0.187561
vt 0.577714 0.167791
vt 0.599030 0.167694
vt 0.621136 0.167439
vt 0.643770 0.167079
vt 0.666667 0.166667
vt 0.666667 0.187500
vt 0.666667 0.208333
vt 0.666667 0.229167
vt 0.645421 0.249982
vt 0.666667 0.250000
vt 0.624227 0.249860
vt 0.104584 0.602208
vt 0.125198 0.601085
vt 0.125000 0.622682
vt 0.104283 0.623527
vt 0.145574 0.599961
vt 0.145559 0.621837
vt 0.124960 0.644595
vt 0.104176 0.645047
vt 0.145666 0.644144
vt 0.084457 0.582209
vt 0.105176 0.581191
vt 0.083807 0.603139
vt 0.125632 0.579962
vt 0.145772 0.578732
vt 0.165543 0.577714
vt 0.165639 0.599030
vt 0.165894 0.621137
vt 0.166254 0.643770
vt 0.166667 0.666667
vt 0.145833 0.666667
vt 0.125000 0.666667
vt 0.104167 0.666667
vt 0.083351 0.645421
vt 0.083333 0.666667
vt 0.083474 0.624227
vt 0.518717 0.931786
vt 0.538387 0.931593
vt 0.539349 0.953890
vt 0.519321 0.954035
vt 0.558294 0.931786
vt 0.559534 0.954035
vt 0.540468 0.976794
vt 0.520047 0.976871
vt 0.560969 0.976871
vt 0.518296 0.910415
vt 0.537663 0.910204
vt 0.557346 0.910415
vt 0.562500 1.000000
vt 0.541667 1.000000
vt 0.520833 1.000000
vt 0.068215 0.852050
vt 0.068407 0.871721
vt 0.046110 0.872682
vt 0.045965 0.852654
vt 0.068215 0.891628
vt 0.045965 0.892868
vt 0.023206 0.873801
vt 0.023129 0.853380
vt 0.023129 0.894302
vt 0.089585 0.851629
vt 0.089796 0.870996
vt 0.089585 0.890679
vt 0.000000 0.895833
vt 0.000000 0.875000
vt 0.000000 0.854167
vt 0.598452 0.147950
vt 0.598260 0.128280
vt 0.620557 0.127318
vt 0.620702 0.147346
vt 0.598452 0.108372
vt 0.620702 0.107132
vt 0.643460 0.126199
vt 0.643538 0.146620
vt 0.643538 0.105698
vt 0.577082 0.148371
vt 0.576871 0.129004
vt 0.577082 0.109321
vt 0.666667 0.104167
vt 0.666667 0.125000
vt 0.666667 0.145833
vt 0.185384 0.598452
vt 0.205054 0.598260
vt 0.206015 0.620557
vt 0.185988 0.620702
vt 0.224961 0.598452
vt 0.226201 0.620702
vt 0.207135 0.643460
vt 0.186713 0.643538
vt 0.227635 0.643538
vt 0.184962 0.577082
vt 0.204329 0.576871
vt 0.224012 0.577082
vt 0.229167 0.666667
vt 0.208333 0.666667
vt 0.187500 0.666667
vt 0.021007 0.604151
vt 0.041993 0.604038
vt 0.041763 0.624903
vt 0.020885 0.624988
vt 0.062933 0.603733
vt 0.062628 0.624674
vt 0.041679 0.645782
vt 0.020840 0.645827
vt 0.062516 0.645659
vt 0.000000 0.583333
vt 0.021246 0.583316
vt 0.000000 0.604167
vt 0.042439 0.583193
vt 0.063527 0.582859
vt 0.062500 0.666667
vt 0.041667 0.666667
vt 0.020833 0.666667
vt 0.000000 0.645833
vt 0.000000 0.666667
vt 0.000000 0.625000
vt 0.603717 0.312759
vt 0.603910 0.291469
vt 0.624807 0.291667
vt 0.624662 0.312774
vt 0.603717 0.270416
vt 0.624662 0.270717
vt 0.645730 0.291706
vt 0.645653 0.312668
vt 0.645653 0.270824
vt 0.582209 0.334457
vt 0.582842 0.312562
vt 0.603139 0.334361
vt 0.583052 0.291034
vt 0.582842 0.269824
vt 0.666667 0.270833
vt 0.666667 0.291667
vt 0.666667 0.312500
vt 0.645421 0.333746
vt 0.666667 0.333333
vt 0.624227 0.334106
vt 0.062516 0.687674
vt 0.062628 0.708659
vt 0.041763 0.708430
vt 0.041679 0.687552
vt 0.062933 0.729600
vt 0.041993 0.729295
vt 0.020885 0.708345
vt 0.020840 0.687506
vt 0.021007 0.729183
vt 0.083333 0.666667
vt 0.083351 0.687913
vt 0.062500 0.666667
vt 0.083474 0.709106
vt 0.083808 0.730194
vt 0.000000 0.729167
vt 0.000000 0.708333
vt 0.000000 0.687500
vt 0.020833 0.666667
vt 0.000000 0.666667
vt 0.041667 0.666667
vt 0.354341 0.937484
vt 0.375326 0.937372
vt 0.375097 0.958237
vt 0.354218 0.958321
vt 0.396267 0.937067
vt 0.395962 0.958007
vt 0.375012 0.979115
vt 0.354173 0.979160
vt 0.395849 0.978993
vt 0.333333 0.916667
vt 0.354579 0.916649
vt 0.333333 0.937500
vt 0.375773 0.916526
vt 0.396861 0.916193
vt 0.395833 1.000000
vt 0.375000 1.000000
vt 0.354167 1.000000
vt 0.333333 0.979167
vt 0.333333 1.000000
vt 0.333333 0.958333
vt 0.227635 0.689796
vt 0.226201 0.712632
vt 0.206015 0.712776
vt 0.207135 0.689873
vt 0.224961 0.734881
vt 0.205054 0.735074
vt 0.185988 0.712632
vt 0.186713 0.689796
vt 0.185384 0.734881
vt 0.250000 0.666667
vt 0.248332 0.689563
vt 0.229167 0.666667
vt 0.246769 0.712197
vt 0.245417 0.734303
vt 0.244380 0.755620
vt 0.224012 0.756252
vt 0.204329 0.756463
vt 0.184962 0.756252
vt 0.165543 0.755620
vt 0.165639 0.734303
vt 0.165894 0.712197
vt 0.166254 0.689564
vt 0.187500 0.666667
vt 0.166667 0.666667
vt 0.439465 0.309771
vt 0.440594 0.287240
vt 0.460748 0.287127
vt 0.459858 0.309801
vt 0.441722 0.265103
vt 0.461625 0.264914
vt 0.480731 0.287317
vt 0.480128 0.310030
vt 0.481290 0.265112
vt 0.417791 0.332209
vt 0.418809 0.309962
vt 0.438527 0.332306
vt 0.420038 0.287663
vt 0.421268 0.265679
vt 0.422286 0.244380
vt 0.442654 0.243748
vt 0.462337 0.243537
vt 0.481704 0.243748
vt 0.501124 0.244380
vt 0.501027 0.265697
vt 0.500773 0.287803
vt 0.500413 0.310437
vt 0.479579 0.332921
vt 0.500000 0.333333
vt 0.459106 0.332561
vt 0.441699 0.146187
vt 0.440570 0.126345
vt 0.460555 0.127222
vt 0.461445 0.146745
vt 0.439442 0.106109
vt 0.459678 0.107237
vt 0.480079 0.128112
vt 0.480682 0.147349
vt 0.479520 0.108366
vt 0.422286 0.165543
vt 0.421268 0.145772
vt 0.442637 0.165639
vt 0.420038 0.125632
vt 0.418809 0.105176
vt 0.417791 0.084457
vt 0.438510 0.085476
vt 0.458966 0.086705
vt 0.479105 0.087934
vt 0.498876 0.088953
vt 0.498973 0.109303
vt 0.499227 0.128863
vt 0.499587 0.147897
vt 0.481230 0.166254
vt 0.500000 0.166667
vt 0.462197 0.165894
vt 0.224967 0.853813
vt 0.226097 0.873655
vt 0.206112 0.872779
vt 0.205222 0.853255
vt 0.227224 0.893891
vt 0.206989 0.892763
vt 0.186588 0.871888
vt 0.185985 0.852651
vt 0.187147 0.891634
vt 0.244380 0.834457
vt 0.245399 0.854228
vt 0.224030 0.834361
vt 0.246628 0.874368
vt 0.247858 0.894824
vt 0.248876 0.915543
vt 0.228157 0.914524
vt 0.207701 0.913295
vt 0.187561 0.912066
vt 0.167791 0.911047
vt 0.167694 0.890697
vt 0.167439 0.871137
vt 0.167079 0.852103
vt 0.185437 0.833746
vt 0.166667 0.833333
vt 0.204470 0.834106
vt 0.443231 0.223436
vt 0.443419 0.203907
vt 0.462873 0.203794
vt 0.462760 0.223247
vt 0.443221 0.184771
vt 0.462683 0.184801
vt 0.481866 0.203984
vt 0.481896 0.223446
vt 0.481636 0.185030
vt 0.422919 0.224012
vt 0.423129 0.204329
vt 0.422919 0.184962
vt 0.500413 0.185437
vt 0.500773 0.204470
vt 0.501027 0.224030
vt 0.223436 0.776564
vt 0.223247 0.796093
vt 0.203794 0.796206
vt 0.203907 0.776753
vt 0.223446 0.815229
vt 0.203984 0.815199
vt 0.184801 0.796016
vt 0.184771 0.776554
vt 0.185030 0.814970
vt 0.243748 0.775988
vt 0.243537 0.795671
vt 0.243748 0.815038
vt 0.166254 0.814563
vt 0.165894 0.795530
vt 0.165639 0.775970
vt 0.228749 0.935542
vt 0.229050 0.956860
vt 0.208333 0.956015
vt 0.208136 0.934418
vt 0.229157 0.978380
vt 0.208373 0.977929
vt 0.187774 0.955170
vt 0.187759 0.933294
vt 0.187668 0.977477
vt 0.249526 0.936473
vt 0.249859 0.957561
vt 0.249982 0.978754
vt 0.250000 1.000000
vt 0.229167 1.000000
vt 0.208333 1.000000
vt 0.187500 1.000000
vt 0.166667 1.000000
vt 0.167079 0.977103
vt 0.167439 0.954470
vt 0.167694 0.932363
vt 0.562083 0.602208
vt 0.562384 0.623527
vt 0.541667 0.622682
vt 0.541469 0.601085
vt 0.562490 0.645047
vt 0.541706 0.644595
vt 0.521108 0.621837
vt 0.521093 0.599961
vt 0.521001 0.644144
vt 0.582209 0.582209
vt 0.582859 0.603139
vt 0.561490 0.581191
vt 0.583193 0.624227
vt 0.583316 0.645421
vt 0.583333 0.666667
vt 0.562500 0.666667
vt 0.541667 0.666667
vt 0.520833 0.666667
vt 0.500000 0.666667
vt 0.500413 0.643770
vt 0.500773 0.621136
vt 0.501027 0.599030
vt 0.520895 0.578732
vt 0.501124 0.577714
vt 0.541035 0.579962
vt 0.437917 0.064458
vt 0.437616 0.043140
vt 0.458333 0.043985
vt 0.458531 0.065582
vt 0.437510 0.021620
vt 0.458294 0.022071
vt 0.478892 0.044830
vt 0.478907 0.066706
vt 0.478999 0.022523
vt 0.417141 0.063527
vt 0.416807 0.042439
vt 0.416684 0.021246
vt 0.416667 0.000000
vt 0.437500 0.000000
vt 0.458333 0.000000
vt 0.479167 0.000000
vt 0.500000 0.000000
vt 0.499587 0.022897
vt 0.499227 0.045530
vt 0.498973 0.067637
vt 0.228749 0.268875
vt 0.229050 0.290194
vt 0.208333 0.289349
vt 0.208136 0.267751
vt 0.229157 0.311713
vt 0.208373 0.311262
vt 0.187774 0.288503
vt 0.187759 0.266628
vt 0.187668 0.310811
vt 0.248876 0.248876
vt 0.249526 0.269806
vt 0.228157 0.247858
vt 0.249859 0.290894
vt 0.249982 0.312087
vt 0.250000 0.333333
vt 0.229167 0.333333
vt 0.208333 0.333333
vt 0.187500 0.333333
vt 0.166667 0.333333
vt 0.167079 0.310437
vt 0.167439 0.287803
vt 0.167694 0.265697
vt 0.187561 0.245399
vt 0.167791 0.244380
vt 0.207701 0.246628
vt 0.354341 0.062516
vt 0.354218 0.041679
vt 0.375097 0.041763
vt 0.375326 0.062628
vt 0.354173 0.020840
vt 0.375012 0.020885
vt 0.395962 0.041993
vt 0.396267 0.062933
vt 0.395849 0.021007
vt 0.333333 0.083333
vt 0.333333 0.062500
vt 0.354579 0.083351
vt 0.333333 0.041667
vt 0.333333 0.020833
vt 0.333333 0.000000
vt 0.354167 0.000000
vt 0.375000 0.000000
vt 0.395833 0.000000
vt 0.396861 0.083807
vt 0.375773 0.083474
vt 0.356462 0.227635
vt 0.356540 0.207135
vt 0.379443 0.206015
vt 0.379298 0.226201
vt 0.356462 0.186713
vt 0.379298 0.185988
vt 0.401741 0.205054
vt 0.401548 0.224961
vt 0.401548 0.185384
vt 0.333333 0.250000
vt 0.333333 0.229167
vt 0.356230 0.248332
vt 0.333333 0.208333
vt 0.333333 0.187500
vt 0.333333 0.166667
vt 0.356230 0.166254
vt 0.378864 0.165894
vt 0.400970 0.165639
vt 0.400970 0.245417
vt 0.378864 0.246769
vt 0.355856 0.145666
vt 0.355405 0.124960
vt 0.377318 0.125000
vt 0.378163 0.145559
vt 0.354953 0.104176
vt 0.376473 0.104283
vt 0.398915 0.125198
vt 0.400039 0.145574
vt 0.397792 0.104584
vt 0.333333 0.145833
vt 0.333333 0.125000
vt 0.333333 0.104167
vt 0.354953 0.311713
vt 0.355405 0.290468
vt 0.377318 0.289349
vt 0.376473 0.310988
vt 0.355856 0.269302
vt 0.378163 0.267868
vt 0.398915 0.288387
vt 0.397792 0.310384
vt 0.400039 0.266628
vt 0.333333 0.333333
vt 0.333333 0.312500
vt 0.354579 0.332921
vt 0.333333 0.291667
vt 0.333333 0.270833
vt 0.396861 0.332306
vt 0.375773 0.332561
vt 0.145666 0.689189
vt 0.145559 0.711497
vt 0.125000 0.710652
vt 0.124961 0.688738
vt 0.145574 0.733372
vt 0.125198 0.732249
vt 0.104283 0.709806
vt 0.104176 0.688287
vt 0.104584 0.731125
vt 0.145833 0.666667
vt 0.145772 0.754601
vt 0.125632 0.753372
vt 0.105176 0.752143
vt 0.104167 0.666667
vt 0.125000 0.666667
vt 0.148303 0.851697
vt 0.148532 0.870650
vt 0.129540 0.870460
vt 0.129350 0.851468
vt 0.148562 0.890112
vt 0.129427 0.889914
vt 0.110086 0.870573
vt 0.109888 0.851438
vt 0.109897 0.890103
vt 0.147897 0.832921
vt 0.148371 0.910415
vt 0.129004 0.910204
vt 0.109321 0.910415
vt 0.109303 0.832306
vt 0.128863 0.832561
vt 0.146187 0.775033
vt 0.146745 0.794778
vt 0.127222 0.793888
vt 0.126345 0.773903
vt 0.147349 0.814015
vt 0.128112 0.813412
vt 0.107237 0.793011
vt 0.106109 0.772776
vt 0.108366 0.812853
vt 0.147950 0.931785
vt 0.147346 0.954035
vt 0.127318 0.953890
vt 0.128280 0.931593
vt 0.146620 0.976871
vt 0.126199 0.976794
vt 0.107132 0.954035
vt 0.108372 0.931785
vt 0.105698 0.976871
vt 0.145833 1.000000
vt 0.125000 1.000000
vt 0.104167 1.000000
vt 0.481283 0.598452
vt 0.480679 0.620702
vt 0.460651 0.620557
vt 0.461613 0.598260
vt 0.479953 0.643538
vt 0.459532 0.643460
vt 0.440466 0.620702
vt 0.441706 0.598452
vt 0.439031 0.643538
vt 0.481704 0.577082
vt 0.479167 0.666667
vt 0.458333 0.666667
vt 0.437500 0.666667
vt 0.442654 0.577082
vt 0.462337 0.576871
vt 0.147950 0.265119
vt 0.147346 0.287369
vt 0.127318 0.287224
vt 0.128280 0.264926
vt 0.146620 0.310204
vt 0.126199 0.310127
vt 0.107132 0.287369
vt 0.108372 0.265119
vt 0.105698 0.310204
vt 0.148371 0.243748
vt 0.145833 0.333333
vt 0.125000 0.333333
vt 0.104167 0.333333
vt 0.109321 0.243748
vt 0.129004 0.243537
vt 0.312326 0.270817
vt 0.312448 0.291655
vt 0.291570 0.291570
vt 0.291341 0.270705
vt 0.312494 0.312494
vt 0.291655 0.312448
vt 0.270705 0.291341
vt 0.270400 0.270400
vt 0.270817 0.312326
vt 0.333333 0.250000
vt 0.333333 0.270833
vt 0.312087 0.249982
vt 0.333333 0.291667
vt 0.333333 0.312500
vt 0.333333 0.333333
vt 0.312500 0.333333
vt 0.291667 0.333333
vt 0.270833 0.333333
vt 0.269806 0.249526
vt 0.290894 0.249860
vt 0.645659 0.604151
vt 0.645782 0.624988
vt 0.624903 0.624904
vt 0.624674 0.604038
vt 0.645827 0.645827
vt 0.624988 0.645782
vt 0.604038 0.624674
vt 0.603733 0.603733
vt 0.604151 0.645659
vt 0.666667 0.583333
vt 0.666667 0.604167
vt 0.645421 0.583316
vt 0.666667 0.625000
vt 0.666667 0.645833
vt 0.666667 0.666667
vt 0.645833 0.666667
vt 0.625000 0.666667
vt 0.604167 0.666667
vt 0.603139 0.582859
vt 0.624227 0.583193
vt 0.312326 0.937484
vt 0.312448 0.958321
vt 0.291570 0.958237
vt 0.291341 0.937372
vt 0.312494 0.979160
vt 0.291655 0.979115
vt 0.270705 0.958007
vt 0.270400 0.937067
vt 0.270817 0.978993
vt 0.333333 0.916667
vt 0.333333 0.937500
vt 0.312087 0.916649
vt 0.333333 0.958333
vt 0.333333 0.979167
vt 0.333333 1.000000
vt 0.312500 1.000000
vt 0.291667 1.000000
vt 0.270833 1.000000
vt 0.269806 0.916193
vt 0.290894 0.916526
vt 0.310204 0.772365
vt 0.310127 0.792865
vt 0.287224 0.793985
vt 0.287369 0.773799
vt 0.310204 0.813287
vt 0.287369 0.814013
vt 0.264926 0.794946
vt 0.265119 0.775039
vt 0.265119 0.814617
vt 0.333333 0.750000
vt 0.333333 0.770833
vt 0.310437 0.751668
vt 0.333333 0.791667
vt 0.333333 0.812500
vt 0.333333 0.833333
vt 0.310437 0.833746
vt 0.287803 0.834106
vt 0.265697 0.834361
vt 0.265697 0.754584
vt 0.287803 0.753231
vt 0.310811 0.854334
vt 0.311262 0.875040
vt 0.289349 0.875000
vt 0.288503 0.854441
vt 0.311713 0.895824
vt 0.290194 0.895717
vt 0.267751 0.874803
vt 0.266628 0.854426
vt 0.268875 0.895416
vt 0.333333 0.854167
vt 0.333333 0.875000
vt 0.333333 0.895833
vt 0.311887 0.688113
vt 0.311314 0.709480
vt 0.289445 0.710555
vt 0.290520 0.688687
vt 0.310817 0.730692
vt 0.288515 0.732120
vt 0.267880 0.711485
vt 0.269308 0.689183
vt 0.266644 0.733356
vt 0.333333 0.666667
vt 0.333333 0.687500
vt 0.333333 0.708333
vt 0.333333 0.729167
vt 0.270833 0.666667
vt 0.291667 0.666667
vt 0.520827 0.310985
vt 0.521056 0.288555
vt 0.541570 0.289445
vt 0.541380 0.311588
vt 0.521086 0.266634
vt 0.541457 0.267763
vt 0.562255 0.290322
vt 0.562057 0.312147
vt 0.562067 0.268891
vt 0.520421 0.333746
vt 0.520895 0.245399
vt 0.541035 0.246628
vt 0.561490 0.247858
vt 0.561473 0.334361
vt 0.540894 0.334106
vt 0.518364 0.148303
vt 0.518134 0.129350
vt 0.537127 0.129540
vt 0.537317 0.148532
vt 0.518104 0.109888
vt 0.537240 0.110086
vt 0.556581 0.129427
vt 0.556779 0.148562
vt 0.556769 0.109897
vt 0.518770 0.167079
vt 0.518296 0.089585
vt 0.537663 0.089796
vt 0.557346 0.089585
vt 0.557363 0.167694
vt 0.537803 0.167439
vt 0.520480 0.224967
vt 0.519921 0.205222
vt 0.539445 0.206112
vt 0.540322 0.226097
vt 0.519318 0.185985
vt 0.538555 0.186588
vt 0.559430 0.206989
vt 0.560558 0.227224
vt 0.558301 0.187147
vt 0.518717 0.068215
vt 0.519321 0.045965
vt 0.539349 0.046110
vt 0.538387 0.068407
vt 0.520047 0.023129
vt 0.540468 0.023206
vt 0.559534 0.045965
vt 0.558294 0.068215
vt 0.560969 0.023129
vt 0.520833 0.000000
vt 0.541667 0.000000
vt 0.562500 0.000000
vt 0.643538 0.439031
vt 0.643460 0.459532
vt 0.620557 0.460651
vt 0.620702 0.440466
vt 0.643538 0.479953
vt 0.620702 0.480679
vt 0.598260 0.461613
vt 0.598452 0.441706
vt 0.598452 0.481283
vt 0.666667 0.416667
vt 0.666667 0.437500
vt 0.643770 0.418335
vt 0.666667 0.458333
vt 0.666667 0.479167
vt 0.666667 0.500000
vt 0.643770 0.500413
vt 0.621136 0.500773
vt 0.599030 0.501027
vt 0.577714 0.501124
vt 0.577082 0.481704
vt 0.576871 0.462337
vt 0.577082 0.442654
vt 0.599030 0.421250
vt 0.577714 0.422286
vt 0.621137 0.419898
vt 0.310204 0.105698
vt 0.310127 0.126199
vt 0.287224 0.127318
vt 0.287369 0.107132
vt 0.310204 0.146620
vt 0.287369 0.147346
vt 0.264926 0.128280
vt 0.265119 0.108372
vt 0.265119 0.147950
vt 0.333333 0.083333
vt 0.333333 0.104167
vt 0.310437 0.085002
vt 0.333333 0.125000
vt 0.333333 0.145833
vt 0.333333 0.166667
vt 0.310437 0.167079
vt 0.287803 0.167439
vt 0.265697 0.167694
vt 0.244380 0.167791
vt 0.243748 0.148371
vt 0.243537 0.129004
vt 0.243748 0.109321
vt 0.265697 0.087917
vt 0.244380 0.088953
vt 0.287803 0.086565
vt 0.146187 0.108366
vt 0.146745 0.128112
vt 0.127222 0.127222
vt 0.126345 0.107237
vt 0.147349 0.147349
vt 0.128112 0.146745
vt 0.107237 0.126345
vt 0.106109 0.106109
vt 0.108366 0.146187
vt 0.165543 0.088953
vt 0.165639 0.109303
vt 0.145772 0.087934
vt 0.165894 0.128863
vt 0.166254 0.147897
vt 0.166667 0.166667
vt 0.147897 0.166254
vt 0.128864 0.165894
vt 0.109303 0.165639
vt 0.088953 0.165543
vt 0.087934 0.145772
vt 0.086705 0.125632
vt 0.085476 0.105176
vt 0.105176 0.085476
vt 0.084457 0.084457
vt 0.125632 0.086705
vt 0.479520 0.441699
vt 0.480079 0.461445
vt 0.460555 0.460555
vt 0.459678 0.440570
vt 0.480682 0.480682
vt 0.461445 0.480079
vt 0.440570 0.459678
vt 0.439442 0.439442
vt 0.441699 0.479520
vt 0.498876 0.422286
vt 0.498973 0.442637
vt 0.479105 0.421268
vt 0.499227 0.462197
vt 0.499587 0.481230
vt 0.500000 0.500000
vt 0.481230 0.499587
vt 0.462197 0.499227
vt 0.442637 0.498973
vt 0.422286 0.498876
vt 0.421268 0.479105
vt 0.420038 0.458966
vt 0.418809 0.438510
vt 0.438510 0.418809
vt 0.417791 0.417791
vt 0.458966 0.420038
vt 0.223436 0.109897
vt 0.223247 0.129427
vt 0.203794 0.129540
vt 0.203907 0.110086
vt 0.223446 0.148562
vt 0.203984 0.148532
vt 0.184801 0.129350
vt 0.184771 0.109888
vt 0.185030 0.148303
vt 0.224012 0.089585
vt 0.224030 0.167694
vt 0.204470 0.167439
vt 0.185437 0.167079
vt 0.184962 0.089585
vt 0.204329 0.089796
vt 0.556769 0.443231
vt 0.556581 0.462760
vt 0.537127 0.462873
vt 0.537240 0.443419
vt 0.556779 0.481896
vt 0.537317 0.481866
vt 0.518134 0.462683
vt 0.518104 0.443221
vt 0.518364 0.481636
vt 0.557346 0.422919
vt 0.557363 0.501027
vt 0.537803 0.500773
vt 0.518770 0.500413
vt 0.518296 0.422919
vt 0.537663 0.423129
vt 0.356462 0.772365
vt 0.379298 0.773799
vt 0.379443 0.793985
vt 0.356540 0.792865
vt 0.401548 0.775039
vt 0.401741 0.794946
vt 0.379298 0.814013
vt 0.356462 0.813287
vt 0.401548 0.814617
vt 0.333333 0.750000
vt 0.356230 0.751668
vt 0.333333 0.770833
vt 0.378864 0.753231
vt 0.400970 0.754584
vt 0.422286 0.755620
vt 0.422919 0.775988
vt 0.423129 0.795671
vt 0.422919 0.815038
vt 0.422286 0.834457
vt 0.400970 0.834361
vt 0.378864 0.834106
vt 0.356230 0.833746
vt 0.333333 0.812500
vt 0.333333 0.833333
vt 0.333333 0.791667
vt 0.023129 0.439031
vt 0.045965 0.440466
vt 0.046110 0.460651
vt 0.023206 0.459532
vt 0.068215 0.441706
vt 0.068407 0.461613
vt 0.045965 0.480679
vt 0.023129 0.479953
vt 0.068215 0.481283
vt 0.000000 0.416667
vt 0.022897 0.418335
vt 0.000000 0.437500
vt 0.045530 0.419898
vt 0.067637 0.421250
vt 0.088953 0.422286
vt 0.089585 0.442654
vt 0.089796 0.462337
vt 0.089585 0.481704
vt 0.088953 0.501124
vt 0.067637 0.501027
vt 0.045530 0.500773
vt 0.022897 0.500413
vt 0.000000 0.479167
vt 0.000000 0.500000
vt 0.000000 0.458333
vt 0.187147 0.441699
vt 0.206989 0.440570
vt 0.206112 0.460555
vt 0.186588 0.461445
vt 0.227224 0.439442
vt 0.226097 0.459678
vt 0.205222 0.480079
vt 0.185985 0.480682
vt 0.224967 0.479520
vt 0.167791 0.422286
vt 0.187561 0.421268
vt 0.167694 0.442637
vt 0.207701 0.420038
vt 0.228157 0.418809
vt 0.248876 0.417791
vt 0.247858 0.438510
vt 0.246628 0.458966
vt 0.245399 0.479105
vt 0.244380 0.498876
vt 0.224030 0.498973
vt 0.204470 0.499227
vt 0.185437 0.499587
vt 0.167079 0.481230
vt 0.166667 0.500000
vt 0.167439 0.462197
vt 0.520480 0.775033
vt 0.540322 0.773903
vt 0.539445 0.793888
vt 0.519921 0.794778
vt 0.560558 0.772776
vt 0.559430 0.793011
vt 0.538555 0.813412
vt 0.519318 0.814015
vt 0.558301 0.812853
vt 0.501124 0.755620
vt 0.520895 0.754601
vt 0.501027 0.775970
vt 0.541035 0.753372
vt 0.561490 0.752142
vt 0.582209 0.751124
vt 0.581191 0.771843
vt 0.579962 0.792299
vt 0.578732 0.812439
vt 0.577714 0.832209
vt 0.557363 0.832306
vt 0.537803 0.832561
vt 0.518770 0.832921
vt 0.500413 0.814563
vt 0.500000 0.833333
vt 0.500773 0.795530
vt 0.109897 0.443231
vt 0.129427 0.443419
vt 0.129540 0.462873
vt 0.110086 0.462760
vt 0.148562 0.443221
vt 0.148532 0.462683
vt 0.129350 0.481866
vt 0.109888 0.481896
vt 0.148303 0.481636
vt 0.109321 0.422919
vt 0.129004 0.423129
vt 0.148371 0.422919
vt 0.147897 0.500413
vt 0.128863 0.500773
vt 0.109303 0.501027
vt 0.443231 0.776564
vt 0.462760 0.776753
vt 0.462873 0.796206
vt 0.443419 0.796093
vt 0.481896 0.776554
vt 0.481866 0.796016
vt 0.462683 0.815199
vt 0.443221 0.815229
vt 0.481636 0.814970
vt 0.442654 0.756252
vt 0.462337 0.756463
vt 0.481704 0.756252
vt 0.481230 0.833746
vt 0.462197 0.834106
vt 0.442637 0.834361
vt 0.602208 0.771251
vt 0.623527 0.770950
vt 0.622682 0.791667
vt 0.601085 0.791864
vt 0.645047 0.770843
vt 0.644595 0.791627
vt 0.621837 0.812226
vt 0.599961 0.812241
vt 0.644144 0.812332
vt 0.603139 0.750474
vt 0.624227 0.750141
vt 0.645421 0.750018
vt 0.666667 0.750000
vt 0.666667 0.770833
vt 0.666667 0.791667
vt 0.666667 0.812500
vt 0.666667 0.833333
vt 0.643770 0.832921
vt 0.621136 0.832561
vt 0.599030 0.832306
vt 0.397792 0.437917
vt 0.398915 0.458531
vt 0.377318 0.458333
vt 0.376473 0.437616
vt 0.400039 0.478907
vt 0.378163 0.478892
vt 0.355405 0.458294
vt 0.354953 0.437510
vt 0.355856 0.478999
vt 0.396861 0.417141
vt 0.400970 0.498973
vt 0.378864 0.499227
vt 0.356230 0.499587
vt 0.333333 0.500000
vt 0.333333 0.479167
vt 0.333333 0.458333
vt 0.333333 0.437500
vt 0.354579 0.416684
vt 0.333333 0.416667
vt 0.375773 0.416807
vt 0.268875 0.437917
vt 0.290194 0.437616
vt 0.289349 0.458333
vt 0.267751 0.458531
vt 0.311713 0.437510
vt 0.311262 0.458294
vt 0.288503 0.478892
vt 0.266628 0.478907
vt 0.310811 0.478999
vt 0.269806 0.417141
vt 0.290894 0.416807
vt 0.312087 0.416684
vt 0.333333 0.416667
vt 0.333333 0.437500
vt 0.333333 0.458333
vt 0.333333 0.479167
vt 0.333333 0.500000
vt 0.310437 0.499587
vt 0.287803 0.499227
vt 0.265697 0.498973
vt 0.064458 0.104584
vt 0.065582 0.125198
vt 0.043985 0.125000
vt 0.043140 0.104283
vt 0.066706 0.145574
vt 0.044830 0.145559
vt 0.022071 0.124960
vt 0.021620 0.104176
vt 0.022523 0.145666
vt 0.063527 0.083807
vt 0.067637 0.165639
vt 0.045530 0.165894
vt 0.022897 0.166254
vt 0.000000 0.166667
vt 0.000000 0.145833
vt 0.000000 0.125000
vt 0.000000 0.104167
vt 0.021246 0.083351
vt 0.000000 0.083333
vt 0.042439 0.083474
vt 0.062516 0.021007
vt 0.062628 0.041993
vt 0.041763 0.041763
vt 0.041679 0.020885
vt 0.062933 0.062933
vt 0.041993 0.062628
vt 0.020885 0.041679
vt 0.020840 0.020840
vt 0.021007 0.062516
vt 0.083333 0.000000
vt 0.083351 0.021246
vt 0.062500 0.000000
vt 0.083474 0.042439
vt 0.083808 0.063527
vt 0.000000 0.062500
vt 0.000000 0.041667
vt 0.000000 0.020833
vt 0.020833 0.000000
vt 0.000000 0.000000
vt 0.041667 0.000000
vt 0.270817 0.354341
vt 0.291655 0.354218
vt 0.291570 0.375097
vt 0.270705 0.375326
vt 0.312494 0.354173
vt 0.312448 0.375012
vt 0.291341 0.395962
vt 0.270400 0.396267
vt 0.312326 0.395849
vt 0.250000 0.333333
vt 0.270833 0.333333
vt 0.249982 0.354579
vt 0.291667 0.333333
vt 0.312500 0.333333
vt 0.333333 0.333333
vt 0.333333 0.354167
vt 0.333333 0.375000
vt 0.333333 0.395833
vt 0.249526 0.396861
vt 0.249860 0.375773
vt 0.105698 0.356462
vt 0.126199 0.356540
vt 0.127318 0.379443
vt 0.107132 0.379298
vt 0.146620 0.356462
vt 0.147346 0.379298
vt 0.128280 0.401741
vt 0.108372 0.401548
vt 0.147950 0.401548
vt 0.083333 0.333333
vt 0.104167 0.333333
vt 0.085002 0.356230
vt 0.125000 0.333333
vt 0.145833 0.333333
vt 0.166667 0.333333
vt 0.167079 0.356230
vt 0.167439 0.378864
vt 0.167694 0.400970
vt 0.087917 0.400970
vt 0.086565 0.378864
vt 0.187668 0.355856
vt 0.208373 0.355405
vt 0.208333 0.377318
vt 0.187774 0.378163
vt 0.229157 0.354953
vt 0.229050 0.376473
vt 0.208136 0.398915
vt 0.187759 0.400039
vt 0.228749 0.397792
vt 0.187500 0.333333
vt 0.208333 0.333333
vt 0.229167 0.333333
vt 0.021446 0.354779
vt 0.042814 0.355353
vt 0.043888 0.377222
vt 0.022020 0.376147
vt 0.064025 0.355850
vt 0.065454 0.378151
vt 0.044818 0.398787
vt 0.022516 0.397358
vt 0.066690 0.400023
vt 0.000000 0.333333
vt 0.020833 0.333333
vt 0.000000 0.354167
vt 0.041667 0.333333
vt 0.062500 0.333333
vt 0.000000 0.395833
vt 0.000000 0.375000
vt 0.227635 0.023129
vt 0.226201 0.045965
vt 0.206015 0.046110
vt 0.207135 0.023206
vt 0.224961 0.068215
vt 0.205054 0.068407
vt 0.185988 0.045965
vt 0.186713 0.023129
vt 0.185384 0.068215
vt 0.250000 0.000000
vt 0.248332 0.022897
vt 0.229167 0.000000
vt 0.246769 0.045530
vt 0.245417 0.067637
vt 0.165639 0.067637
vt 0.165894 0.045530
vt 0.166254 0.022897
vt 0.187500 0.000000
vt 0.166667 0.000000
vt 0.208333 0.000000
vt 0.145666 0.022523
vt 0.145559 0.044830
vt 0.125000 0.043985
vt 0.124961 0.022071
vt 0.145574 0.066706
vt 0.125198 0.065582
vt 0.104283 0.043140
vt 0.104176 0.021620
vt 0.104584 0.064458
vt 0.145833 0.000000
vt 0.104167 0.000000
vt 0.125000 0.000000
vt 0.311887 0.021446
vt 0.311314 0.042814
vt 0.289445 0.043888
vt 0.290520 0.022020
vt 0.310817 0.064025
vt 0.288516 0.065454
vt 0.267880 0.044818
vt 0.269308 0.022516
vt 0.266644 0.066690
vt 0.333333 0.000000
vt 0.333333 0.020833
vt 0.312500 0.000000
vt 0.333333 0.041667
vt 0.333333 0.062500
vt 0.270833 0.000000
vt 0.291667 0.000000
vt 0.644144 0.521001
vt 0.644595 0.541706
vt 0.622682 0.541667
vt 0.621837 0.521108
vt 0.645047 0.562490
vt 0.623527 0.562384
vt 0.601085 0.541469
vt 0.599961 0.521093
vt 0.602208 0.562083
vt 0.666667 0.520833
vt 0.666667 0.541667
vt 0.666667 0.562500
vt 0.581191 0.561490
vt 0.579962 0.541035
vt 0.578732 0.520895
vt 0.481636 0.518364
vt 0.481866 0.537317
vt 0.462873 0.537127
vt 0.462683 0.518134
vt 0.481896 0.556779
vt 0.462760 0.556581
vt 0.443419 0.537240
vt 0.443221 0.518104
vt 0.443231 0.556769
vt 0.500413 0.518770
vt 0.500773 0.537803
vt 0.501027 0.557363
vt 0.422919 0.557346
vt 0.423129 0.537663
vt 0.422919 0.518296
vt 0.558301 0.520480
vt 0.559430 0.540322
vt 0.539445 0.539445
vt 0.538555 0.519921
vt 0.560558 0.560558
vt 0.540322 0.559430
vt 0.519921 0.538555
vt 0.519318 0.519318
vt 0.520480 0.558301
vt 0.355856 0.854334
vt 0.378163 0.854441
vt 0.377318 0.875000
vt 0.355405 0.875040
vt 0.400039 0.854426
vt 0.398915 0.874803
vt 0.376473 0.895717
vt 0.354953 0.895824
vt 0.397792 0.895416
vt 0.333333 0.854167
vt 0.421268 0.854228
vt 0.420039 0.874368
vt 0.418809 0.894824
vt 0.333333 0.895833
vt 0.333333 0.875000
vt 0.518364 0.851697
vt 0.537317 0.851468
vt 0.537127 0.870460
vt 0.518134 0.870650
vt 0.556779 0.851438
vt 0.556581 0.870573
vt 0.537240 0.889914
vt 0.518104 0.890112
vt 0.556769 0.890103
vt 0.499587 0.852103
vt 0.577082 0.851629
vt 0.576871 0.870996
vt 0.577082 0.890679
vt 0.498973 0.890697
vt 0.499227 0.871137
vt 0.441699 0.853813
vt 0.461445 0.853255
vt 0.460555 0.872779
vt 0.440570 0.873655
vt 0.480682 0.852651
vt 0.480079 0.871888
vt 0.459678 0.892763
vt 0.439442 0.893891
vt 0.479520 0.891634
vt 0.598452 0.852050
vt 0.620702 0.852654
vt 0.620557 0.872682
vt 0.598260 0.871721
vt 0.643538 0.853380
vt 0.643460 0.873802
vt 0.620702 0.892868
vt 0.598452 0.891628
vt 0.643538 0.894302
vt 0.666667 0.854167
vt 0.666667 0.875000
vt 0.666667 0.895833
vt 0.401548 0.518717
vt 0.401741 0.538387
vt 0.379443 0.539349
vt 0.379298 0.519321
vt 0.401548 0.558294
vt 0.379298 0.559534
vt 0.356540 0.540468
vt 0.356462 0.520047
vt 0.356462 0.560969
vt 0.333333 0.562500
vt 0.333333 0.541667
vt 0.333333 0.520833
vt 0.396283 0.353907
vt 0.396090 0.375198
vt 0.375193 0.375000
vt 0.375338 0.353892
vt 0.396283 0.396251
vt 0.375338 0.395950
vt 0.354270 0.374961
vt 0.354347 0.353999
vt 0.354347 0.395843
vt 0.417158 0.354105
vt 0.416948 0.375632
vt 0.417158 0.396843
vt 0.333333 0.395833
vt 0.333333 0.375000
vt 0.333333 0.354167
vt 0.604151 0.687674
vt 0.624988 0.687552
vt 0.624904 0.708430
vt 0.604038 0.708659
vt 0.645827 0.687506
vt 0.645782 0.708345
vt 0.624674 0.729295
vt 0.603733 0.729600
vt 0.645659 0.729183
vt 0.583333 0.666667
vt 0.604167 0.666667
vt 0.583316 0.687913
vt 0.625000 0.666667
vt 0.645833 0.666667
vt 0.666667 0.666667
vt 0.666667 0.687500
vt 0.666667 0.708333
vt 0.666667 0.729167
vt 0.582859 0.730194
vt 0.583193 0.709106
vt 0.439031 0.689796
vt 0.459532 0.689873
vt 0.460651 0.712776
vt 0.440466 0.712632
vt 0.479953 0.689796
vt 0.480679 0.712632
vt 0.461613 0.735074
vt 0.441706 0.734881
vt 0.481283 0.734881
vt 0.416667 0.666667
vt 0.437500 0.666667
vt 0.418335 0.689564
vt 0.458333 0.666667
vt 0.479167 0.666667
vt 0.500000 0.666667
vt 0.500413 0.689564
vt 0.500773 0.712197
vt 0.501027 0.734303
vt 0.421250 0.734303
vt 0.419898 0.712197
vt 0.521001 0.689190
vt 0.541706 0.688738
vt 0.541667 0.710652
vt 0.521108 0.711497
vt 0.562490 0.688287
vt 0.562384 0.709806
vt 0.541469 0.732249
vt 0.521093 0.733372
vt 0.562083 0.731125
vt 0.520833 0.666667
vt 0.541667 0.666667
vt 0.562500 0.666667
vt 0.354779 0.688113
vt 0.376147 0.688687
vt 0.377222 0.710555
vt 0.355353 0.709480
vt 0.397358 0.689183
vt 0.398787 0.711485
vt 0.378151 0.732120
vt 0.355850 0.730692
vt 0.400023 0.733356
vt 0.333333 0.666667
vt 0.354167 0.666667
vt 0.333333 0.687500
vt 0.375000 0.666667
vt 0.395833 0.666667
vt 0.333333 0.729167
vt 0.333333 0.708333
vt 0.560535 0.356896
vt 0.559406 0.379427
vt 0.539252 0.379540
vt 0.540142 0.356866
vt 0.558278 0.401564
vt 0.538375 0.401753
vt 0.519269 0.379350
vt 0.519873 0.356636
vt 0.518710 0.401554
vt 0.581191 0.356704
vt 0.579962 0.379004
vt 0.578732 0.400988
vt 0.498973 0.400970
vt 0.499227 0.378864
vt 0.499587 0.356230
vt 0.479173 0.355682
vt 0.478944 0.378112
vt 0.458430 0.377222
vt 0.458620 0.355079
vt 0.478914 0.400033
vt 0.458543 0.398903
vt 0.437745 0.376345
vt 0.437943 0.354520
vt 0.437933 0.397776
vt 0.645047 0.354953
vt 0.644595 0.376199
vt 0.622682 0.377318
vt 0.623527 0.355679
vt 0.644144 0.397365
vt 0.621837 0.398799
vt 0.601085 0.378280
vt 0.602208 0.356283
vt 0.599961 0.400039
vt 0.666667 0.354167
vt 0.666667 0.375000
vt 0.666667 0.395833
vt 0.310811 0.187668
vt 0.311262 0.208373
vt 0.289349 0.208333
vt 0.288503 0.187774
vt 0.311713 0.229157
vt 0.290194 0.229050
vt 0.267751 0.208136
vt 0.266628 0.187759
vt 0.268875 0.228749
vt 0.333333 0.187500
vt 0.333333 0.208333
vt 0.333333 0.229167
vt 0.247858 0.228157
vt 0.246628 0.207701
vt 0.245399 0.187561
vt 0.148303 0.185030
vt 0.148532 0.203984
vt 0.129540 0.203794
vt 0.129350 0.184801
vt 0.148562 0.223446
vt 0.129427 0.223247
vt 0.110086 0.203907
vt 0.109888 0.184771
vt 0.109897 0.223436
vt 0.167079 0.185437
vt 0.167439 0.204470
vt 0.167694 0.224030
vt 0.089585 0.224012
vt 0.089796 0.204329
vt 0.089585 0.184962
vt 0.224967 0.187147
vt 0.226097 0.206989
vt 0.206112 0.206112
vt 0.205222 0.186588
vt 0.227224 0.227224
vt 0.206989 0.226097
vt 0.186588 0.205222
vt 0.185985 0.185985
vt 0.187147 0.224967
vt 0.022523 0.521001
vt 0.044830 0.521108
vt 0.043985 0.541667
vt 0.022071 0.541706
vt 0.066706 0.521093
vt 0.065582 0.541469
vt 0.043140 0.562384
vt 0.021620 0.562490
vt 0.064458 0.562083
vt 0.000000 0.520833
vt 0.087934 0.520895
vt 0.086705 0.541034
vt 0.085476 0.561490
vt 0.000000 0.562500
vt 0.000000 0.541667
vt 0.185030 0.518364
vt 0.203984 0.518134
vt 0.203794 0.537127
vt 0.184801 0.537317
vt 0.223446 0.518104
vt 0.223247 0.537240
vt 0.203907 0.556581
vt 0.184771 0.556779
vt 0.223436 0.556769
vt 0.166254 0.518770
vt 0.243748 0.518296
vt 0.243537 0.537663
vt 0.243748 0.557346
vt 0.165639 0.557363
vt 0.165894 0.537803
vt 0.108366 0.520480
vt 0.128112 0.519921
vt 0.127222 0.539445
vt 0.107237 0.540322
vt 0.147349 0.519318
vt 0.146745 0.538555
vt 0.126345 0.559430
vt 0.106109 0.560558
vt 0.146187 0.558301
vt 0.265119 0.518717
vt 0.287369 0.519321
vt 0.287224 0.539349
vt 0.264926 0.538387
vt 0.310204 0.520047
vt 0.310127 0.540468
vt 0.287369 0.559534
vt 0.265119 0.558294
vt 0.310204 0.560969
vt 0.333333 0.520833
vt 0.333333 0.541667
vt 0.333333 0.562500
vt 0.068215 0.185384
vt 0.068407 0.205054
vt 0.046110 0.206015
vt 0.045965 0.185988
vt 0.068215 0.224961
vt 0.045965 0.226201
vt 0.023206 0.207135
vt 0.023129 0.186713
vt 0.023129 0.227635
vt 0.000000 0.229167
vt 0.000000 0.208333
vt 0.000000 0.187500
s 1
usemtl Material.001
f 675/1/1 676/2/2 679/3/3 678/4/4
f 676/2/2 677/5/5 680/6/6 679/3/3
f 678/4/4 679/3/3 682/7/7 681/8/8
f 679/3/3 680/6/6 683/9/9 682/7/7
f 97/10/10 104/11/11 675/1/1 101/12/12
f 104/11/11 103/13/13 676/2/2 675/1/1
f 103/13/13 102/14/14 677/5/5 676/2/2
f 102/14/14 36/15/15 107/16/16 677/5/5
f 677/5/5 107/16/16 106/17/17 680/6/6
f 680/6/6 106/17/17 105/18/18 683/9/9
f 683/9/9 105/18/18 7/19/19 108/20/20
f 682/7/7 683/9/9 108/20/20 109/21/21
f 681/8/8 682/7/7 109/21/21 110/22/22
f 99/23/23 681/8/8 110/22/22 84/24/24
f 100/25/25 678/4/4 681/8/8 99/23/23
f 101/12/12 675/1/1 678/4/4 100/25/25
f 684/26/26 685/27/27 688/28/28 687/29/29
f 685/27/27 686/30/30 689/31/31 688/28/28
f 687/29/29 688/28/28 691/32/32 690/33/33
f 688/28/28 689/31/31 692/34/34 691/32/32
f 86/35/35 116/36/36 684/26/26 113/37/37
f 116/36/36 115/38/38 685/27/27 684/26/26
f 115/38/38 114/39/39 686/30/30 685/27/27
f 114/39/39 84/40/40 110/41/41 686/30/30
f 686/30/30 110/41/41 109/42/42 689/31/31
f 689/31/31 109/42/42 108/43/43 692/34/34
f 692/34/34 108/43/43 7/44/44 117/45/45
f 691/32/32 692/34/34 117/45/45 118/46/46
f 690/33/33 691/32/32 118/46/46 119/47/47
f 111/48/48 690/33/33 119/47/47 13/49/49
f 112/50/50 687/29/29 690/33/33 111/48/48
f 113/37/37 684/26/26 687/29/29 112/50/50
f 693/51/51 694/52/52 697/53/53 696/54/54
f 694/52/52 695/55/55 698/56/56 697/53/53
f 696/54/54 697/53/53 700/57/57 699/58/58
f 697/53/53 698/56/56 701/59/59 700/57/57
f 44/60/60 125/61/61 693/51/51 122/62/62
f 125/61/61 124/63/63 694/52/52 693/51/51
f 124/63/63 123/64/64 695/55/55 694/52/52
f 123/64/64 41/65/65 128/66/66 695/55/55
f 695/55/55 128/66/66 127/67/67 698/56/56
f 698/56/56 127/67/67 126/68/68 701/59/59
f 701/59/59 126/68/68 5/69/69 129/70/70
f 700/57/57 701/59/59 129/70/70 130/71/71
f 699/58/58 700/57/57 130/71/71 131/72/72
f 120/73/73 699/58/58 131/72/72 16/74/74
f 121/75/75 696/54/54 699/58/58 120/73/73
f 122/62/62 693/51/51 696/54/54 121/75/75
f 702/76/76 703/77/77 706/78/78 705/79/79
f 703/77/77 704/80/80 707/81/81 706/78/78
f 705/79/79 706/78/78 709/82/82 708/83/83
f 706/78/78 707/81/81 710/84/84 709/82/82
f 81/85/85 137/86/86 702/76/76 134/87/87
f 137/86/86 136/88/88 703/77/77 702/76/76
f 136/88/88 135/89/89 704/80/80 703/77/77
f 135/89/89 37/90/90 140/91/91 704/80/80
f 704/80/80 140/91/91 139/92/92 707/81/81
f 707/81/81 139/92/92 138/93/93 710/84/84
f 710/84/84 138/93/93 4/94/94 141/95/95
f 709/82/82 710/84/84 141/95/95 142/96/96
f 708/83/83 709/82/82 142/96/96 143/97/97
f 132/98/98 708/83/83 143/97/97 67/99/99
f 133/100/100 705/79/79 708/83/83 132/98/98
f 134/87/87 702/76/76 705/79/79 133/100/100
f 711/101/101 712/102/102 715/103/103 714/104/104
f 712/102/102 713/105/105 716/106/106 715/103/103
f 714/104/104 715/103/103 718/107/107 717/108/108
f 715/103/103 716/106/106 719/109/109 718/107/107
f 34/110/110 149/111/111 711/101/101 146/112/112
f 149/111/111 148/113/113 712/102/102 711/101/101
f 148/113/113 147/114/114 713/105/105 712/102/102
f 147/114/114 32/115/115 152/116/116 713/105/105
f 713/105/105 152/116/116 151/117/117 716/106/106
f 716/106/106 151/117/117 150/118/118 719/109/109
f 719/109/109 150/118/118 3/119/119 153/120/120
f 718/107/107 719/109/109 153/120/120 154/121/121
f 717/108/108 718/107/107 154/121/121 155/122/122
f 144/123/123 717/108/108 155/122/122 15/124/124
f 145/125/125 714/104/104 717/108/108 144/123/123
f 146/112/112 711/101/101 714/104/104 145/125/125
f 720/126/126 721/127/127 724/128/128 723/129/129
f 721/127/127 722/130/130 725/131/131 724/128/128
f 723/129/129 724/128/128 727/132/132 726/133/133
f 724/128/128 725/131/131 728/134/134 727/132/132
f 70/135/135 161/136/136 720/126/126 158/137/137
f 161/136/136 160/138/138 721/127/127 720/126/126
f 160/138/138 159/139/139 722/130/130 721/127/127
f 159/139/139 68/140/140 164/141/141 722/130/130
f 722/130/130 164/141/141 163/142/142 725/131/131
f 725/131/131 163/142/142 162/143/143 728/134/134
f 728/134/134 162/143/143 1/144/144 165/145/145
f 727/132/132 728/134/134 165/145/145 166/146/146
f 726/133/133 727/132/132 166/146/146 167/147/147
f 156/148/148 726/133/133 167/147/147 14/149/149
f 157/150/150 723/129/129 726/133/133 156/148/148
f 158/137/137 720/126/126 723/129/129 157/150/150
f 729/151/151 730/152/152 733/153/153 732/154/154
f 730/152/152 731/155/155 734/156/156 733/153/153
f 732/154/154 733/153/153 736/157/157 735/158/158
f 733/153/153 734/156/156 737/159/159 736/157/157
f 71/160/160 173/161/161 729/151/151 170/162/162
f 173/161/161 172/163/163 730/152/152 729/151/151
f 172/163/163 171/164/164 731/155/155 730/152/152
f 171/164/164 69/165/165 176/166/166 731/155/155
f 731/155/155 176/166/166 175/167/167 734/156/156
f 734/156/156 175/167/167 174/168/168 737/159/159
f 737/159/159 174/168/168 9/169/169 177/170/170
f 736/157/157 737/159/159 177/170/170 178/171/171
f 735/158/158 736/157/157 178/171/171 179/172/172
f 168/173/173 735/158/158 179/172/172 17/174/174
f 169/175/175 732/154/154 735/158/158 168/173/173
f 170/162/162 729/151/151 732/154/154 169/175/175
f 738/176/176 739/177/177 742/178/178 741/179/179
f 739/177/177 740/180/180 743/181/181 742/178/178
f 741/179/179 742/178/178 745/182/182 744/183/183
f 742/178/178 743/181/181 746/184/184 745/182/182
f 35/185/185 185/186/186 738/176/176 182/187/187
f 185/186/186 184/188/188 739/177/177 738/176/176
f 184/188/188 183/189/189 740/180/180 739/177/177
f 183/189/189 33/190/190 188/191/191 740/180/180
f 740/180/180 188/191/191 187/192/192 743/181/181
f 743/181/181 187/192/192 186/193/193 746/184/184
f 746/184/184 186/193/193 11/194/194 189/195/195
f 745/182/182 746/184/184 189/195/195 190/196/196
f 744/183/183 745/182/182 190/196/196 191/197/197
f 180/198/198 744/183/183 191/197/197 18/199/199
f 181/200/200 741/179/179 744/183/183 180/198/198
f 182/187/187 738/176/176 741/179/179 181/200/200
f 747/201/201 748/202/202 751/203/203 750/204/204
f 748/202/202 749/205/205 752/206/206 751/203/203
f 750/204/204 751/203/203 754/207/207 753/208/208
f 751/203/203 752/206/206 755/209/209 754/207/207
f 45/210/210 197/211/211 747/201/201 194/212/212
f 197/211/211 196/213/213 748/202/202 747/201/201
f 196/213/213 195/214/214 749/205/205 748/202/202
f 195/214/214 43/215/215 200/216/216 749/205/205
f 749/205/205 200/216/216 199/217/217 752/206/206
f 752/206/206 199/217/217 198/218/218 755/209/209
f 755/209/209 198/218/218 12/219/219 201/220/220
f 754/207/207 755/209/209 201/220/220 202/221/221
f 753/208/208 754/207/207 202/221/221 203/222/222
f 192/223/223 753/208/208 203/222/222 19/224/224
f 193/225/225 750/204/204 753/208/208 192/223/223
f 194/212/212 747/201/201 750/204/204 193/225/225
f 756/226/226 757/227/227 760/228/228 759/229/229
f 757/227/227 758/230/230 761/231/231 760/228/228
f 759/229/229 760/228/228 763/232/232 762/233/233
f 760/228/228 761/231/231 764/234/234 763/232/232
f 87/235/235 209/236/236 756/226/226 206/237/237
f 209/236/236 208/238/238 757/227/227 756/226/226
f 208/238/238 207/239/239 758/230/230 757/227/227
f 207/239/239 85/240/240 212/241/241 758/230/230
f 758/230/230 212/241/241 211/242/242 761/231/231
f 761/231/231 211/242/242 210/243/243 764/234/234
f 764/234/234 210/243/243 10/244/244 213/245/245
f 763/232/232 764/234/234 213/245/245 214/246/246
f 762/233/233 763/232/232 214/246/246 215/247/247
f 204/248/248 762/233/233 215/247/247 20/249/249
f 205/250/250 759/229/229 762/233/233 204/248/248
f 206/237/237 756/226/226 759/229/229 205/250/250
f 765/251/251 766/252/252 769/253/253 768/254/254
f 766/252/252 767/255/255 770/256/256 769/253/253
f 768/254/254 769/253/253 772/257/257 771/258/258
f 769/253/253 770/256/256 773/259/259 772/257/257
f 69/165/260 216/260/261 765/251/251 176/166/262
f 216/260/261 217/261/263 766/252/252 765/251/251
f 217/261/263 218/262/264 767/255/255 766/252/252
f 218/262/264 70/135/265 158/137/266 767/255/255
f 767/255/255 158/137/266 157/150/267 770/256/256
f 770/256/256 157/150/267 156/148/268 773/259/259
f 773/259/259 156/148/268 14/149/269 221/263/270
f 772/257/257 773/259/259 221/263/270 220/264/271
f 771/258/258 772/257/257 220/264/271 219/265/272
f 174/168/273 771/258/258 219/265/272 9/169/274
f 175/167/275 768/254/254 771/258/258 174/168/273
f 176/166/262 765/251/251 768/254/254 175/167/275
f 774/266/276 775/267/277 778/268/278 777/269/279
f 775/267/277 776/270/280 779/271/281 778/268/278
f 777/269/279 778/268/278 781/272/282 780/273/283
f 778/268/278 779/271/281 782/274/284 781/272/282
f 33/190/285 222/275/286 774/266/276 188/191/287
f 222/275/286 223/276/288 775/267/277 774/266/276
f 223/276/288 224/277/289 776/270/280 775/267/277
f 224/277/289 34/110/290 146/112/291 776/270/280
f 776/270/280 146/112/291 145/125/292 779/271/281
f 779/271/281 145/125/292 144/123/293 782/274/284
f 782/274/284 144/123/293 15/124/294 227/278/295
f 781/272/282 782/274/284 227/278/295 226/279/296
f 780/273/283 781/272/282 226/279/296 225/280/297
f 186/193/298 780/273/283 225/280/297 11/194/299
f 187/192/300 777/269/279 780/273/283 186/193/298
f 188/191/287 774/266/276 777/269/279 187/192/300
f 783/281/301 784/282/302 787/283/303 786/284/304
f 784/282/302 785/285/305 788/286/306 787/283/303
f 786/284/304 787/283/303 790/287/307 789/288/308
f 787/283/303 788/286/306 791/289/309 790/287/307
f 43/215/310 228/290/311 783/281/301 200/216/312
f 228/290/311 229/291/313 784/282/302 783/281/301
f 229/291/313 230/292/314 785/285/305 784/282/302
f 230/292/314 44/60/315 122/62/316 785/285/305
f 785/285/305 122/62/316 121/75/317 788/286/306
f 788/286/306 121/75/317 120/73/318 791/289/309
f 791/289/309 120/73/318 16/74/319 233/293/320
f 790/287/307 791/289/309 233/293/320 232/294/321
f 789/288/308 790/287/307 232/294/321 231/295/322
f 198/218/323 789/288/308 231/295/322 12/219/324
f 199/217/325 786/284/304 789/288/308 198/218/323
f 200/216/312 783/281/301 786/284/304 199/217/325
f 792/296/326 793/297/327 796/298/328 795/299/329
f 793/297/327 794/300/330 797/301/331 796/298/328
f 795/299/329 796/298/328 799/302/332 798/303/333
f 796/298/328 797/301/331 800/304/334 799/302/332
f 85/240/335 234/305/336 792/296/326 212/241/337
f 234/305/336 235/306/338 793/297/327 792/296/326
f 235/306/338 236/307/339 794/300/330 793/297/327
f 236/307/339 86/35/340 113/37/341 794/300/330
f 794/300/330 113/37/341 112/50/342 797/301/331
f 797/301/331 112/50/342 111/48/343 800/304/334
f 800/304/334 111/48/343 13/49/344 239/308/345
f 799/302/332 800/304/334 239/308/345 238/309/346
f 798/303/333 799/302/332 238/309/346 237/310/347
f 210/243/348 798/303/333 237/310/347 10/244/349
f 211/242/350 795/299/329 798/303/333 210/243/348
f 212/241/337 792/296/326 795/299/329 211/242/350
f 801/311/351 802/312/352 805/313/353 804/314/354
f 802/312/352 803/315/355 806/316/356 805/313/353
f 804/314/354 805/313/353 808/317/357 807/318/358
f 805/313/353 806/316/356 809/319/359 808/317/357
f 91/320/360 245/321/361 801/311/351 242/322/362
f 245/321/361 244/323/363 802/312/352 801/311/351
f 244/323/363 243/324/364 803/315/355 802/312/352
f 243/324/364 87/235/365 206/237/366 803/315/355
f 803/315/355 206/237/366 205/250/367 806/316/356
f 806/316/356 205/250/367 204/248/368 809/319/359
f 809/319/359 204/248/368 20/249/369 248/325/370
f 808/317/357 809/319/359 248/325/370 247/326/371
f 807/318/358 808/317/357 247/326/371 246/327/372
f 240/328/373 807/318/358 246/327/372 8/329/374
f 241/330/375 804/314/354 807/318/358 240/328/373
f 242/322/362 801/311/351 804/314/354 241/330/375
f 810/331/376 811/332/377 814/333/378 813/334/379
f 811/332/377 812/335/380 815/336/381 814/333/378
f 813/334/379 814/333/378 817/337/382 816/338/383
f 814/333/378 815/336/381 818/339/384 817/337/382
f 46/340/385 254/341/386 810/331/376 251/342/387
f 254/341/386 253/343/388 811/332/377 810/331/376
f 253/343/388 252/344/389 812/335/380 811/332/377
f 252/344/389 45/210/390 194/212/391 812/335/380
f 812/335/380 194/212/391 193/225/392 815/336/381
f 815/336/381 193/225/392 192/223/393 818/339/384
f 818/339/384 192/223/393 19/224/394 257/345/395
f 817/337/382 818/339/384 257/345/395 256/346/396
f 816/338/383 817/337/382 256/346/396 255/347/397
f 249/348/398 816/338/383 255/347/397 6/349/399
f 250/350/400 813/334/379 816/338/383 249/348/398
f 251/342/387 810/331/376 813/334/379 250/350/400
f 819/351/401 820/352/402 823/353/403 822/354/404
f 820/352/402 821/355/405 824/356/406 823/353/403
f 822/354/404 823/353/403 826/357/407 825/358/408
f 823/353/403 824/356/406 827/359/409 826/357/407
f 37/360/410 260/361/411 819/351/401 140/362/412
f 260/361/411 259/363/413 820/352/402 819/351/401
f 259/363/413 258/364/414 821/355/405 820/352/402
f 258/364/414 35/185/415 182/187/416 821/355/405
f 821/355/405 182/187/416 181/200/417 824/356/406
f 824/356/406 181/200/417 180/198/418 827/359/409
f 827/359/409 180/198/418 18/199/419 263/365/420
f 826/357/407 827/359/409 263/365/420 262/366/421
f 825/358/408 826/357/407 262/366/421 261/367/422
f 138/368/423 825/358/408 261/367/422 4/369/424
f 139/370/425 822/354/404 825/358/408 138/368/423
f 140/362/412 819/351/401 822/354/404 139/370/425
f 828/371/426 829/372/427 832/373/428 831/374/429
f 829/372/427 830/375/430 833/376/431 832/373/428
f 831/374/429 832/373/428 835/377/432 834/378/433
f 832/373/428 833/376/431 836/379/434 835/377/432
f 75/380/435 269/381/436 828/371/426 266/382/437
f 269/381/436 268/383/438 829/372/427 828/371/426
f 268/383/438 267/384/439 830/375/430 829/372/427
f 267/384/439 71/160/440 170/162/441 830/375/430
f 830/375/430 170/162/441 169/175/442 833/376/431
f 833/376/431 169/175/442 168/173/443 836/379/434
f 836/379/434 168/173/443 17/174/444 272/385/445
f 835/377/432 836/379/434 272/385/445 271/386/446
f 834/378/433 835/377/432 271/386/446 270/387/447
f 264/388/448 834/378/433 270/387/447 2/389/449
f 265/390/450 831/374/429 834/378/433 264/388/448
f 266/382/437 828/371/426 831/374/429 265/390/450
f 837/391/451 838/392/452 841/393/453 840/394/454
f 838/392/452 839/395/455 842/396/456 841/393/453
f 840/394/454 841/393/453 844/397/457 843/398/458
f 841/393/453 842/396/456 845/399/459 844/397/457
f 42/400/460 276/401/461 837/391/451 275/402/462
f 276/401/461 277/403/463 838/392/452 837/391/451
f 277/403/463 278/404/464 839/395/455 838/392/452
f 278/404/464 50/405/465 281/406/466 839/395/455
f 839/395/455 281/406/466 280/407/467 842/396/456
f 842/396/456 280/407/467 279/408/468 845/399/459
f 845/399/459 279/408/468 30/409/469 284/410/470
f 844/397/457 845/399/459 284/410/470 283/411/471
f 843/398/458 844/397/457 283/411/471 282/412/472
f 273/413/473 843/398/458 282/412/472 24/414/474
f 274/309/475 840/394/454 843/398/458 273/413/473
f 275/402/462 837/391/451 840/394/454 274/309/475
f 846/415/476 847/416/477 850/417/478 849/418/479
f 847/416/477 848/419/480 851/420/481 850/417/478
f 849/418/479 850/417/478 853/421/482 852/422/483
f 850/417/478 851/420/481 854/423/484 853/421/482
f 31/424/485 288/425/486 846/415/476 287/426/487
f 288/425/486 289/427/488 847/416/477 846/415/476
f 289/427/488 290/428/489 848/419/480 847/416/477
f 290/428/489 40/429/490 293/430/491 848/419/480
f 848/419/480 293/430/491 292/431/492 851/420/481
f 851/420/481 292/431/492 291/432/493 854/423/484
f 854/423/484 291/432/493 29/433/494 296/434/495
f 853/421/482 854/423/484 296/434/495 295/435/496
f 852/422/483 853/421/482 295/435/496 294/436/497
f 285/437/498 852/422/483 294/436/497 21/438/499
f 286/439/500 849/418/479 852/422/483 285/437/498
f 287/426/487 846/415/476 849/418/479 286/439/500
f 855/440/501 856/441/502 859/442/503 858/443/504
f 856/441/502 857/444/505 860/445/506 859/442/503
f 858/443/504 859/442/503 862/446/507 861/447/508
f 859/442/503 860/445/506 863/448/509 862/446/507
f 38/449/510 300/450/511 855/440/501 299/451/512
f 300/450/511 301/452/513 856/441/502 855/440/501
f 301/452/513 302/453/514 857/444/505 856/441/502
f 302/453/514 39/454/515 305/455/516 857/444/505
f 857/444/505 305/455/516 304/456/517 860/445/506
f 860/445/506 304/456/517 303/457/518 863/448/509
f 863/448/509 303/457/518 28/458/519 308/459/520
f 862/446/507 863/448/509 308/459/520 307/460/521
f 861/447/508 862/446/507 307/460/521 306/461/522
f 297/462/523 861/447/508 306/461/522 26/463/524
f 298/464/525 858/443/504 861/447/508 297/462/523
f 299/451/512 855/440/501 858/443/504 298/464/525
f 864/465/526 865/466/527 868/467/528 867/468/529
f 865/466/527 866/469/530 869/470/531 868/467/528
f 867/468/529 868/467/528 871/471/532 870/472/533
f 868/467/528 869/470/531 872/473/534 871/471/532
f 48/474/535 312/475/536 864/465/526 311/476/537
f 312/475/536 313/477/538 865/466/527 864/465/526
f 313/477/538 314/478/539 866/469/530 865/466/527
f 314/478/539 49/479/540 317/480/541 866/469/530
f 866/469/530 317/480/541 316/481/542 869/470/531
f 869/470/531 316/481/542 315/482/543 872/473/534
f 872/473/534 315/482/543 27/483/544 320/484/545
f 871/471/532 872/473/534 320/484/545 319/485/546
f 870/472/533 871/471/532 319/485/546 318/486/547
f 309/487/548 870/472/533 318/486/547 25/488/549
f 310/489/550 867/468/529 870/472/533 309/487/548
f 311/476/537 864/465/526 867/468/529 310/489/550
f 873/490/551 874/491/552 877/492/553 876/493/554
f 874/491/552 875/494/555 878/495/556 877/492/553
f 876/493/554 877/492/553 880/496/557 879/497/558
f 877/492/553 878/495/556 881/498/559 880/496/557
f 40/429/560 323/499/561 873/490/551 293/430/562
f 323/499/561 322/500/563 874/491/552 873/490/551
f 322/500/563 321/501/564 875/494/555 874/491/552
f 321/501/564 38/449/565 299/451/566 875/494/555
f 875/494/555 299/451/566 298/464/567 878/495/556
f 878/495/556 298/464/567 297/462/568 881/498/559
f 881/498/559 297/462/568 26/463/569 324/502/570
f 880/496/557 881/498/559 324/502/570 325/503/571
f 879/497/558 880/496/557 325/503/571 326/504/572
f 291/432/573 879/497/558 326/504/572 29/433/574
f 292/431/575 876/493/554 879/497/558 291/432/573
f 293/430/562 873/490/551 876/493/554 292/431/575
f 882/505/576 883/506/577 886/507/578 885/508/579
f 883/506/577 884/509/580 887/510/581 886/507/578
f 885/508/579 886/507/578 889/511/582 888/512/583
f 886/507/578 887/510/581 890/513/584 889/511/582
f 50/405/585 329/514/586 882/505/576 281/406/587
f 329/514/586 328/515/588 883/506/577 882/505/576
f 328/515/588 327/516/589 884/509/580 883/506/577
f 327/516/589 48/474/590 311/476/591 884/509/580
f 884/509/580 311/476/591 310/489/592 887/510/581
f 887/510/581 310/489/592 309/487/593 890/513/584
f 890/513/584 309/487/593 25/488/594 330/517/595
f 889/511/582 890/513/584 330/517/595 331/518/596
f 888/512/583 889/511/582 331/518/596 332/519/597
f 279/408/598 888/512/583 332/519/597 30/409/599
f 280/407/600 885/508/579 888/512/583 279/408/598
f 281/406/587 882/505/576 885/508/579 280/407/600
f 891/520/601 892/521/602 895/522/603 894/523/604
f 892/521/602 893/524/605 896/525/606 895/522/603
f 894/523/604 895/522/603 898/526/607 897/527/608
f 895/522/603 896/525/606 899/528/609 898/526/607
f 49/479/540 335/529/610 891/520/601 317/480/541
f 335/529/610 334/530/611 892/521/602 891/520/601
f 334/530/611 333/531/612 893/524/605 892/521/602
f 333/531/612 47/532/613 338/533/614 893/524/605
f 893/524/605 338/533/614 337/534/615 896/525/606
f 896/525/606 337/534/615 336/535/616 899/528/609
f 899/528/609 336/535/616 22/536/617 339/537/618
f 898/526/607 899/528/609 339/537/618 340/538/619
f 897/527/608 898/526/607 340/538/619 341/539/620
f 315/482/543 897/527/608 341/539/620 27/483/544
f 316/481/542 894/523/604 897/527/608 315/482/543
f 317/480/541 891/520/601 894/523/604 316/481/542
f 900/540/621 901/541/622 904/542/623 903/543/624
f 901/541/622 902/544/625 905/545/626 904/542/623
f 903/543/624 904/542/623 907/546/627 906/547/628
f 904/542/623 905/545/626 908/548/629 907/546/627
f 82/549/630 347/550/631 900/540/621 344/551/632
f 347/550/631 346/552/633 901/541/622 900/540/621
f 346/552/633 345/553/634 902/544/625 901/541/622
f 345/553/634 42/554/635 275/555/636 902/544/625
f 902/544/625 275/555/636 274/556/637 905/545/626
f 905/545/626 274/556/637 273/557/638 908/548/629
f 908/548/629 273/557/638 24/558/639 348/559/640
f 907/546/627 908/548/629 348/559/640 349/560/641
f 906/547/628 907/546/627 349/560/641 350/561/642
f 342/562/643 906/547/628 350/561/642 80/563/644
f 343/564/645 903/543/624 906/547/628 342/562/643
f 344/551/632 900/540/621 903/543/624 343/564/645
f 909/565/646 910/566/647 913/567/648 912/568/649
f 910/566/647 911/569/650 914/570/651 913/567/648
f 912/568/649 913/567/648 916/571/652 915/572/653
f 913/567/648 914/570/651 917/573/654 916/571/652
f 39/454/515 353/574/655 909/565/646 305/455/516
f 353/574/655 352/575/656 910/566/647 909/565/646
f 352/575/656 351/576/657 911/569/650 910/566/647
f 351/576/657 36/577/658 356/578/659 911/569/650
f 911/569/650 356/578/659 355/579/660 914/570/651
f 914/570/651 355/579/660 354/580/661 917/573/654
f 917/573/654 354/580/661 23/581/662 357/582/663
f 916/571/652 917/573/654 357/582/663 358/583/664
f 915/572/653 916/571/652 358/583/664 359/584/665
f 303/457/518 915/572/653 359/584/665 28/458/519
f 304/456/517 912/568/649 915/572/653 303/457/518
f 305/455/516 909/565/646 912/568/649 304/456/517
f 918/585/666 919/586/667 922/587/668 921/588/669
f 919/586/667 920/589/670 923/590/671 922/587/668
f 921/588/669 922/587/668 925/591/672 924/592/673
f 922/587/668 923/590/671 926/593/674 925/591/672
f 98/594/675 365/595/676 918/585/666 362/596/677
f 365/595/676 364/597/678 919/586/667 918/585/666
f 364/597/678 363/598/679 920/589/670 919/586/667
f 363/598/679 41/599/680 368/600/681 920/589/670
f 920/589/670 368/600/681 367/601/682 923/590/671
f 923/590/671 367/601/682 366/602/683 926/593/674
f 926/593/674 366/602/683 23/603/684 369/604/685
f 925/591/672 926/593/674 369/604/685 370/605/686
f 924/592/673 925/591/672 370/605/686 371/606/687
f 360/607/688 924/592/673 371/606/687 96/608/689
f 361/609/690 921/588/669 924/592/673 360/607/688
f 362/596/677 918/585/666 921/588/669 361/609/690
f 927/610/691 928/611/692 931/612/693 930/613/694
f 928/611/692 929/614/695 932/615/696 931/612/693
f 930/613/694 931/612/693 934/616/697 933/617/698
f 931/612/693 932/615/696 935/618/699 934/616/697
f 13/619/700 119/620/701 927/610/691 372/621/702
f 119/620/701 118/622/703 928/611/692 927/610/691
f 118/622/703 117/623/704 929/614/695 928/611/692
f 117/623/704 7/624/705 105/625/706 929/614/695
f 929/614/695 105/625/706 106/626/707 932/615/696
f 932/615/696 106/626/707 107/627/708 935/618/699
f 935/618/699 107/627/708 36/577/709 351/576/710
f 934/616/697 935/618/699 351/576/710 352/575/711
f 933/617/698 934/616/697 352/575/711 353/574/712
f 374/628/713 933/617/698 353/574/712 39/454/714
f 373/629/715 930/613/694 933/617/698 374/628/713
f 372/621/702 927/610/691 930/613/694 373/629/715
f 936/630/716 937/631/717 940/632/718 939/633/719
f 937/631/717 938/634/720 941/635/721 940/632/718
f 939/633/719 940/632/718 943/636/722 942/637/723
f 940/632/718 941/635/721 944/638/724 943/636/722
f 20/639/725 215/640/726 936/630/716 375/641/727
f 215/640/726 214/642/728 937/631/717 936/630/716
f 214/642/728 213/643/729 938/634/720 937/631/717
f 213/643/729 10/644/730 378/645/731 938/634/720
f 938/634/720 378/645/731 379/646/732 941/635/721
f 941/635/721 379/646/732 380/647/733 944/638/724
f 944/638/724 380/647/733 38/449/734 321/501/735
f 943/636/722 944/638/724 321/501/735 322/500/736
f 942/637/723 943/636/722 322/500/736 323/499/737
f 377/648/738 942/637/723 323/499/737 40/429/739
f 376/649/740 939/633/719 942/637/723 377/648/738
f 375/641/727 936/630/716 939/633/719 376/649/740
f 945/650/741 946/651/742 949/652/743 948/653/744
f 946/651/742 947/654/745 950/655/746 949/652/743
f 948/653/744 949/652/743 952/656/747 951/657/748
f 949/652/743 950/655/746 953/658/749 952/656/747
f 10/644/750 237/659/751 945/650/741 378/645/752
f 237/659/751 238/660/753 946/651/742 945/650/741
f 238/660/753 239/661/754 947/654/745 946/651/742
f 239/661/754 13/619/755 372/621/756 947/654/745
f 947/654/745 372/621/756 373/629/757 950/655/746
f 950/655/746 373/629/757 374/628/758 953/658/749
f 953/658/749 374/628/758 39/454/515 302/453/514
f 952/656/747 953/658/749 302/453/514 301/452/513
f 951/657/748 952/656/747 301/452/513 300/450/511
f 380/647/759 951/657/748 300/450/511 38/449/510
f 379/646/760 948/653/744 951/657/748 380/647/759
f 378/645/752 945/650/741 948/653/744 379/646/760
f 954/662/761 955/663/762 958/664/763 957/665/764
f 955/663/762 956/666/765 959/667/766 958/664/763
f 957/665/764 958/664/763 961/668/767 960/669/768
f 958/664/763 959/667/766 962/670/769 961/668/767
f 8/671/770 246/672/771 954/662/761 381/673/772
f 246/672/771 247/674/773 955/663/762 954/662/761
f 247/674/773 248/675/774 956/666/765 955/663/762
f 248/675/774 20/639/775 375/641/776 956/666/765
f 956/666/765 375/641/776 376/649/777 959/667/766
f 959/667/766 376/649/777 377/648/778 962/670/769
f 962/670/769 377/648/778 40/429/779 290/428/780
f 961/668/767 962/670/769 290/428/780 289/427/781
f 960/669/768 961/668/767 289/427/781 288/425/782
f 383/676/783 960/669/768 288/425/782 31/424/784
f 382/677/785 957/665/764 960/669/768 383/676/783
f 381/673/772 954/662/761 957/665/764 382/677/785
f 963/678/786 964/679/787 967/680/788 966/681/789
f 964/679/787 965/682/790 968/683/791 967/680/788
f 966/681/789 967/680/788 970/684/792 969/685/793
f 967/680/788 968/683/791 971/686/794 970/684/792
f 24/414/795 282/412/796 963/678/786 384/687/797
f 282/412/796 283/411/798 964/679/787 963/678/786
f 283/411/798 284/410/799 965/682/790 964/679/787
f 284/410/799 30/409/800 387/688/801 965/682/790
f 965/682/790 387/688/801 388/689/802 968/683/791
f 968/683/791 388/689/802 389/690/803 971/686/794
f 971/686/794 389/690/803 35/185/185 258/364/804
f 970/684/792 971/686/794 258/364/804 259/363/805
f 969/685/793 970/684/792 259/363/805 260/361/806
f 386/691/807 969/685/793 260/361/806 37/360/808
f 385/692/809 966/681/789 969/685/793 386/691/807
f 384/687/797 963/678/786 966/681/789 385/692/809
f 972/693/810 973/694/811 976/695/812 975/696/813
f 973/694/811 974/697/814 977/698/815 976/695/812
f 975/696/813 976/695/812 979/699/816 978/700/817
f 976/695/812 977/698/815 980/701/818 979/699/816
f 25/488/819 318/486/820 972/693/810 390/702/821
f 318/486/820 319/485/822 973/694/811 972/693/810
f 319/485/822 320/484/823 974/697/814 973/694/811
f 320/484/823 27/483/824 393/703/825 974/697/814
f 974/697/814 393/703/825 394/704/826 977/698/815
f 977/698/815 394/704/826 395/705/827 980/701/818
f 980/701/818 395/705/827 34/110/828 224/277/829
f 979/699/816 980/701/818 224/277/829 223/276/830
f 978/700/817 979/699/816 223/276/830 222/275/831
f 392/706/832 978/700/817 222/275/831 33/190/833
f 391/707/834 975/696/813 978/700/817 392/706/832
f 390/702/821 972/693/810 975/696/813 391/707/834
f 981/708/835 982/709/836 985/710/837 984/711/838
f 982/709/836 983/712/839 986/713/840 985/710/837
f 984/711/838 985/710/837 988/714/841 987/715/842
f 985/710/837 986/713/840 989/716/843 988/714/841
f 30/409/800 332/519/844 981/708/835 387/688/801
f 332/519/844 331/518/845 982/709/836 981/708/835
f 331/518/845 330/517/846 983/712/839 982/709/836
f 330/517/846 25/488/847 390/702/848 983/712/839
f 983/712/839 390/702/848 391/707/849 986/713/840
f 986/713/840 391/707/849 392/706/850 989/716/843
f 989/716/843 392/706/850 33/190/190 183/189/189
f 988/714/841 989/716/843 183/189/189 184/188/188
f 987/715/842 988/714/841 184/188/188 185/186/186
f 389/690/803 987/715/842 185/186/186 35/185/185
f 388/689/802 984/711/838 987/715/842 389/690/803
f 387/688/801 981/708/835 984/711/838 388/689/802
f 990/717/851 991/718/852 994/719/853 993/720/854
f 991/718/852 992/721/855 995/722/856 994/719/853
f 993/720/854 994/719/853 997/723/857 996/724/858
f 994/719/853 995/722/856 998/725/859 997/723/857
f 27/483/860 341/539/861 990/717/851 393/703/862
f 341/539/861 340/538/863 991/718/852 990/717/851
f 340/538/863 339/537/864 992/721/855 991/718/852
f 339/537/864 22/536/865 396/726/866 992/721/855
f 992/721/855 396/726/866 397/727/867 995/722/856
f 995/722/856 397/727/867 398/728/868 998/725/859
f 998/725/859 398/728/868 32/115/869 147/114/870
f 997/723/857 998/725/859 147/114/870 148/113/871
f 996/724/858 997/723/857 148/113/871 149/111/872
f 395/705/873 996/724/858 149/111/872 34/110/874
f 394/704/875 993/720/854 996/724/858 395/705/873
f 393/703/862 990/717/851 993/720/854 394/704/875
f 999/729/876 1000/730/877 1003/731/878 1002/732/879
f 1000/730/877 1001/733/880 1004/734/881 1003/731/878
f 1002/732/879 1003/731/878 1006/735/882 1005/736/883
f 1003/731/878 1004/734/881 1007/737/884 1006/735/882
f 80/563/885 350/561/886 999/729/876 399/738/887
f 350/561/886 349/560/888 1000/730/877 999/729/876
f 349/560/888 348/559/889 1001/733/880 1000/730/877
f 348/559/889 24/558/890 384/739/891 1001/733/880
f 1001/733/880 384/739/891 385/740/892 1004/734/881
f 1004/734/881 385/740/892 386/741/893 1007/737/884
f 1007/737/884 386/741/893 37/90/894 135/89/895
f 1006/735/882 1007/737/884 135/89/895 136/88/896
f 1005/736/883 1006/735/882 136/88/896 137/86/897
f 401/742/898 1005/736/883 137/86/897 81/85/899
f 400/743/900 1002/732/879 1005/736/883 401/742/898
f 399/738/887 999/729/876 1002/732/879 400/743/900
f 1008/744/901 1009/745/902 1012/746/903 1011/747/904
f 1009/745/902 1010/748/905 1013/749/906 1012/746/903
f 1011/747/904 1012/746/903 1015/750/907 1014/751/908
f 1012/746/903 1013/749/906 1016/752/909 1015/750/907
f 96/608/910 371/606/911 1008/744/901 402/753/912
f 371/606/911 370/605/913 1009/745/902 1008/744/901
f 370/605/913 369/604/914 1010/748/905 1009/745/902
f 369/604/914 23/603/915 354/754/916 1010/748/905
f 1010/748/905 354/754/916 355/755/917 1013/749/906
f 1013/749/906 355/755/917 356/756/918 1016/752/909
f 1016/752/909 356/756/918 36/15/919 102/14/920
f 1015/750/907 1016/752/909 102/14/920 103/13/921
f 1014/751/908 1015/750/907 103/13/921 104/11/922
f 404/757/923 1014/751/908 104/11/922 97/10/924
f 403/758/925 1011/747/904 1014/751/908 404/757/923
f 402/753/912 1008/744/901 1011/747/904 403/758/925
f 1017/759/926 1018/760/927 1021/761/928 1020/762/929
f 1018/760/927 1019/763/930 1022/764/931 1021/761/928
f 1020/762/929 1021/761/928 1024/765/932 1023/766/933
f 1021/761/928 1022/764/931 1025/767/934 1024/765/932
f 92/768/935 410/769/936 1017/759/926 405/770/937
f 410/769/936 409/771/938 1018/760/927 1017/759/926
f 409/771/938 408/772/939 1019/763/930 1018/760/927
f 408/772/939 5/773/940 126/774/941 1019/763/930
f 1019/763/930 126/774/941 127/775/942 1022/764/931
f 1022/764/931 127/775/942 128/776/943 1025/767/934
f 1025/767/934 128/776/943 41/599/944 363/598/945
f 1024/765/932 1025/767/934 363/598/945 364/597/946
f 1023/766/933 1024/765/932 364/597/946 365/595/947
f 407/777/948 1023/766/933 365/595/947 98/594/949
f 406/778/950 1020/762/929 1023/766/933 407/777/948
f 405/770/937 1017/759/926 1020/762/929 406/778/950
f 1026/779/951 1027/780/952 1030/781/953 1029/782/954
f 1027/780/952 1028/783/955 1031/784/956 1030/781/953
f 1029/782/954 1030/781/953 1033/785/957 1032/786/958
f 1030/781/953 1031/784/956 1034/787/959 1033/785/957
f 75/788/960 266/789/961 1026/779/951 411/790/962
f 266/789/961 265/791/963 1027/780/952 1026/779/951
f 265/791/963 264/792/964 1028/783/955 1027/780/952
f 264/792/964 2/793/965 414/794/966 1028/783/955
f 1028/783/955 414/794/966 415/795/967 1031/784/956
f 1031/784/956 415/795/967 416/796/968 1034/787/959
f 1034/787/959 416/796/968 42/554/969 345/553/970
f 1033/785/957 1034/787/959 345/553/970 346/552/971
f 1032/786/958 1033/785/957 346/552/971 347/550/972
f 413/797/973 1032/786/958 347/550/972 82/549/974
f 412/798/975 1029/782/954 1032/786/958 413/797/973
f 411/790/962 1026/779/951 1029/782/954 412/798/975
f 1035/799/976 1036/800/977 1039/801/978 1038/802/979
f 1036/800/977 1037/803/980 1040/804/981 1039/801/978
f 1038/802/979 1039/801/978 1042/805/982 1041/806/983
f 1039/801/978 1040/804/981 1043/807/984 1042/805/982
f 14/808/985 167/809/986 1035/799/976 417/810/987
f 167/809/986 166/811/988 1036/800/977 1035/799/976
f 166/811/988 165/812/989 1037/803/980 1036/800/977
f 165/812/989 1/813/990 420/814/991 1037/803/980
f 1037/803/980 420/814/991 421/815/992 1040/804/981
f 1040/804/981 421/815/992 422/816/993 1043/807/984
f 1043/807/984 422/816/993 47/532/994 333/531/995
f 1042/805/982 1043/807/984 333/531/995 334/530/996
f 1041/806/983 1042/805/982 334/530/996 335/529/997
f 419/817/998 1041/806/983 335/529/997 49/479/999
f 418/818/1000 1038/802/979 1041/806/983 419/817/998
f 417/810/987 1035/799/976 1038/802/979 418/818/1000
f 1044/819/1001 1045/820/1002 1048/821/1003 1047/822/1004
f 1045/820/1002 1046/823/1005 1049/824/1006 1048/821/1003
f 1047/822/1004 1048/821/1003 1051/825/1007 1050/826/1008
f 1048/821/1003 1049/824/1006 1052/827/1009 1051/825/1007
f 17/828/1010 179/829/1011 1044/819/1001 423/830/1012
f 179/829/1011 178/831/1013 1045/820/1002 1044/819/1001
f 178/831/1013 177/832/1014 1046/823/1005 1045/820/1002
f 177/832/1014 9/833/1015 426/834/1016 1046/823/1005
f 1046/823/1005 426/834/1016 427/835/1017 1049/824/1006
f 1049/824/1006 427/835/1017 428/836/1018 1052/827/1009
f 1052/827/1009 428/836/1018 48/474/1019 327/516/1020
f 1051/825/1007 1052/827/1009 327/516/1020 328/515/1021
f 1050/826/1008 1051/825/1007 328/515/1021 329/514/1022
f 425/837/1023 1050/826/1008 329/514/1022 50/405/1024
f 424/838/1025 1047/822/1004 1050/826/1008 425/837/1023
f 423/830/1012 1044/819/1001 1047/822/1004 424/838/1025
f 1053/839/1026 1054/840/1027 1057/841/1028 1056/842/1029
f 1054/840/1027 1055/843/1030 1058/844/1031 1057/841/1028
f 1056/842/1029 1057/841/1028 1060/845/1032 1059/846/1033
f 1057/841/1028 1058/844/1031 1061/847/1034 1060/845/1032
f 9/833/1035 219/848/1036 1053/839/1026 426/834/1037
f 219/848/1036 220/849/1038 1054/840/1027 1053/839/1026
f 220/849/1038 221/850/1039 1055/843/1030 1054/840/1027
f 221/850/1039 14/808/1040 417/810/1041 1055/843/1030
f 1055/843/1030 417/810/1041 418/818/1042 1058/844/1031
f 1058/844/1031 418/818/1042 419/817/1043 1061/847/1034
f 1061/847/1034 419/817/1043 49/479/540 314/478/539
f 1060/845/1032 1061/847/1034 314/478/539 313/477/538
f 1059/846/1033 1060/845/1032 313/477/538 312/475/536
f 428/836/1044 1059/846/1033 312/475/536 48/474/535
f 427/835/1045 1056/842/1029 1059/846/1033 428/836/1044
f 426/834/1037 1053/839/1026 1056/842/1029 427/835/1045
f 1062/851/1046 1063/852/1047 1066/853/1048 1065/854/1049
f 1063/852/1047 1064/855/1050 1067/856/1051 1066/853/1048
f 1065/854/1049 1066/853/1048 1069/857/1052 1068/858/1053
f 1066/853/1048 1067/856/1051 1070/859/1054 1069/857/1052
f 2/860/1055 270/861/1056 1062/851/1046 414/45/1057
f 270/861/1056 271/862/1058 1063/852/1047 1062/851/1046
f 271/862/1058 272/863/1059 1064/855/1050 1063/852/1047
f 272/863/1059 17/828/1060 423/830/1061 1064/855/1050
f 1064/855/1050 423/830/1061 424/838/1062 1067/856/1051
f 1067/856/1051 424/838/1062 425/837/1063 1070/859/1054
f 1070/859/1054 425/837/1063 50/405/1064 278/404/1065
f 1069/857/1052 1070/859/1054 278/404/1065 277/403/1066
f 1068/858/1053 1069/857/1052 277/403/1066 276/401/1067
f 416/864/1068 1068/858/1053 276/401/1067 42/400/1069
f 415/865/1070 1065/854/1049 1068/858/1053 416/864/1068
f 414/45/1057 1062/851/1046 1065/854/1049 415/865/1070
f 1071/866/1071 1072/867/1072 1075/868/1073 1074/869/1074
f 1072/867/1072 1073/870/1075 1076/871/1076 1075/868/1073
f 1074/869/1074 1075/868/1073 1078/872/1077 1077/873/1078
f 1075/868/1073 1076/871/1076 1079/874/1079 1078/872/1077
f 21/438/1080 294/436/1081 1071/866/1071 429/875/1082
f 294/436/1081 295/435/1083 1072/867/1072 1071/866/1071
f 295/435/1083 296/434/1084 1073/870/1075 1072/867/1072
f 296/434/1084 29/433/1085 432/876/1086 1073/870/1075
f 1073/870/1075 432/876/1086 433/877/1087 1076/871/1076
f 1076/871/1076 433/877/1087 434/878/1088 1079/874/1079
f 1079/874/1079 434/878/1088 45/210/210 252/344/1089
f 1078/872/1077 1079/874/1079 252/344/1089 253/343/1090
f 1077/873/1078 1078/872/1077 253/343/1090 254/341/1091
f 431/879/1092 1077/873/1078 254/341/1091 46/340/1093
f 430/880/1094 1074/869/1074 1077/873/1078 431/879/1092
f 429/875/1082 1071/866/1071 1074/869/1074 430/880/1094
f 1080/881/1095 1081/882/1096 1084/883/1097 1083/884/1098
f 1081/882/1096 1082/885/1099 1085/886/1100 1084/883/1097
f 1083/884/1098 1084/883/1097 1087/887/1101 1086/888/1102
f 1084/883/1097 1085/886/1100 1088/889/1103 1087/887/1101
f 26/463/1104 306/461/1105 1080/881/1095 435/890/1106
f 306/461/1105 307/460/1107 1081/882/1096 1080/881/1095
f 307/460/1107 308/459/1108 1082/885/1099 1081/882/1096
f 308/459/1108 28/458/1109 438/891/1110 1082/885/1099
f 1082/885/1099 438/891/1110 439/892/1111 1085/886/1100
f 1085/886/1100 439/892/1111 440/893/1112 1088/889/1103
f 1088/889/1103 440/893/1112 44/60/1113 230/292/1114
f 1087/887/1101 1088/889/1103 230/292/1114 229/291/1115
f 1086/888/1102 1087/887/1101 229/291/1115 228/290/1116
f 437/894/1117 1086/888/1102 228/290/1116 43/215/1118
f 436/895/1119 1083/884/1098 1086/888/1102 437/894/1117
f 435/890/1106 1080/881/1095 1083/884/1098 436/895/1119
f 1089/896/1120 1090/897/1121 1093/898/1122 1092/899/1123
f 1090/897/1121 1091/900/1124 1094/901/1125 1093/898/1122
f 1092/899/1123 1093/898/1122 1096/902/1126 1095/903/1127
f 1093/898/1122 1094/901/1125 1097/904/1128 1096/902/1126
f 29/433/1085 326/504/1129 1089/896/1120 432/876/1086
f 326/504/1129 325/503/1130 1090/897/1121 1089/896/1120
f 325/503/1130 324/502/1131 1091/900/1124 1090/897/1121
f 324/502/1131 26/463/1132 435/890/1133 1091/900/1124
f 1091/900/1124 435/890/1133 436/895/1134 1094/901/1125
f 1094/901/1125 436/895/1134 437/894/1135 1097/904/1128
f 1097/904/1128 437/894/1135 43/215/215 195/214/214
f 1096/902/1126 1097/904/1128 195/214/214 196/213/213
f 1095/903/1127 1096/902/1126 196/213/213 197/211/211
f 434/878/1088 1095/903/1127 197/211/211 45/210/210
f 433/877/1087 1092/899/1123 1095/903/1127 434/878/1088
f 432/876/1086 1089/896/1120 1092/899/1123 433/877/1087
f 1098/905/1136 1099/906/1137 1102/907/1138 1101/908/1139
f 1099/906/1137 1100/909/1140 1103/910/1141 1102/907/1138
f 1101/908/1139 1102/907/1138 1105/911/1142 1104/912/1143
f 1102/907/1138 1103/910/1141 1106/913/1144 1105/911/1142
f 28/458/1145 359/584/1146 1098/905/1136 438/891/1147
f 359/584/1146 358/583/1148 1099/906/1137 1098/905/1136
f 358/583/1148 357/582/1149 1100/909/1140 1099/906/1137
f 357/582/1149 23/581/1150 366/914/1151 1100/909/1140
f 1100/909/1140 366/914/1151 367/915/1152 1103/910/1141
f 1103/910/1141 367/915/1152 368/916/1153 1106/913/1144
f 1106/913/1144 368/916/1153 41/65/1154 123/64/1155
f 1105/911/1142 1106/913/1144 123/64/1155 124/63/1156
f 1104/912/1143 1105/911/1142 124/63/1156 125/61/1157
f 440/893/1158 1104/912/1143 125/61/1157 44/60/1159
f 439/892/1160 1101/908/1139 1104/912/1143 440/893/1158
f 438/891/1147 1098/905/1136 1101/908/1139 439/892/1160
f 1107/917/1161 1108/918/1162 1111/919/1163 1110/920/1164
f 1108/918/1162 1109/921/1165 1112/922/1166 1111/919/1163
f 1110/920/1164 1111/919/1163 1114/923/1167 1113/924/1168
f 1111/919/1163 1112/922/1166 1115/925/1169 1114/923/1167
f 83/926/1170 446/927/1171 1107/917/1161 441/928/1172
f 446/927/1171 445/929/1173 1108/918/1162 1107/917/1161
f 445/929/1173 444/930/1174 1109/921/1165 1108/918/1162
f 444/930/1174 51/931/1175 447/932/1176 1109/921/1165
f 1109/921/1165 447/932/1176 448/933/1177 1112/922/1166
f 1112/922/1166 448/933/1177 449/934/1178 1115/925/1169
f 1115/925/1169 449/934/1178 66/935/1179 450/936/1180
f 1114/923/1167 1115/925/1169 450/936/1180 451/937/1181
f 1113/924/1168 1114/923/1167 451/937/1181 452/938/1182
f 443/939/1183 1113/924/1168 452/938/1182 90/940/1184
f 442/941/1185 1110/920/1164 1113/924/1168 443/939/1183
f 441/928/1172 1107/917/1161 1110/920/1164 442/941/1185
f 1116/942/1186 1117/943/1187 1120/944/1188 1119/945/1189
f 1117/943/1187 1118/946/1190 1121/947/1191 1120/944/1188
f 1119/945/1189 1120/944/1188 1123/948/1192 1122/949/1193
f 1120/944/1188 1121/947/1191 1124/950/1194 1123/948/1192
f 68/951/1195 458/952/1196 1116/942/1186 453/953/1197
f 458/952/1196 457/954/1198 1117/943/1187 1116/942/1186
f 457/954/1198 456/955/1199 1118/946/1190 1117/943/1187
f 456/955/1199 54/956/1200 459/957/1201 1118/946/1190
f 1118/946/1190 459/957/1201 460/958/1202 1121/947/1191
f 1121/947/1191 460/958/1202 461/959/1203 1124/950/1194
f 1124/950/1194 461/959/1203 65/960/1204 462/961/1205
f 1123/948/1192 1124/950/1194 462/961/1205 463/962/1206
f 1122/949/1193 1123/948/1192 463/962/1206 464/963/1207
f 455/964/1208 1122/949/1193 464/963/1207 74/965/1209
f 454/966/1210 1119/945/1189 1122/949/1193 455/964/1208
f 453/953/1197 1116/942/1186 1119/945/1189 454/966/1210
f 1125/967/1211 1126/968/1212 1129/969/1213 1128/970/1214
f 1126/968/1212 1127/971/1215 1130/972/1216 1129/969/1213
f 1128/970/1214 1129/969/1213 1132/973/1217 1131/974/1218
f 1129/969/1213 1130/972/1216 1133/975/1219 1132/973/1217
f 72/976/1220 470/977/1221 1125/967/1211 465/978/1222
f 470/977/1221 469/979/1223 1126/968/1212 1125/967/1211
f 469/979/1223 468/980/1224 1127/971/1215 1126/968/1212
f 468/980/1224 62/981/1225 471/982/1226 1127/971/1215
f 1127/971/1215 471/982/1226 472/983/1227 1130/972/1216
f 1130/972/1216 472/983/1227 473/984/1228 1133/975/1219
f 1133/975/1219 473/984/1228 64/985/1229 474/986/1230
f 1132/973/1217 1133/975/1219 474/986/1230 475/987/1231
f 1131/974/1218 1132/973/1217 475/987/1231 476/988/1232
f 467/989/1233 1131/974/1218 476/988/1232 73/990/1234
f 466/991/1235 1128/970/1214 1131/974/1218 467/989/1233
f 465/978/1222 1125/967/1211 1128/970/1214 466/991/1235
f 1134/992/1236 1135/993/1237 1138/994/1238 1137/995/1239
f 1135/993/1237 1136/996/1240 1139/997/1241 1138/994/1238
f 1137/995/1239 1138/994/1238 1141/998/1242 1140/999/1243
f 1138/994/1238 1139/997/1241 1142/1000/1244 1141/998/1242
f 88/1001/1245 482/1002/1246 1134/992/1236 477/1003/1247
f 482/1002/1246 481/1004/1248 1135/993/1237 1134/992/1236
f 481/1004/1248 480/1005/1249 1136/996/1240 1135/993/1237
f 480/1005/1249 61/1006/1250 483/1007/1251 1136/996/1240
f 1136/996/1240 483/1007/1251 484/1008/1252 1139/997/1241
f 1139/997/1241 484/1008/1252 485/1009/1253 1142/1000/1244
f 1142/1000/1244 485/1009/1253 63/1010/1254 486/1011/1255
f 1141/998/1242 1142/1000/1244 486/1011/1255 487/1012/1256
f 1140/999/1243 1141/998/1242 487/1012/1256 488/1013/1257
f 479/1014/1258 1140/999/1243 488/1013/1257 89/1015/1259
f 478/1016/1260 1137/995/1239 1140/999/1243 479/1014/1258
f 477/1003/1247 1134/992/1236 1137/995/1239 478/1016/1260
f 1143/1017/1261 1144/1018/1262 1147/1019/1263 1146/1020/1264
f 1144/1018/1262 1145/1021/1265 1148/1022/1266 1147/1019/1263
f 1146/1020/1264 1147/1019/1263 1150/1023/1267 1149/1024/1268
f 1147/1019/1263 1148/1022/1266 1151/1025/1269 1150/1023/1267
f 74/965/1270 464/963/1271 1143/1017/1261 491/1026/1272
f 464/963/1271 463/962/1273 1144/1018/1262 1143/1017/1261
f 463/962/1273 462/961/1274 1145/1021/1265 1144/1018/1262
f 462/961/1274 65/960/1275 494/1027/1276 1145/1021/1265
f 1145/1021/1265 494/1027/1276 493/1028/1277 1148/1022/1266
f 1148/1022/1266 493/1028/1277 492/1029/1278 1151/1025/1269
f 1151/1025/1269 492/1029/1278 62/981/1279 468/980/1280
f 1150/1023/1267 1151/1025/1269 468/980/1280 469/979/1281
f 1149/1024/1268 1150/1023/1267 469/979/1281 470/977/1282
f 489/1030/1283 1149/1024/1268 470/977/1282 72/976/1284
f 490/1031/1285 1146/1020/1264 1149/1024/1268 489/1030/1283
f 491/1026/1272 1143/1017/1261 1146/1020/1264 490/1031/1285
f 1152/1032/1286 1153/1033/1287 1156/1034/1288 1155/1035/1289
f 1153/1033/1287 1154/1036/1290 1157/1037/1291 1156/1034/1288
f 1155/1035/1289 1156/1034/1288 1159/1038/1292 1158/1039/1293
f 1156/1034/1288 1157/1037/1291 1160/1040/1294 1159/1038/1292
f 90/940/1295 452/938/1296 1152/1032/1286 497/1041/1297
f 452/938/1296 451/937/1298 1153/1033/1287 1152/1032/1286
f 451/937/1298 450/936/1299 1154/1036/1290 1153/1033/1287
f 450/936/1299 66/935/1300 500/1042/1301 1154/1036/1290
f 1154/1036/1290 500/1042/1301 499/1043/1302 1157/1037/1291
f 1157/1037/1291 499/1043/1302 498/1044/1303 1160/1040/1294
f 1160/1040/1294 498/1044/1303 61/1006/1304 480/1005/1305
f 1159/1038/1292 1160/1040/1294 480/1005/1305 481/1004/1306
f 1158/1039/1293 1159/1038/1292 481/1004/1306 482/1002/1307
f 495/1045/1308 1158/1039/1293 482/1002/1307 88/1001/1309
f 496/1046/1310 1155/1035/1289 1158/1039/1293 495/1045/1308
f 497/1041/1297 1152/1032/1286 1155/1035/1289 496/1046/1310
f 1161/1047/1311 1162/1048/1312 1165/1049/1313 1164/1050/1314
f 1162/1048/1312 1163/1051/1315 1166/1052/1316 1165/1049/1313
f 1164/1050/1314 1165/1049/1313 1168/1053/1317 1167/1054/1318
f 1165/1049/1313 1166/1052/1316 1169/1055/1319 1168/1053/1317
f 83/1056/1320 501/1057/1321 1161/1047/1311 446/1058/1322
f 501/1057/1321 502/1059/1323 1162/1048/1312 1161/1047/1311
f 502/1059/1323 503/1060/1324 1163/1051/1315 1162/1048/1312
f 503/1060/1324 95/1061/1325 506/1062/1326 1163/1051/1315
f 1163/1051/1315 506/1062/1326 505/1063/1327 1166/1052/1316
f 1166/1052/1316 505/1063/1327 504/1064/1328 1169/1055/1319
f 1169/1055/1319 504/1064/1328 60/1065/1329 509/1066/1330
f 1168/1053/1317 1169/1055/1319 509/1066/1330 508/1067/1331
f 1167/1054/1318 1168/1053/1317 508/1067/1331 507/1068/1332
f 444/1069/1333 1167/1054/1318 507/1068/1332 51/1070/1334
f 445/1071/1335 1164/1050/1314 1167/1054/1318 444/1069/1333
f 446/1058/1322 1161/1047/1311 1164/1050/1314 445/1071/1335
f 1170/1072/1336 1171/1073/1337 1174/1074/1338 1173/1075/1339
f 1171/1073/1337 1172/1076/1340 1175/1077/1341 1174/1074/1338
f 1173/1075/1339 1174/1074/1338 1177/1078/1342 1176/1079/1343
f 1174/1074/1338 1175/1077/1341 1178/1080/1344 1177/1078/1342
f 67/1081/1345 513/1082/1346 1170/1072/1336 512/1083/1347
f 513/1082/1346 514/1084/1348 1171/1073/1337 1170/1072/1336
f 514/1084/1348 515/1085/1349 1172/1076/1340 1171/1073/1337
f 515/1085/1349 79/1086/1350 518/1087/1351 1172/1076/1340
f 1172/1076/1340 518/1087/1351 517/1088/1352 1175/1077/1341
f 1175/1077/1341 517/1088/1352 516/1089/1353 1178/1080/1344
f 1178/1080/1344 516/1089/1353 59/1090/1354 521/1091/1355
f 1177/1078/1342 1178/1080/1344 521/1091/1355 520/1092/1356
f 1176/1079/1343 1177/1078/1342 520/1092/1356 519/1093/1357
f 510/1094/1358 1176/1079/1343 519/1093/1357 53/1095/1359
f 511/1096/1360 1173/1075/1339 1176/1079/1343 510/1094/1358
f 512/1083/1347 1170/1072/1336 1173/1075/1339 511/1096/1360
f 1179/1097/1361 1180/1098/1362 1183/1099/1363 1182/1100/1364
f 1180/1098/1362 1181/1101/1365 1184/1102/1366 1183/1099/1363
f 1182/1100/1364 1183/1099/1363 1186/1103/1367 1185/1104/1368
f 1183/1099/1363 1184/1102/1366 1187/1105/1369 1186/1103/1367
f 77/1106/1370 525/1107/1371 1179/1097/1361 524/1108/1372
f 525/1107/1371 526/1109/1373 1180/1098/1362 1179/1097/1361
f 526/1109/1373 527/1110/1374 1181/1101/1365 1180/1098/1362
f 527/1110/1374 78/1111/1375 530/1112/1376 1181/1101/1365
f 1181/1101/1365 530/1112/1376 529/1113/1377 1184/1102/1366
f 1184/1102/1366 529/1113/1377 528/1114/1378 1187/1105/1369
f 1187/1105/1369 528/1114/1378 58/1115/1379 533/1116/1380
f 1186/1103/1367 1187/1105/1369 533/1116/1380 532/1117/1381
f 1185/1104/1368 1186/1103/1367 532/1117/1381 531/1118/1382
f 522/1119/1383 1185/1104/1368 531/1118/1382 56/1120/1384
f 523/1121/1385 1182/1100/1364 1185/1104/1368 522/1119/1383
f 524/1108/1372 1179/1097/1361 1182/1100/1364 523/1121/1385
f 1188/1122/1386 1189/1123/1387 1192/1124/1388 1191/1125/1389
f 1189/1123/1387 1190/1126/1390 1193/1127/1391 1192/1124/1388
f 1191/1125/1389 1192/1124/1388 1195/1128/1392 1194/1129/1393
f 1192/1124/1388 1193/1127/1391 1196/1130/1394 1195/1128/1392
f 93/1131/1395 537/1132/1396 1188/1122/1386 536/1133/1397
f 537/1132/1396 538/1134/1398 1189/1123/1387 1188/1122/1386
f 538/1134/1398 539/1135/1399 1190/1126/1390 1189/1123/1387
f 539/1135/1399 94/1136/1400 542/1137/1401 1190/1126/1390
f 1190/1126/1390 542/1137/1401 541/1138/1402 1193/1127/1391
f 1193/1127/1391 541/1138/1402 540/1139/1403 1196/1130/1394
f 1196/1130/1394 540/1139/1403 57/1140/1404 545/1141/1405
f 1195/1128/1392 1196/1130/1394 545/1141/1405 544/1142/1406
f 1194/1129/1393 1195/1128/1392 544/1142/1406 543/1143/1407
f 534/1144/1408 1194/1129/1393 543/1143/1407 55/1145/1409
f 535/1146/1410 1191/1125/1389 1194/1129/1393 534/1144/1408
f 536/1133/1397 1188/1122/1386 1191/1125/1389 535/1146/1410
f 1197/1147/1411 1198/1148/1412 1201/1149/1413 1200/1150/1414
f 1198/1148/1412 1199/1151/1415 1202/1152/1416 1201/1149/1413
f 1200/1150/1414 1201/1149/1413 1204/1153/1417 1203/1154/1418
f 1201/1149/1413 1202/1152/1416 1205/1155/1419 1204/1153/1417
f 79/1086/1420 548/1156/1421 1197/1147/1411 518/1087/1422
f 548/1156/1421 547/1157/1423 1198/1148/1412 1197/1147/1411
f 547/1157/1423 546/1158/1424 1199/1151/1415 1198/1148/1412
f 546/1158/1424 77/1106/1425 524/1108/1426 1199/1151/1415
f 1199/1151/1415 524/1108/1426 523/1121/1427 1202/1152/1416
f 1202/1152/1416 523/1121/1427 522/1119/1428 1205/1155/1419
f 1205/1155/1419 522/1119/1428 56/1120/1429 549/1159/1430
f 1204/1153/1417 1205/1155/1419 549/1159/1430 550/1160/1431
f 1203/1154/1418 1204/1153/1417 550/1160/1431 551/1161/1432
f 516/1089/1433 1203/1154/1418 551/1161/1432 59/1090/1434
f 517/1088/1435 1200/1150/1414 1203/1154/1418 516/1089/1433
f 518/1087/1422 1197/1147/1411 1200/1150/1414 517/1088/1435
f 1206/1162/1436 1207/1163/1437 1210/1164/1438 1209/1165/1439
f 1207/1163/1437 1208/1166/1440 1211/1167/1441 1210/1164/1438
f 1209/1165/1439 1210/1164/1438 1213/1168/1442 1212/1169/1443
f 1210/1164/1438 1211/1167/1441 1214/1170/1444 1213/1168/1442
f 95/1061/1445 554/1171/1446 1206/1162/1436 506/1062/1447
f 554/1171/1446 553/1172/1448 1207/1163/1437 1206/1162/1436
f 553/1172/1448 552/1173/1449 1208/1166/1440 1207/1163/1437
f 552/1173/1449 93/1131/1450 536/1133/1451 1208/1166/1440
f 1208/1166/1440 536/1133/1451 535/1146/1452 1211/1167/1441
f 1211/1167/1441 535/1146/1452 534/1144/1453 1214/1170/1444
f 1214/1170/1444 534/1144/1453 55/1145/1454 555/1174/1455
f 1213/1168/1442 1214/1170/1444 555/1174/1455 556/1175/1456
f 1212/1169/1443 1213/1168/1442 556/1175/1456 557/1176/1457
f 504/1064/1458 1212/1169/1443 557/1176/1457 60/1065/1459
f 505/1063/1460 1209/1165/1439 1212/1169/1443 504/1064/1458
f 506/1062/1447 1206/1162/1436 1209/1165/1439 505/1063/1460
f 1215/1177/1461 1216/1178/1462 1219/1179/1463 1218/1180/1464
f 1216/1178/1462 1217/1181/1465 1220/1182/1466 1219/1179/1463
f 1218/1180/1464 1219/1179/1463 1222/1183/1467 1221/1184/1468
f 1219/1179/1463 1220/1182/1466 1223/1185/1469 1222/1183/1467
f 94/1136/1400 560/1186/1470 1215/1177/1461 542/1137/1401
f 560/1186/1470 559/1187/1471 1216/1178/1462 1215/1177/1461
f 559/1187/1471 558/1188/1472 1217/1181/1465 1216/1178/1462
f 558/1188/1472 92/1189/1473 563/1190/1474 1217/1181/1465
f 1217/1181/1465 563/1190/1474 562/1191/1475 1220/1182/1466
f 1220/1182/1466 562/1191/1475 561/1192/1476 1223/1185/1469
f 1223/1185/1469 561/1192/1476 54/1193/1477 564/1194/1478
f 1222/1183/1467 1223/1185/1469 564/1194/1478 565/1195/1479
f 1221/1184/1468 1222/1183/1467 565/1195/1479 566/1196/1480
f 540/1139/1403 1221/1184/1468 566/1196/1480 57/1140/1404
f 541/1138/1402 1218/1180/1464 1221/1184/1468 540/1139/1403
f 542/1137/1401 1215/1177/1461 1218/1180/1464 541/1138/1402
f 1224/1197/1481 1225/1198/1482 1228/1199/1483 1227/1200/1484
f 1225/1198/1482 1226/1201/1485 1229/1202/1486 1228/1199/1483
f 1227/1200/1484 1228/1199/1483 1231/1203/1487 1230/1204/1488
f 1228/1199/1483 1229/1202/1486 1232/1205/1489 1231/1203/1487
f 89/1015/1259 488/1013/1257 1224/1197/1481 567/1206/1490
f 488/1013/1257 487/1012/1256 1225/1198/1482 1224/1197/1481
f 487/1012/1256 486/1011/1255 1226/1201/1485 1225/1198/1482
f 486/1011/1255 63/1010/1254 572/1207/1491 1226/1201/1485
f 1226/1201/1485 572/1207/1491 571/1208/1492 1229/1202/1486
f 1229/1202/1486 571/1208/1492 570/1209/1493 1232/1205/1489
f 1232/1205/1489 570/1209/1493 53/1210/1494 573/1211/1495
f 1231/1203/1487 1232/1205/1489 573/1211/1495 574/1212/1496
f 1230/1204/1488 1231/1203/1487 574/1212/1496 575/1213/1497
f 569/1214/1498 1230/1204/1488 575/1213/1497 91/1215/1499
f 568/1216/1500 1227/1200/1484 1230/1204/1488 569/1214/1498
f 567/1206/1490 1224/1197/1481 1227/1200/1484 568/1216/1500
f 1233/1217/1501 1234/1218/1502 1237/1219/1503 1236/1220/1504
f 1234/1218/1502 1235/1221/1505 1238/1222/1506 1237/1219/1503
f 1236/1220/1504 1237/1219/1503 1240/1223/1507 1239/1224/1508
f 1237/1219/1503 1238/1222/1506 1241/1225/1509 1240/1223/1507
f 78/1111/1375 578/1226/1510 1233/1217/1501 530/1112/1376
f 578/1226/1510 577/1227/1511 1234/1218/1502 1233/1217/1501
f 577/1227/1511 576/1228/1512 1235/1221/1505 1234/1218/1502
f 576/1228/1512 76/1229/1513 581/1230/1514 1235/1221/1505
f 1235/1221/1505 581/1230/1514 580/1231/1515 1238/1222/1506
f 1238/1222/1506 580/1231/1515 579/1232/1516 1241/1225/1509
f 1241/1225/1509 579/1232/1516 52/1233/1517 582/1234/1518
f 1240/1223/1507 1241/1225/1509 582/1234/1518 583/1235/1519
f 1239/1224/1508 1240/1223/1507 583/1235/1519 584/1236/1520
f 528/1114/1378 1239/1224/1508 584/1236/1520 58/1115/1379
f 529/1113/1377 1236/1220/1504 1239/1224/1508 528/1114/1378
f 530/1112/1376 1233/1217/1501 1236/1220/1504 529/1113/1377
f 1242/1237/1521 1243/1238/1522 1246/1239/1523 1245/1240/1524
f 1243/1238/1522 1244/1241/1525 1247/1242/1526 1246/1239/1523
f 1245/1240/1524 1246/1239/1523 1249/1243/1527 1248/1244/1528
f 1246/1239/1523 1247/1242/1526 1250/1245/1529 1249/1243/1527
f 73/990/1234 476/988/1232 1242/1237/1521 585/1246/1530
f 476/988/1232 475/987/1231 1243/1238/1522 1242/1237/1521
f 475/987/1231 474/986/1230 1244/1241/1525 1243/1238/1522
f 474/986/1230 64/985/1229 590/1247/1531 1244/1241/1525
f 1244/1241/1525 590/1247/1531 589/1248/1532 1247/1242/1526
f 1247/1242/1526 589/1248/1532 588/1249/1533 1250/1245/1529
f 1250/1245/1529 588/1249/1533 52/1250/1534 579/1251/1535
f 1249/1243/1527 1250/1245/1529 579/1251/1535 580/1252/1536
f 1248/1244/1528 1249/1243/1527 580/1252/1536 581/1253/1537
f 587/1254/1538 1248/1244/1528 581/1253/1537 76/1255/1539
f 586/1256/1540 1245/1240/1524 1248/1244/1528 587/1254/1538
f 585/1246/1530 1242/1237/1521 1245/1240/1524 586/1256/1540
f 1251/1257/1541 1252/1258/1542 1255/1259/1543 1254/1260/1544
f 1252/1258/1542 1253/1261/1545 1256/1262/1546 1255/1259/1543
f 1254/1260/1544 1255/1259/1543 1258/1263/1547 1257/1264/1548
f 1255/1259/1543 1256/1262/1546 1259/1265/1549 1258/1263/1547
f 32/1266/1550 591/1267/1551 1251/1257/1541 152/1268/1552
f 591/1267/1551 592/1269/1553 1252/1258/1542 1251/1257/1541
f 592/1269/1553 593/1270/1554 1253/1261/1545 1252/1258/1542
f 593/1270/1554 73/990/1555 585/1246/1556 1253/1261/1545
f 1253/1261/1545 585/1246/1556 586/1256/1557 1256/1262/1546
f 1256/1262/1546 586/1256/1557 587/1254/1558 1259/1265/1549
f 1259/1265/1549 587/1254/1558 76/1255/1559 596/1271/1560
f 1258/1263/1547 1259/1265/1549 596/1271/1560 595/1272/1561
f 1257/1264/1548 1258/1263/1547 595/1272/1561 594/1273/1562
f 150/1274/1563 1257/1264/1548 594/1273/1562 3/1275/1564
f 151/1276/1565 1254/1260/1544 1257/1264/1548 150/1274/1563
f 152/1268/1552 1251/1257/1541 1254/1260/1544 151/1276/1565
f 1260/1277/1566 1261/1278/1567 1264/1279/1568 1263/1280/1569
f 1261/1278/1567 1262/1281/1570 1265/1282/1571 1264/1279/1568
f 1263/1280/1569 1264/1279/1568 1267/1283/1572 1266/1284/1573
f 1264/1279/1568 1265/1282/1571 1268/1285/1574 1267/1283/1572
f 15/1286/1575 155/1287/1576 1260/1277/1566 597/1288/1577
f 155/1287/1576 154/1289/1578 1261/1278/1567 1260/1277/1566
f 154/1289/1578 153/1290/1579 1262/1281/1570 1261/1278/1567
f 153/1290/1579 3/1291/1580 594/1292/1581 1262/1281/1570
f 1262/1281/1570 594/1292/1581 595/1293/1582 1265/1282/1571
f 1265/1282/1571 595/1293/1582 596/1294/1583 1268/1285/1574
f 1268/1285/1574 596/1294/1583 76/1229/1584 576/1228/1585
f 1267/1283/1572 1268/1285/1574 576/1228/1585 577/1227/1586
f 1266/1284/1573 1267/1283/1572 577/1227/1586 578/1226/1587
f 599/1295/1588 1266/1284/1573 578/1226/1587 78/1111/1589
f 598/1296/1590 1263/1280/1569 1266/1284/1573 599/1295/1588
f 597/1288/1577 1260/1277/1566 1263/1280/1569 598/1296/1590
f 1269/1297/1591 1270/1298/1592 1273/1299/1593 1272/1300/1594
f 1270/1298/1592 1271/1301/1595 1274/1302/1596 1273/1299/1593
f 1272/1300/1594 1273/1299/1593 1276/1303/1597 1275/1304/1598
f 1273/1299/1593 1274/1302/1596 1277/1305/1599 1276/1303/1597
f 18/1306/1600 191/1307/1601 1269/1297/1591 600/1308/1602
f 191/1307/1601 190/1309/1603 1270/1298/1592 1269/1297/1591
f 190/1309/1603 189/1310/1604 1271/1301/1595 1270/1298/1592
f 189/1310/1604 11/1311/1605 603/1312/1606 1271/1301/1595
f 1271/1301/1595 603/1312/1606 604/1313/1607 1274/1302/1596
f 1274/1302/1596 604/1313/1607 605/1314/1608 1277/1305/1599
f 1277/1305/1599 605/1314/1608 77/1106/1609 546/1158/1610
f 1276/1303/1597 1277/1305/1599 546/1158/1610 547/1157/1611
f 1275/1304/1598 1276/1303/1597 547/1157/1611 548/1156/1612
f 602/1315/1613 1275/1304/1598 548/1156/1612 79/1086/1614
f 601/1316/1615 1272/1300/1594 1275/1304/1598 602/1315/1613
f 600/1308/1602 1269/1297/1591 1272/1300/1594 601/1316/1615
f 1278/1317/1616 1279/1318/1617 1282/1319/1618 1281/1320/1619
f 1279/1318/1617 1280/1321/1620 1283/1322/1621 1282/1319/1618
f 1281/1320/1619 1282/1319/1618 1285/1323/1622 1284/1324/1623
f 1282/1319/1618 1283/1322/1621 1286/1325/1624 1285/1323/1622
f 11/1311/1625 225/1326/1626 1278/1317/1616 603/1312/1627
f 225/1326/1626 226/1327/1628 1279/1318/1617 1278/1317/1616
f 226/1327/1628 227/1328/1629 1280/1321/1620 1279/1318/1617
f 227/1328/1629 15/1286/1630 597/1288/1631 1280/1321/1620
f 1280/1321/1620 597/1288/1631 598/1296/1632 1283/1322/1621
f 1283/1322/1621 598/1296/1632 599/1295/1633 1286/1325/1624
f 1286/1325/1624 599/1295/1633 78/1111/1375 527/1110/1374
f 1285/1323/1622 1286/1325/1624 527/1110/1374 526/1109/1373
f 1284/1324/1623 1285/1323/1622 526/1109/1373 525/1107/1371
f 605/1314/1634 1284/1324/1623 525/1107/1371 77/1106/1370
f 604/1313/1635 1281/1320/1619 1284/1324/1623 605/1314/1634
f 603/1312/1627 1278/1317/1616 1281/1320/1619 604/1313/1635
f 1287/1329/1636 1288/1330/1637 1291/1331/1638 1290/1332/1639
f 1288/1330/1637 1289/1333/1640 1292/1334/1641 1291/1331/1638
f 1290/1332/1639 1291/1331/1638 1294/1335/1642 1293/1336/1643
f 1291/1331/1638 1292/1334/1641 1295/1337/1644 1294/1335/1642
f 4/1338/1645 261/1339/1646 1287/1329/1636 141/1340/1647
f 261/1339/1646 262/1341/1648 1288/1330/1637 1287/1329/1636
f 262/1341/1648 263/1342/1649 1289/1333/1640 1288/1330/1637
f 263/1342/1649 18/1306/1650 600/1308/1651 1289/1333/1640
f 1289/1333/1640 600/1308/1651 601/1316/1652 1292/1334/1641
f 1292/1334/1641 601/1316/1652 602/1315/1653 1295/1337/1644
f 1295/1337/1644 602/1315/1653 79/1086/1654 515/1085/1655
f 1294/1335/1642 1295/1337/1644 515/1085/1655 514/1084/1656
f 1293/1336/1643 1294/1335/1642 514/1084/1656 513/1082/1657
f 143/1343/1658 1293/1336/1643 513/1082/1657 67/1081/1659
f 142/1344/1660 1290/1332/1639 1293/1336/1643 143/1343/1658
f 141/1340/1647 1287/1329/1636 1290/1332/1639 142/1344/1660
f 1296/1345/1661 1297/1346/1662 1300/1347/1663 1299/1348/1664
f 1297/1346/1662 1298/1349/1665 1301/1350/1666 1300/1347/1663
f 1299/1348/1664 1300/1347/1663 1303/1351/1667 1302/1352/1668
f 1300/1347/1663 1301/1350/1666 1304/1353/1669 1303/1351/1667
f 47/1354/1670 606/1355/1671 1296/1345/1661 338/1356/1672
f 606/1355/1671 607/1357/1673 1297/1346/1662 1296/1345/1661
f 607/1357/1673 608/1358/1674 1298/1349/1665 1297/1346/1662
f 608/1358/1674 74/965/1675 491/1026/1676 1298/1349/1665
f 1298/1349/1665 491/1026/1676 490/1031/1677 1301/1350/1666
f 1301/1350/1666 490/1031/1677 489/1030/1678 1304/1353/1669
f 1304/1353/1669 489/1030/1678 72/976/1679 611/1359/1680
f 1303/1351/1667 1304/1353/1669 611/1359/1680 610/1360/1681
f 1302/1352/1668 1303/1351/1667 610/1360/1681 609/1361/1682
f 336/1362/1683 1302/1352/1668 609/1361/1682 22/1363/1684
f 337/1364/1685 1299/1348/1664 1302/1352/1668 336/1362/1683
f 338/1356/1672 1296/1345/1661 1299/1348/1664 337/1364/1685
f 1305/1365/1686 1306/1366/1687 1309/1367/1688 1308/1368/1689
f 1306/1366/1687 1307/1369/1690 1310/1370/1691 1309/1367/1688
f 1308/1368/1689 1309/1367/1688 1312/1371/1692 1311/1372/1693
f 1309/1367/1688 1310/1370/1691 1313/1373/1694 1312/1371/1692
f 22/1363/1695 609/1361/1696 1305/1365/1686 396/1374/1697
f 609/1361/1696 610/1360/1698 1306/1366/1687 1305/1365/1686
f 610/1360/1698 611/1359/1699 1307/1369/1690 1306/1366/1687
f 611/1359/1699 72/976/1220 465/978/1222 1307/1369/1690
f 1307/1369/1690 465/978/1222 466/991/1235 1310/1370/1691
f 1310/1370/1691 466/991/1235 467/989/1233 1313/1373/1694
f 1313/1373/1694 467/989/1233 73/990/1234 593/1270/1700
f 1312/1371/1692 1313/1373/1694 593/1270/1700 592/1269/1701
f 1311/1372/1693 1312/1371/1692 592/1269/1701 591/1267/1702
f 398/1375/1703 1311/1372/1693 591/1267/1702 32/1266/1704
f 397/1376/1705 1308/1368/1689 1311/1372/1693 398/1375/1703
f 396/1374/1697 1305/1365/1686 1308/1368/1689 397/1376/1705
f 1314/1377/1706 1315/1378/1707 1318/1379/1708 1317/1380/1709
f 1315/1378/1707 1316/1381/1710 1319/1382/1711 1318/1379/1708
f 1317/1380/1709 1318/1379/1708 1321/1383/1712 1320/1384/1713
f 1318/1379/1708 1319/1382/1711 1322/1385/1714 1321/1383/1712
f 1/1386/1715 162/1387/1716 1314/1377/1706 420/1388/1717
f 162/1387/1716 163/1389/1718 1315/1378/1707 1314/1377/1706
f 163/1389/1718 164/1390/1719 1316/1381/1710 1315/1378/1707
f 164/1390/1719 68/951/1720 453/953/1721 1316/1381/1710
f 1316/1381/1710 453/953/1721 454/966/1722 1319/1382/1711
f 1319/1382/1711 454/966/1722 455/964/1723 1322/1385/1714
f 1322/1385/1714 455/964/1723 74/965/1724 608/1358/1725
f 1321/1383/1712 1322/1385/1714 608/1358/1725 607/1357/1726
f 1320/1384/1713 1321/1383/1712 607/1357/1726 606/1355/1727
f 422/1391/1728 1320/1384/1713 606/1355/1727 47/1354/1729
f 421/1392/1730 1317/1380/1709 1320/1384/1713 422/1391/1728
f 420/1388/1717 1314/1377/1706 1317/1380/1709 421/1392/1730
f 1323/1393/1731 1324/1394/1732 1327/1395/1733 1326/1396/1734
f 1324/1394/1732 1325/1397/1735 1328/1398/1736 1327/1395/1733
f 1326/1396/1734 1327/1395/1733 1330/1399/1737 1329/1400/1738
f 1327/1395/1733 1328/1398/1736 1331/1401/1739 1330/1399/1737
f 51/931/1740 612/1402/1741 1323/1393/1731 447/932/1742
f 612/1402/1741 613/1403/1743 1324/1394/1732 1323/1393/1731
f 613/1403/1743 614/1404/1744 1325/1397/1735 1324/1394/1732
f 614/1404/1744 75/788/1745 411/790/1746 1325/1397/1735
f 1325/1397/1735 411/790/1746 412/798/1747 1328/1398/1736
f 1328/1398/1736 412/798/1747 413/797/1748 1331/1401/1739
f 1331/1401/1739 413/797/1748 82/549/630 617/1405/1749
f 1330/1399/1737 1331/1401/1739 617/1405/1749 616/1406/1750
f 1329/1400/1738 1330/1399/1737 616/1406/1750 615/1407/1751
f 449/934/1752 1329/1400/1738 615/1407/1751 66/935/1753
f 448/933/1754 1326/1396/1734 1329/1400/1738 449/934/1752
f 447/932/1742 1323/1393/1731 1326/1396/1734 448/933/1754
f 1332/1408/1755 1333/1409/1756 1336/1410/1757 1335/1411/1758
f 1333/1409/1756 1334/1412/1759 1337/1413/1760 1336/1410/1757
f 1335/1411/1758 1336/1410/1757 1339/1414/1761 1338/1415/1762
f 1336/1410/1757 1337/1413/1760 1340/1416/1763 1339/1414/1761
f 61/1006/1764 618/1417/1765 1332/1408/1755 483/1007/1766
f 618/1417/1765 619/1418/1767 1333/1409/1756 1332/1408/1755
f 619/1418/1767 620/1419/1768 1334/1412/1759 1333/1409/1756
f 620/1419/1768 80/563/1769 399/738/1770 1334/1412/1759
f 1334/1412/1759 399/738/1770 400/743/1771 1337/1413/1760
f 1337/1413/1760 400/743/1771 401/742/1772 1340/1416/1763
f 1340/1416/1763 401/742/1772 81/85/1773 623/1420/1774
f 1339/1414/1761 1340/1416/1763 623/1420/1774 622/1421/1775
f 1338/1415/1762 1339/1414/1761 622/1421/1775 621/1422/1776
f 485/1009/1777 1338/1415/1762 621/1422/1776 63/1010/1778
f 484/1008/1779 1335/1411/1758 1338/1415/1762 485/1009/1777
f 483/1007/1766 1332/1408/1755 1335/1411/1758 484/1008/1779
f 1341/1423/1780 1342/1424/1781 1345/1425/1782 1344/1426/1783
f 1342/1424/1781 1343/1427/1784 1346/1428/1785 1345/1425/1782
f 1344/1426/1783 1345/1425/1782 1348/1429/1786 1347/1430/1787
f 1345/1425/1782 1346/1428/1785 1349/1431/1788 1348/1429/1786
f 66/935/1753 615/1407/1751 1341/1423/1780 500/1042/1789
f 615/1407/1751 616/1406/1750 1342/1424/1781 1341/1423/1780
f 616/1406/1750 617/1405/1749 1343/1427/1784 1342/1424/1781
f 617/1405/1749 82/549/630 344/551/632 1343/1427/1784
f 1343/1427/1784 344/551/632 343/564/645 1346/1428/1785
f 1346/1428/1785 343/564/645 342/562/643 1349/1431/1788
f 1349/1431/1788 342/562/643 80/563/644 620/1419/1790
f 1348/1429/1786 1349/1431/1788 620/1419/1790 619/1418/1791
f 1347/1430/1787 1348/1429/1786 619/1418/1791 618/1417/1792
f 498/1044/1793 1347/1430/1787 618/1417/1792 61/1006/1794
f 499/1043/1795 1344/1426/1783 1347/1430/1787 498/1044/1793
f 500/1042/1789 1341/1423/1780 1344/1426/1783 499/1043/1795
f 1350/1432/1796 1351/1433/1797 1354/1434/1798 1353/1435/1799
f 1351/1433/1797 1352/1436/1800 1355/1437/1801 1354/1434/1798
f 1353/1435/1799 1354/1434/1798 1357/1438/1802 1356/1439/1803
f 1354/1434/1798 1355/1437/1801 1358/1440/1804 1357/1438/1802
f 51/1070/1805 507/1068/1806 1350/1432/1796 612/1441/1807
f 507/1068/1806 508/1067/1808 1351/1433/1797 1350/1432/1796
f 508/1067/1808 509/1066/1809 1352/1436/1800 1351/1433/1797
f 509/1066/1809 60/1065/1810 624/1442/1811 1352/1436/1800
f 1352/1436/1800 624/1442/1811 625/1443/1812 1355/1437/1801
f 1355/1437/1801 625/1443/1812 626/1444/1813 1358/1440/1804
f 1358/1440/1804 626/1444/1813 71/160/160 267/384/1814
f 1357/1438/1802 1358/1440/1804 267/384/1814 268/383/1815
f 1356/1439/1803 1357/1438/1802 268/383/1815 269/381/1816
f 614/1445/1817 1356/1439/1803 269/381/1816 75/380/1818
f 613/1446/1819 1353/1435/1799 1356/1439/1803 614/1445/1817
f 612/1441/1807 1350/1432/1796 1353/1435/1799 613/1446/1819
f 1359/1447/1820 1360/1448/1821 1363/1449/1822 1362/1450/1823
f 1360/1448/1821 1361/1451/1824 1364/1452/1825 1363/1449/1822
f 1362/1450/1823 1363/1449/1822 1366/1453/1826 1365/1454/1827
f 1363/1449/1822 1364/1452/1825 1367/1455/1828 1366/1453/1826
f 55/1145/1829 543/1143/1830 1359/1447/1820 627/1456/1831
f 543/1143/1830 544/1142/1832 1360/1448/1821 1359/1447/1820
f 544/1142/1832 545/1141/1833 1361/1451/1824 1360/1448/1821
f 545/1141/1833 57/1140/1834 630/1457/1835 1361/1451/1824
f 1361/1451/1824 630/1457/1835 631/1458/1836 1364/1452/1825
f 1364/1452/1825 631/1458/1836 632/1459/1837 1367/1455/1828
f 1367/1455/1828 632/1459/1837 70/135/1838 218/262/1839
f 1366/1453/1826 1367/1455/1828 218/262/1839 217/261/1840
f 1365/1454/1827 1366/1453/1826 217/261/1840 216/260/1841
f 629/1460/1842 1365/1454/1827 216/260/1841 69/165/1843
f 628/1461/1844 1362/1450/1823 1365/1454/1827 629/1460/1842
f 627/1456/1831 1359/1447/1820 1362/1450/1823 628/1461/1844
f 1368/1462/1845 1369/1463/1846 1372/1464/1847 1371/1465/1848
f 1369/1463/1846 1370/1466/1849 1373/1467/1850 1372/1464/1847
f 1371/1465/1848 1372/1464/1847 1375/1468/1851 1374/1469/1852
f 1372/1464/1847 1373/1467/1850 1376/1470/1853 1375/1468/1851
f 60/1065/1810 557/1176/1854 1368/1462/1845 624/1442/1811
f 557/1176/1854 556/1175/1855 1369/1463/1846 1368/1462/1845
f 556/1175/1855 555/1174/1856 1370/1466/1849 1369/1463/1846
f 555/1174/1856 55/1145/1857 627/1456/1858 1370/1466/1849
f 1370/1466/1849 627/1456/1858 628/1461/1859 1373/1467/1850
f 1373/1467/1850 628/1461/1859 629/1460/1860 1376/1470/1853
f 1376/1470/1853 629/1460/1860 69/165/165 171/164/164
f 1375/1468/1851 1376/1470/1853 171/164/164 172/163/163
f 1374/1469/1852 1375/1468/1851 172/163/163 173/161/161
f 626/1444/1813 1374/1469/1852 173/161/161 71/160/160
f 625/1443/1812 1371/1465/1848 1374/1469/1852 626/1444/1813
f 624/1442/1811 1368/1462/1845 1371/1465/1848 625/1443/1812
f 1377/1471/1861 1378/1472/1862 1381/1473/1863 1380/1474/1864
f 1378/1472/1862 1379/1475/1865 1382/1476/1866 1381/1473/1863
f 1380/1474/1864 1381/1473/1863 1384/1477/1867 1383/1478/1868
f 1381/1473/1863 1382/1476/1866 1385/1479/1869 1384/1477/1867
f 57/1140/1870 566/1196/1871 1377/1471/1861 630/1457/1872
f 566/1196/1871 565/1195/1873 1378/1472/1862 1377/1471/1861
f 565/1195/1873 564/1194/1874 1379/1475/1865 1378/1472/1862
f 564/1194/1874 54/1193/1875 456/1480/1876 1379/1475/1865
f 1379/1475/1865 456/1480/1876 457/1481/1877 1382/1476/1866
f 1382/1476/1866 457/1481/1877 458/1482/1878 1385/1479/1869
f 1385/1479/1869 458/1482/1878 68/140/1879 159/139/1880
f 1384/1477/1867 1385/1479/1869 159/139/1880 160/138/1881
f 1383/1478/1868 1384/1477/1867 160/138/1881 161/136/1882
f 632/1459/1883 1383/1478/1868 161/136/1882 70/135/1884
f 631/1458/1885 1380/1474/1864 1383/1478/1868 632/1459/1883
f 630/1457/1872 1377/1471/1861 1380/1474/1864 631/1458/1885
f 1386/1483/1886 1387/1484/1887 1390/1485/1888 1389/1486/1889
f 1387/1484/1887 1388/1487/1890 1391/1488/1891 1390/1485/1888
f 1389/1486/1889 1390/1485/1888 1393/1489/1892 1392/1490/1893
f 1390/1485/1888 1391/1488/1891 1394/1491/1894 1393/1489/1892
f 63/1010/1895 621/1422/1896 1386/1483/1886 572/1207/1897
f 621/1422/1896 622/1421/1898 1387/1484/1887 1386/1483/1886
f 622/1421/1898 623/1420/1899 1388/1487/1890 1387/1484/1887
f 623/1420/1899 81/85/1900 134/87/1901 1388/1487/1890
f 1388/1487/1890 134/87/1901 133/100/1902 1391/1488/1891
f 1391/1488/1891 133/100/1902 132/98/1903 1394/1491/1894
f 1394/1491/1894 132/98/1903 67/99/1904 512/1492/1905
f 1393/1489/1892 1394/1491/1894 512/1492/1905 511/1493/1906
f 1392/1490/1893 1393/1489/1892 511/1493/1906 510/1494/1907
f 570/1209/1908 1392/1490/1893 510/1494/1907 53/1210/1909
f 571/1208/1910 1389/1486/1889 1392/1490/1893 570/1209/1908
f 572/1207/1897 1386/1483/1886 1389/1486/1889 571/1208/1910
f 1395/1495/1911 1396/1496/1912 1399/1497/1913 1398/1498/1914
f 1396/1496/1912 1397/1499/1915 1400/1500/1916 1399/1497/1913
f 1398/1498/1914 1399/1497/1913 1402/1501/1917 1401/1502/1918
f 1399/1497/1913 1400/1500/1916 1403/1503/1919 1402/1501/1917
f 31/424/1920 633/1504/1921 1395/1495/1911 383/676/1922
f 633/1504/1921 634/1505/1923 1396/1496/1912 1395/1495/1911
f 634/1505/1923 635/1506/1924 1397/1499/1915 1396/1496/1912
f 635/1506/1924 89/1015/1925 567/1206/1926 1397/1499/1915
f 1397/1499/1915 567/1206/1926 568/1216/1927 1400/1500/1916
f 1400/1500/1916 568/1216/1927 569/1214/1928 1403/1503/1919
f 1403/1503/1919 569/1214/1928 91/1215/1929 242/1507/1930
f 1402/1501/1917 1403/1503/1919 242/1507/1930 241/1508/1931
f 1401/1502/1918 1402/1501/1917 241/1508/1931 240/1509/1932
f 381/673/1933 1401/1502/1918 240/1509/1932 8/671/1934
f 382/677/1935 1398/1498/1914 1401/1502/1918 381/673/1933
f 383/676/1922 1395/1495/1911 1398/1498/1914 382/677/1935
f 1404/1510/1936 1405/1511/1937 1408/1512/1938 1407/1513/1939
f 1405/1511/1937 1406/1514/1940 1409/1515/1941 1408/1512/1938
f 1407/1513/1939 1408/1512/1938 1411/1516/1942 1410/1517/1943
f 1408/1512/1938 1409/1515/1941 1412/1518/1944 1411/1516/1942
f 16/1519/1945 131/1520/1946 1404/1510/1936 636/1521/1947
f 131/1520/1946 130/1522/1948 1405/1511/1937 1404/1510/1936
f 130/1522/1948 129/1523/1949 1406/1514/1940 1405/1511/1937
f 129/1523/1949 5/1524/1950 408/1525/1951 1406/1514/1940
f 1406/1514/1940 408/1525/1951 409/1526/1952 1409/1515/1941
f 1409/1515/1941 409/1526/1952 410/1527/1953 1412/1518/1944
f 1412/1518/1944 410/1527/1953 92/1189/1954 558/1188/1955
f 1411/1516/1942 1412/1518/1944 558/1188/1955 559/1187/1956
f 1410/1517/1943 1411/1516/1942 559/1187/1956 560/1186/1957
f 638/1528/1958 1410/1517/1943 560/1186/1957 94/1136/1959
f 637/1529/1960 1407/1513/1939 1410/1517/1943 638/1528/1958
f 636/1521/1947 1404/1510/1936 1407/1513/1939 637/1529/1960
f 1413/1530/1961 1414/1531/1962 1417/1532/1963 1416/1533/1964
f 1414/1531/1962 1415/1534/1965 1418/1535/1966 1417/1532/1963
f 1416/1533/1964 1417/1532/1963 1420/1536/1967 1419/1537/1968
f 1417/1532/1963 1418/1535/1966 1421/1538/1969 1420/1536/1967
f 19/1539/1970 203/1540/1971 1413/1530/1961 639/1541/1972
f 203/1540/1971 202/1542/1973 1414/1531/1962 1413/1530/1961
f 202/1542/1973 201/1543/1974 1415/1534/1965 1414/1531/1962
f 201/1543/1974 12/1544/1975 642/1545/1976 1415/1534/1965
f 1415/1534/1965 642/1545/1976 643/1546/1977 1418/1535/1966
f 1418/1535/1966 643/1546/1977 644/1547/1978 1421/1538/1969
f 1421/1538/1969 644/1547/1978 93/1131/1979 552/1173/1980
f 1420/1536/1967 1421/1538/1969 552/1173/1980 553/1172/1981
f 1419/1537/1968 1420/1536/1967 553/1172/1981 554/1171/1982
f 641/1548/1983 1419/1537/1968 554/1171/1982 95/1061/1984
f 640/1549/1985 1416/1533/1964 1419/1537/1968 641/1548/1983
f 639/1541/1972 1413/1530/1961 1416/1533/1964 640/1549/1985
f 1422/1550/1986 1423/1551/1987 1426/1552/1988 1425/1553/1989
f 1423/1551/1987 1424/1554/1990 1427/1555/1991 1426/1552/1988
f 1425/1553/1989 1426/1552/1988 1429/1556/1992 1428/1557/1993
f 1426/1552/1988 1427/1555/1991 1430/1558/1994 1429/1556/1992
f 12/1544/1995 231/1559/1996 1422/1550/1986 642/1545/1997
f 231/1559/1996 232/1560/1998 1423/1551/1987 1422/1550/1986
f 232/1560/1998 233/1561/1999 1424/1554/1990 1423/1551/1987
f 233/1561/1999 16/1519/2000 636/1521/2001 1424/1554/1990
f 1424/1554/1990 636/1521/2001 637/1529/2002 1427/1555/1991
f 1427/1555/1991 637/1529/2002 638/1528/2003 1430/1558/1994
f 1430/1558/1994 638/1528/2003 94/1136/1400 539/1135/1399
f 1429/1556/1992 1430/1558/1994 539/1135/1399 538/1134/1398
f 1428/1557/1993 1429/1556/1992 538/1134/1398 537/1132/1396
f 644/1547/2004 1428/1557/1993 537/1132/1396 93/1131/1395
f 643/1546/2005 1425/1553/1989 1428/1557/1993 644/1547/2004
f 642/1545/1997 1422/1550/1986 1425/1553/1989 643/1546/2005
f 1431/1562/2006 1432/1563/2007 1435/1564/2008 1434/1565/2009
f 1432/1563/2007 1433/1566/2010 1436/1567/2011 1435/1564/2008
f 1434/1565/2009 1435/1564/2008 1438/1568/2012 1437/1569/2013
f 1435/1564/2008 1436/1567/2011 1439/1570/2014 1438/1568/2012
f 6/1571/2015 255/1572/2016 1431/1562/2006 645/1573/2017
f 255/1572/2016 256/1574/2018 1432/1563/2007 1431/1562/2006
f 256/1574/2018 257/1575/2019 1433/1566/2010 1432/1563/2007
f 257/1575/2019 19/1539/2020 639/1541/2021 1433/1566/2010
f 1433/1566/2010 639/1541/2021 640/1549/2022 1436/1567/2011
f 1436/1567/2011 640/1549/2022 641/1548/2023 1439/1570/2014
f 1439/1570/2014 641/1548/2023 95/1061/2024 503/1060/2025
f 1438/1568/2012 1439/1570/2014 503/1060/2025 502/1059/2026
f 1437/1569/2013 1438/1568/2012 502/1059/2026 501/1057/2027
f 647/1576/2028 1437/1569/2013 501/1057/2027 83/1056/2029
f 646/1577/2030 1434/1565/2009 1437/1569/2013 647/1576/2028
f 645/1573/2017 1431/1562/2006 1434/1565/2009 646/1577/2030
f 1440/1578/2031 1441/1579/2032 1444/1580/2033 1443/1581/2034
f 1441/1579/2032 1442/1582/2035 1445/1583/2036 1444/1580/2033
f 1443/1581/2034 1444/1580/2033 1447/1584/2037 1446/1585/2038
f 1444/1580/2033 1445/1583/2036 1448/1586/2039 1447/1584/2037
f 46/340/2040 648/1587/2041 1440/1578/2031 431/879/2042
f 648/1587/2041 649/1588/2043 1441/1579/2032 1440/1578/2031
f 649/1588/2043 650/1589/2044 1442/1582/2035 1441/1579/2032
f 650/1589/2044 90/940/2045 497/1041/2046 1442/1582/2035
f 1442/1582/2035 497/1041/2046 496/1046/2047 1445/1583/2036
f 1445/1583/2036 496/1046/2047 495/1045/2048 1448/1586/2039
f 1448/1586/2039 495/1045/2048 88/1001/2049 653/1590/2050
f 1447/1584/2037 1448/1586/2039 653/1590/2050 652/1591/2051
f 1446/1585/2038 1447/1584/2037 652/1591/2051 651/1592/2052
f 429/875/2053 1446/1585/2038 651/1592/2052 21/438/2054
f 430/880/2055 1443/1581/2034 1446/1585/2038 429/875/2053
f 431/879/2042 1440/1578/2031 1443/1581/2034 430/880/2055
f 1449/1593/2056 1450/1594/2057 1453/1595/2058 1452/1596/2059
f 1450/1594/2057 1451/1597/2060 1454/1598/2061 1453/1595/2058
f 1452/1596/2059 1453/1595/2058 1456/1599/2062 1455/1600/2063
f 1453/1595/2058 1454/1598/2061 1457/1601/2064 1456/1599/2062
f 21/438/2065 651/1592/2066 1449/1593/2056 285/437/2067
f 651/1592/2066 652/1591/2068 1450/1594/2057 1449/1593/2056
f 652/1591/2068 653/1590/2069 1451/1597/2060 1450/1594/2057
f 653/1590/2069 88/1001/1245 477/1003/1247 1451/1597/2060
f 1451/1597/2060 477/1003/1247 478/1016/1260 1454/1598/2061
f 1454/1598/2061 478/1016/1260 479/1014/1258 1457/1601/2064
f 1457/1601/2064 479/1014/1258 89/1015/1259 635/1506/2070
f 1456/1599/2062 1457/1601/2064 635/1506/2070 634/1505/2071
f 1455/1600/2063 1456/1599/2062 634/1505/2071 633/1504/2072
f 287/426/2073 1455/1600/2063 633/1504/2072 31/424/2074
f 286/439/2075 1452/1596/2059 1455/1600/2063 287/426/2073
f 285/437/2067 1449/1593/2056 1452/1596/2059 286/439/2075
f 1458/1602/2076 1459/1603/2077 1462/1604/2078 1461/1605/2079
f 1459/1603/2077 1460/1606/2080 1463/1607/2081 1462/1604/2078
f 1461/1605/2079 1462/1604/2078 1465/1608/2082 1464/1609/2083
f 1462/1604/2078 1463/1607/2081 1466/1610/2084 1465/1608/2082
f 6/349/2085 645/1611/2086 1458/1602/2076 249/348/2087
f 645/1611/2086 646/1612/2088 1459/1603/2077 1458/1602/2076
f 646/1612/2088 647/1613/2089 1460/1606/2080 1459/1603/2077
f 647/1613/2089 83/926/2090 441/928/2091 1460/1606/2080
f 1460/1606/2080 441/928/2091 442/941/2092 1463/1607/2081
f 1463/1607/2081 442/941/2092 443/939/2093 1466/1610/2084
f 1466/1610/2084 443/939/2093 90/940/2094 650/1589/2095
f 1465/1608/2082 1466/1610/2084 650/1589/2095 649/1588/2096
f 1464/1609/2083 1465/1608/2082 649/1588/2096 648/1587/2097
f 251/342/2098 1464/1609/2083 648/1587/2097 46/340/2099
f 250/350/2100 1461/1605/2079 1464/1609/2083 251/342/2098
f 249/348/2087 1458/1602/2076 1461/1605/2079 250/350/2100
f 1467/1614/2101 1468/1615/2102 1471/1616/2103 1470/1617/2104
f 1468/1615/2102 1469/1618/2105 1472/1619/2106 1471/1616/2103
f 1470/1617/2104 1471/1616/2103 1474/1620/2107 1473/1621/2108
f 1471/1616/2103 1472/1619/2106 1475/1622/2109 1474/1620/2107
f 54/956/2110 561/1623/2111 1467/1614/2101 459/957/2112
f 561/1623/2111 562/1624/2113 1468/1615/2102 1467/1614/2101
f 562/1624/2113 563/1625/2114 1469/1618/2105 1468/1615/2102
f 563/1625/2114 92/768/2115 405/770/2116 1469/1618/2105
f 1469/1618/2105 405/770/2116 406/778/2117 1472/1619/2106
f 1472/1619/2106 406/778/2117 407/777/2118 1475/1622/2109
f 1475/1622/2109 407/777/2118 98/594/675 656/1626/2119
f 1474/1620/2107 1475/1622/2109 656/1626/2119 655/1627/2120
f 1473/1621/2108 1474/1620/2107 655/1627/2120 654/1628/2121
f 461/959/2122 1473/1621/2108 654/1628/2121 65/960/2123
f 460/958/2124 1470/1617/2104 1473/1621/2108 461/959/2122
f 459/957/2112 1467/1614/2101 1470/1617/2104 460/958/2124
f 1476/1629/2125 1477/1630/2126 1480/1631/2127 1479/1632/2128
f 1477/1630/2126 1478/1633/2129 1481/1634/2130 1480/1631/2127
f 1479/1632/2128 1480/1631/2127 1483/1635/2131 1482/1636/2132
f 1480/1631/2127 1481/1634/2130 1484/1637/2133 1483/1635/2131
f 62/981/2134 657/1638/2135 1476/1629/2125 471/982/2136
f 657/1638/2135 658/1639/2137 1477/1630/2126 1476/1629/2125
f 658/1639/2137 659/1640/2138 1478/1633/2129 1477/1630/2126
f 659/1640/2138 96/608/2139 402/753/2140 1478/1633/2129
f 1478/1633/2129 402/753/2140 403/758/2141 1481/1634/2130
f 1481/1634/2130 403/758/2141 404/757/2142 1484/1637/2133
f 1484/1637/2133 404/757/2142 97/10/2143 662/1641/2144
f 1483/1635/2131 1484/1637/2133 662/1641/2144 661/1642/2145
f 1482/1636/2132 1483/1635/2131 661/1642/2145 660/1643/2146
f 473/984/2147 1482/1636/2132 660/1643/2146 64/985/2148
f 472/983/2149 1479/1632/2128 1482/1636/2132 473/984/2147
f 471/982/2136 1476/1629/2125 1479/1632/2128 472/983/2149
f 1485/1644/2150 1486/1645/2151 1489/1646/2152 1488/1647/2153
f 1486/1645/2151 1487/1648/2154 1490/1649/2155 1489/1646/2152
f 1488/1647/2153 1489/1646/2152 1492/1650/2156 1491/1651/2157
f 1489/1646/2152 1490/1649/2155 1493/1652/2158 1492/1650/2156
f 65/960/2123 654/1628/2121 1485/1644/2150 494/1027/2159
f 654/1628/2121 655/1627/2120 1486/1645/2151 1485/1644/2150
f 655/1627/2120 656/1626/2119 1487/1648/2154 1486/1645/2151
f 656/1626/2119 98/594/675 362/596/677 1487/1648/2154
f 1487/1648/2154 362/596/677 361/609/690 1490/1649/2155
f 1490/1649/2155 361/609/690 360/607/688 1493/1652/2158
f 1493/1652/2158 360/607/688 96/608/689 659/1640/2160
f 1492/1650/2156 1493/1652/2158 659/1640/2160 658/1639/2161
f 1491/1651/2157 1492/1650/2156 658/1639/2161 657/1638/2162
f 492/1029/2163 1491/1651/2157 657/1638/2162 62/981/2164
f 493/1028/2165 1488/1647/2153 1491/1651/2157 492/1029/2163
f 494/1027/2159 1485/1644/2150 1488/1647/2153 493/1028/2165
f 1494/1653/2166 1495/1654/2167 1498/1655/2168 1497/1656/2169
f 1495/1654/2167 1496/1657/2170 1499/1658/2171 1498/1655/2168
f 1497/1656/2169 1498/1655/2168 1501/1659/2172 1500/1660/2173
f 1498/1655/2168 1499/1658/2171 1502/1661/2174 1501/1659/2172
f 53/1095/2175 519/1093/2176 1494/1653/2166 573/1662/2177
f 519/1093/2176 520/1092/2178 1495/1654/2167 1494/1653/2166
f 520/1092/2178 521/1091/2179 1496/1657/2170 1495/1654/2167
f 521/1091/2179 59/1090/2180 663/1663/2181 1496/1657/2170
f 1496/1657/2170 663/1663/2181 664/1664/2182 1499/1658/2171
f 1499/1658/2171 664/1664/2182 665/1665/2183 1502/1661/2174
f 1502/1661/2174 665/1665/2183 87/235/235 243/324/2184
f 1501/1659/2172 1502/1661/2174 243/324/2184 244/323/2185
f 1500/1660/2173 1501/1659/2172 244/323/2185 245/321/2186
f 575/1666/2187 1500/1660/2173 245/321/2186 91/320/2188
f 574/1667/2189 1497/1656/2169 1500/1660/2173 575/1666/2187
f 573/1662/2177 1494/1653/2166 1497/1656/2169 574/1667/2189
f 1503/1668/2190 1504/1669/2191 1507/1670/2192 1506/1671/2193
f 1504/1669/2191 1505/1672/2194 1508/1673/2195 1507/1670/2192
f 1506/1671/2193 1507/1670/2192 1510/1674/2196 1509/1675/2197
f 1507/1670/2192 1508/1673/2195 1511/1676/2198 1510/1674/2196
f 56/1120/2199 531/1118/2200 1503/1668/2190 666/1677/2201
f 531/1118/2200 532/1117/2202 1504/1669/2191 1503/1668/2190
f 532/1117/2202 533/1116/2203 1505/1672/2194 1504/1669/2191
f 533/1116/2203 58/1115/2204 669/1678/2205 1505/1672/2194
f 1505/1672/2194 669/1678/2205 670/1679/2206 1508/1673/2195
f 1508/1673/2195 670/1679/2206 671/1680/2207 1511/1676/2198
f 1511/1676/2198 671/1680/2207 86/35/2208 236/307/2209
f 1510/1674/2196 1511/1676/2198 236/307/2209 235/306/2210
f 1509/1675/2197 1510/1674/2196 235/306/2210 234/305/2211
f 668/1681/2212 1509/1675/2197 234/305/2211 85/240/2213
f 667/1682/2214 1506/1671/2193 1509/1675/2197 668/1681/2212
f 666/1677/2201 1503/1668/2190 1506/1671/2193 667/1682/2214
f 1512/1683/2215 1513/1684/2216 1516/1685/2217 1515/1686/2218
f 1513/1684/2216 1514/1687/2219 1517/1688/2220 1516/1685/2217
f 1515/1686/2218 1516/1685/2217 1519/1689/2221 1518/1690/2222
f 1516/1685/2217 1517/1688/2220 1520/1691/2223 1519/1689/2221
f 59/1090/2180 551/1161/2224 1512/1683/2215 663/1663/2181
f 551/1161/2224 550/1160/2225 1513/1684/2216 1512/1683/2215
f 550/1160/2225 549/1159/2226 1514/1687/2219 1513/1684/2216
f 549/1159/2226 56/1120/2227 666/1677/2228 1514/1687/2219
f 1514/1687/2219 666/1677/2228 667/1682/2229 1517/1688/2220
f 1517/1688/2220 667/1682/2229 668/1681/2230 1520/1691/2223
f 1520/1691/2223 668/1681/2230 85/240/240 207/239/239
f 1519/1689/2221 1520/1691/2223 207/239/239 208/238/238
f 1518/1690/2222 1519/1689/2221 208/238/238 209/236/236
f 665/1665/2183 1518/1690/2222 209/236/236 87/235/235
f 664/1664/2182 1515/1686/2218 1518/1690/2222 665/1665/2183
f 663/1663/2181 1512/1683/2215 1515/1686/2218 664/1664/2182
f 1521/1692/2231 1522/1693/2232 1525/1694/2233 1524/1695/2234
f 1522/1693/2232 1523/1696/2235 1526/1697/2236 1525/1694/2233
f 1524/1695/2234 1525/1694/2233 1528/1698/2237 1527/1699/2238
f 1525/1694/2233 1526/1697/2236 1529/1700/2239 1528/1698/2237
f 58/1115/2240 584/1236/2241 1521/1692/2231 669/1678/2242
f 584/1236/2241 583/1235/2243 1522/1693/2232 1521/1692/2231
f 583/1235/2243 582/1234/2244 1523/1696/2235 1522/1693/2232
f 582/1234/2244 52/1233/2245 672/1701/2246 1523/1696/2235
f 1523/1696/2235 672/1701/2246 673/1702/2247 1526/1697/2236
f 1526/1697/2236 673/1702/2247 674/1703/2248 1529/1700/2239
f 1529/1700/2239 674/1703/2248 84/40/2249 114/39/2250
f 1528/1698/2237 1529/1700/2239 114/39/2250 115/38/2251
f 1527/1699/2238 1528/1698/2237 115/38/2251 116/36/2252
f 671/1680/2253 1527/1699/2238 116/36/2252 86/35/2254
f 670/1679/2255 1524/1695/2234 1527/1699/2238 671/1680/2253
f 669/1678/2242 1521/1692/2231 1524/1695/2234 670/1679/2255
f 1530/1704/2256 1531/1705/2257 1534/1706/2258 1533/1707/2259
f 1531/1705/2257 1532/1708/2260 1535/1709/2261 1534/1706/2258
f 1533/1707/2259 1534/1706/2258 1537/1710/2262 1536/1711/2263
f 1534/1706/2258 1535/1709/2261 1538/1712/2264 1537/1710/2262
f 64/985/2265 660/1643/2266 1530/1704/2256 590/1247/2267
f 660/1643/2266 661/1642/2268 1531/1705/2257 1530/1704/2256
f 661/1642/2268 662/1641/2269 1532/1708/2260 1531/1705/2257
f 662/1641/2269 97/10/2270 101/12/2271 1532/1708/2260
f 1532/1708/2260 101/12/2271 100/25/2272 1535/1709/2261
f 1535/1709/2261 100/25/2272 99/23/2273 1538/1712/2264
f 1538/1712/2264 99/23/2273 84/24/2274 674/1713/2275
f 1537/1710/2262 1538/1712/2264 674/1713/2275 673/1714/2276
f 1536/1711/2263 1537/1710/2262 673/1714/2276 672/1715/2277
f 588/1249/2278 1536/1711/2263 672/1715/2277 52/1250/2279
f 589/1248/2280 1533/1707/2259 1536/1711/2263 588/1249/2278
f 590/1247/2267 1530/1704/2256 1533/1707/2259 589/1248/2280
